ID_CLIENTE;SAFRA_REF;PROBABILIDADE_INADIMPLENCIA
5058298901476893676;2021-07;0.0019599662965800375
274692171162531764;2021-07;0.009138549311503227
274692171162531764;2021-07;0.010013230244723408
274692171162531764;2021-07;0.010013230244723408
465309249432033993;2021-07;0.0011370593377641462
465309249432033993;2021-07;0.0011370593377641462
465309249432033993;2021-07;0.0008427316144851249
465309249432033993;2021-07;0.0008427316144851249
5883155883105348987;2021-07;0.005333978468604528
5883155883105348987;2021-07;0.0027357011656168823
4489904752023469353;2021-07;0.09531098954818597
3355881107559250653;2021-07;0.00021520089832292652
3355881107559250653;2021-07;0.00024194192518977383
3355881107559250653;2021-07;0.00024305477360695886
3355881107559250653;2021-07;0.0004569853145889839
3355881107559250653;2021-07;0.0004438026815307807
3355881107559250653;2021-07;0.0002390177144278789
3355881107559250653;2021-07;0.00024194192518977383
6330043096034525408;2021-07;0.04122768615469736
6330043096034525408;2021-07;0.045179323094695134
6964108750473070287;2021-07;0.00170616104445144
6964108750473070287;2021-07;0.0013750862508286948
6964108750473070287;2021-07;0.0016884613019292481
6964108750473070287;2021-07;0.0016689301781335913
6964108750473070287;2021-07;0.0016689301781335913
6964108750473070287;2021-07;0.0016884613019292481
6964108750473070287;2021-07;0.0016884613019292481
6964108750473070287;2021-07;0.0016689301781335913
6964108750473070287;2021-07;0.001726127119570139
6964108750473070287;2021-07;0.0016689301781335913
6964108750473070287;2021-07;0.0016884613019292481
6964108750473070287;2021-07;0.001666067807272139
6964108750473070287;2021-07;0.0013645483084108359
6964108750473070287;2021-07;0.0016884613019292481
6964108750473070287;2021-07;0.0016884613019292481
6964108750473070287;2021-07;0.0013750862508286948
4008627434689715639;2021-07;0.192120074451973
4008627434689715639;2021-07;0.22023462710062253
4008627434689715639;2021-07;0.20250760502587337
5757271354816214865;2021-07;0.8073521263700361
5757271354816214865;2021-07;0.8428908550982898
5757271354816214865;2021-07;0.8073521263700361
5757271354816214865;2021-07;0.8073521263700361
5757271354816214865;2021-07;0.8073521263700361
5757271354816214865;2021-07;0.8346194452157003
5757271354816214865;2021-07;0.8073521263700361
5757271354816214865;2021-07;0.8073521263700361
5757271354816214865;2021-07;0.8073521263700361
5757271354816214865;2021-07;0.8179845115185306
5757271354816214865;2021-07;0.8179845115185306
5757271354816214865;2021-07;0.8561664210426753
5757271354816214865;2021-07;0.8179845115185306
5757271354816214865;2021-07;0.8073521263700361
5757271354816214865;2021-07;0.8073521263700361
8909740532547211288;2021-07;0.0011949505630336908
8909740532547211288;2021-07;0.0012301541336893827
8909740532547211288;2021-07;0.0012205043905314506
4045739494965095560;2021-07;0.000994392815785361
4045739494965095560;2021-07;0.000994392815785361
4045739494965095560;2021-07;0.0013647791508443739
6759864637454708017;2021-07;0.005529142116141581
6759864637454708017;2021-07;0.005529142116141581
6759864637454708017;2021-07;0.0048959039927667725
6759864637454708017;2021-07;0.005598041802794736
6759864637454708017;2021-07;0.005820295534660287
6759864637454708017;2021-07;0.005598041802794736
6134696632487351445;2021-07;0.0005942725843565282
6134696632487351445;2021-07;0.0006408346120844917
6134696632487351445;2021-07;0.0005831119333195202
5373371196946859811;2021-07;0.030692810526074487
3095686599956852697;2021-07;0.0011632320432741483
3095686599956852697;2021-07;0.0006151600002605082
3095686599956852697;2021-07;0.0010983801920668877
1616952665234409442;2021-07;0.09400135004860885
1616952665234409442;2021-07;0.09272058048480784
1088521227159442264;2021-07;0.004974447287052783
1088521227159442264;2021-07;0.006784438069055648
1088521227159442264;2021-07;0.004974447287052783
8529899700094903171;2021-07;0.00460815952744561
8529899700094903171;2021-07;0.0035129470565026027
8529899700094903171;2021-07;0.004843684833839048
8529899700094903171;2021-07;0.004843684833839048
8529899700094903171;2021-07;0.00460815952744561
8529899700094903171;2021-07;0.004525539900769306
8529899700094903171;2021-07;0.004525539900769306
499242942549937267;2021-07;0.025881517057222067
499242942549937267;2021-07;0.12976647424286722
499242942549937267;2021-07;0.12976647424286722
499242942549937267;2021-07;0.045850621526386706
499242942549937267;2021-07;0.045850621526386706
499242942549937267;2021-07;0.025881517057222067
499242942549937267;2021-07;0.045850621526386706
499242942549937267;2021-07;0.027894022073630495
499242942549937267;2021-07;0.024456831692759192
5897410907783139228;2021-07;0.000496881858121734
5897410907783139228;2021-07;0.000508058384013228
5897410907783139228;2021-07;0.000496881858121734
5897410907783139228;2021-07;0.0004908778501817773
2083323809219952960;2021-07;0.0028693955454763332
2083323809219952960;2021-07;0.0013372816498942513
2083323809219952960;2021-07;0.0013372816498942513
2083323809219952960;2021-07;0.0013372816498942513
2083323809219952960;2021-07;0.001691770974391486
2083323809219952960;2021-07;0.0021425341394305545
2083323809219952960;2021-07;0.0014877298926287245
2083323809219952960;2021-07;0.030950753779999257
2083323809219952960;2021-07;0.028363052833434925
2083323809219952960;2021-07;0.005466065090028065
1953058402621337677;2021-07;0.0012769350385505615
1953058402621337677;2021-07;0.0012510157528302522
1953058402621337677;2021-07;0.001105383728231592
1953058402621337677;2021-07;0.0029393408851068033
3408536439470975134;2021-07;0.00017283450813425588
3408536439470975134;2021-07;0.00017283450813425588
3408536439470975134;2021-07;0.00017283450813425588
3408536439470975134;2021-07;0.000167608117876233
5687511145009775604;2021-07;0.02920906159579313
5687511145009775604;2021-07;0.8210289868319302
7485107528960607346;2021-07;0.00919577097111221
7485107528960607346;2021-07;0.03566502161578146
531805620371082364;2021-07;0.004660111556915881
5761480994209806499;2021-07;0.0005832364392436279
5761480994209806499;2021-07;0.00047217062661842485
5761480994209806499;2021-07;0.00048820199410542695
5761480994209806499;2021-07;0.00047217062661842485
5761480994209806499;2021-07;0.0005614177968674227
5761480994209806499;2021-07;0.00047217062661842485
5761480994209806499;2021-07;0.0005614177968674227
5761480994209806499;2021-07;0.0005071766604421479
5761480994209806499;2021-07;0.00016167535491013789
5761480994209806499;2021-07;0.0005102717885409311
5761480994209806499;2021-07;0.00036946485398047305
5761480994209806499;2021-07;0.0005614177968674227
5761480994209806499;2021-07;0.000260190882672588
5761480994209806499;2021-07;0.0001447380661033503
5761480994209806499;2021-07;0.00048820199410542695
5761480994209806499;2021-07;0.0005614177968674227
4762256864594914240;2021-07;0.0036090603915724774
8570963260597299378;2021-07;6.925497956374224e-05
5974858472822751652;2021-07;0.0010917573457913177
3421433989501830226;2021-07;0.8648914868835936
4327694790333781288;2021-07;0.00015225147895777782
4327694790333781288;2021-07;0.00011158122818642446
8173830874846355280;2021-07;0.00023325324105685847
8173830874846355280;2021-07;0.00023325324105685847
8173830874846355280;2021-07;0.00025363802805055427
8173830874846355280;2021-07;0.00025363802805055427
8173830874846355280;2021-07;0.00025363802805055427
8173830874846355280;2021-07;0.00025363802805055427
8173830874846355280;2021-07;0.00023325324105685847
8173830874846355280;2021-07;0.00024879276795437214
8173830874846355280;2021-07;0.0002805799405114131
8173830874846355280;2021-07;0.00023325324105685847
2347028805684088098;2021-07;0.00019748303779606208
3632378524835692731;2021-07;0.0002979609106989866
3632378524835692731;2021-07;0.0002979609106989866
3632378524835692731;2021-07;0.0002979609106989866
2033394215069562776;2021-07;0.007880897063694188
2033394215069562776;2021-07;0.010137949713996513
2033394215069562776;2021-07;0.010137949713996513
2033394215069562776;2021-07;0.010137949713996513
3285246914299291124;2021-07;0.0004682849667858526
3285246914299291124;2021-07;0.00035884091074024643
3285246914299291124;2021-07;0.0004772489011073304
3285246914299291124;2021-07;0.0004772489011073304
2929243640075785940;2021-07;0.0012071976809290307
2929243640075785940;2021-07;0.0012918089300776197
2929243640075785940;2021-07;0.0014588636034966818
2929243640075785940;2021-07;0.0012918089300776197
2929243640075785940;2021-07;0.0018528945276401268
2407532237672094312;2021-07;0.014794467194435449
2407532237672094312;2021-07;0.011769304020622009
2407532237672094312;2021-07;0.011775191702321955
5635781225931111684;2021-07;0.0025852076978940927
5635781225931111684;2021-07;0.003226566696795474
1235244772550233980;2021-07;0.0015917632270975447
1235244772550233980;2021-07;0.0008334927832668073
1235244772550233980;2021-07;0.001610194617203616
4365965554261111250;2021-07;0.04524359152868123
5162636608292907782;2021-07;0.030082135053060875
8248484932270772248;2021-07;0.05225185110719846
924957821424248698;2021-07;0.00028580252432860314
924957821424248698;2021-07;0.0003086296291982048
924957821424248698;2021-07;0.0003086296291982048
6828316696355015040;2021-07;0.0015008386012725122
8409181491723988567;2021-07;0.0011296574399901923
8409181491723988567;2021-07;0.002703101786803846
8409181491723988567;2021-07;0.02029004977006986
8409181491723988567;2021-07;0.002703101786803846
4532469127306079736;2021-07;0.0013220367944618472
7664272163315705419;2021-07;0.004426419824256527
7664272163315705419;2021-07;0.0018940159675261308
9206030810342980458;2021-07;0.0005886717825172415
9206030810342980458;2021-07;0.0005645696264401871
9206030810342980458;2021-07;0.0005676678472616885
5810778736737569699;2021-07;0.011222216400549644
5810778736737569699;2021-07;0.01082312709783807
1366416810235233769;2021-07;0.0005781103023190735
1366416810235233769;2021-07;0.0005968155715470138
1366416810235233769;2021-07;0.0005113761535855027
1366416810235233769;2021-07;0.015375434418941736
1366416810235233769;2021-07;0.0005968155715470138
1366416810235233769;2021-07;0.0005968155715470138
8067924767167570288;2021-07;0.003938800763961207
7908414709866823255;2021-07;0.003868235502934472
7908414709866823255;2021-07;0.004091144796060833
7908414709866823255;2021-07;0.0036064206486728285
7908414709866823255;2021-07;0.0036064206486728285
8994944800097997361;2021-07;0.003381268569024634
8994944800097997361;2021-07;0.003082450237151962
6950439982480713649;2021-07;0.06301478957616159
6950439982480713649;2021-07;0.06402811432839438
8901696535927078963;2021-07;0.002513410743017888
8901696535927078963;2021-07;0.002456395455459016
8901696535927078963;2021-07;0.002513410743017888
8901696535927078963;2021-07;0.005225141271098803
8901696535927078963;2021-07;0.0027903006167278106
8901696535927078963;2021-07;0.0030145354573310706
8901696535927078963;2021-07;0.0023946552812432395
6204723742351094322;2021-07;0.010165509228540547
3095408468798675621;2021-07;0.00034541259273012314
3095408468798675621;2021-07;0.0003916189135659797
7722287846688771887;2021-07;0.0023613192193014543
312543480920432545;2021-07;0.043954396614917644
312543480920432545;2021-07;0.0001490808312124088
312543480920432545;2021-07;0.00015615049668016474
6394935036014530592;2021-07;0.0013589081842375057
6394935036014530592;2021-07;0.0017053925676206996
3281617395243454427;2021-07;0.015603310131423059
1115703227712697214;2021-07;0.0026377740020270698
1115703227712697214;2021-07;0.0027666274766718684
8185063234515056194;2021-07;0.0008580228182932494
8185063234515056194;2021-07;0.0009475543743837921
8185063234515056194;2021-07;0.0008705459229607767
8185063234515056194;2021-07;0.0008685135348152615
8185063234515056194;2021-07;0.0008873339320565935
7492389223353246125;2021-07;0.03569393127884737
7492389223353246125;2021-07;0.3039037185105272
7492389223353246125;2021-07;0.049250977259513135
6217788509719675691;2021-07;0.005456895966836287
6217788509719675691;2021-07;0.0016221611240992571
8716163053080758848;2021-07;0.0008662314456415052
8716163053080758848;2021-07;0.0009034179607180514
8716163053080758848;2021-07;0.0008848036325670533
8716163053080758848;2021-07;0.000943349890941062
8716163053080758848;2021-07;0.0009034179607180514
8716163053080758848;2021-07;0.0015321286414344579
324916756972236008;2021-07;0.0015745595681822932
324916756972236008;2021-07;0.0960612522527679
324916756972236008;2021-07;0.0013172225699556494
324916756972236008;2021-07;0.0014987115885427256
324916756972236008;2021-07;0.0013643082388800696
324916756972236008;2021-07;0.0012558221973804986
7269781193318890653;2021-07;0.0005093523162049767
7269781193318890653;2021-07;0.0005622058292997298
6784879562354696650;2021-07;0.0033135499296110685
8229446069655666941;2021-07;0.8762376595753316
8229446069655666941;2021-07;0.009455697654790126
4972567100282306577;2021-07;0.004242103081035405
5864443060004179363;2021-07;0.0006863695668321459
5864443060004179363;2021-07;0.0006002988396759967
5864443060004179363;2021-07;0.004656080929334717
5864443060004179363;2021-07;0.0005555403760731291
5864443060004179363;2021-07;0.0006863695668321459
2439954154030259398;2021-07;0.00111202625775906
8623308321032624474;2021-07;0.040745890194402855
8623308321032624474;2021-07;0.5358564789400455
8623308321032624474;2021-07;0.0398242509215378
4524147234488547993;2021-07;0.0032723312818605205
4524147234488547993;2021-07;0.005332007781315699
4524147234488547993;2021-07;0.005346902448230039
6987942592445950913;2021-07;0.0005497919943190995
6987942592445950913;2021-07;0.0006018239330854123
6987942592445950913;2021-07;0.0005868731554333479
6987942592445950913;2021-07;0.0005868731554333479
8684964138237894839;2021-07;0.0069742721930633675
6582676833651678345;2021-07;0.00037101074095089874
6582676833651678345;2021-07;0.0002810727604641449
6582676833651678345;2021-07;0.00027341763384711686
6582676833651678345;2021-07;0.00037101074095089874
6582676833651678345;2021-07;0.00037101074095089874
6582676833651678345;2021-07;0.0004034242752677555
6582676833651678345;2021-07;0.00029255826323874515
6582676833651678345;2021-07;0.00027341763384711686
1036256411320325774;2021-07;0.0014281149586309989
1036256411320325774;2021-07;0.004634841130670134
968199235777440720;2021-07;0.0012765800634943554
968199235777440720;2021-07;0.0014992351877663606
968199235777440720;2021-07;0.0014992351877663606
968199235777440720;2021-07;0.0014120269207101661
968199235777440720;2021-07;0.001009345310564934
968199235777440720;2021-07;0.0012765800634943554
968199235777440720;2021-07;0.0012765800634943554
968199235777440720;2021-07;0.001009345310564934
6916556752218696485;2021-07;0.0014855480069373994
6916556752218696485;2021-07;0.0006025643023183272
6916556752218696485;2021-07;0.0005909830799785711
6916556752218696485;2021-07;0.0005936245630063897
6916556752218696485;2021-07;0.0006692779701280801
6916556752218696485;2021-07;0.0006169015705203281
6916556752218696485;2021-07;0.000621550408324069
6916556752218696485;2021-07;0.0006169015705203281
6916556752218696485;2021-07;0.001550638174940845
6916556752218696485;2021-07;0.0006300407255535465
6916556752218696485;2021-07;0.0005936245630063897
6916556752218696485;2021-07;0.0006300407255535465
6030285068945261052;2021-07;0.0005554127547236845
6030285068945261052;2021-07;0.0006767156322826784
6030285068945261052;2021-07;0.0076935038862518445
6030285068945261052;2021-07;0.0005794535131826534
6030285068945261052;2021-07;0.0005544385991264763
8463871205935856285;2021-07;0.006938250471753161
4071158585850879204;2021-07;0.04392251065081603
4071158585850879204;2021-07;0.03900832189496201
4071158585850879204;2021-07;0.47438452893427624
3218226066162129945;2021-07;0.0050285251768579136
4679462479444735708;2021-07;0.0011857193320495938
4679462479444735708;2021-07;0.0011857193320495938
4679462479444735708;2021-07;0.001463894535555051
4679462479444735708;2021-07;0.0010004132885601776
4679462479444735708;2021-07;0.001463894535555051
4679462479444735708;2021-07;0.0015346826168573303
4724876423989598202;2021-07;0.001343674194813275
4724876423989598202;2021-07;0.0008879236084187316
4724876423989598202;2021-07;0.0005245151805983988
2128970218770090704;2021-07;0.032469252236910474
2128970218770090704;2021-07;0.0017956641233742659
2128970218770090704;2021-07;0.001959017644760604
1003144834589372198;2021-07;0.0006048558520625054
1003144834589372198;2021-07;0.0006048558520625054
9127318190908282126;2021-07;0.0005143151227607957
9127318190908282126;2021-07;0.0005143151227607957
8163895533020293251;2021-07;0.5799745590659587
8163895533020293251;2021-07;0.6189205182356717
8163895533020293251;2021-07;0.5803222188019397
5794903898038236832;2021-07;0.034827872546370514
5794903898038236832;2021-07;0.03579779587397318
3960251564708868781;2021-07;0.0017088800306308606
3960251564708868781;2021-07;0.0010865113495088187
3960251564708868781;2021-07;0.001668095168702129
3960251564708868781;2021-07;0.0010429530409945536
3960251564708868781;2021-07;0.001668095168702129
5888474320320735000;2021-07;0.6331465005063018
5888474320320735000;2021-07;0.7616980912084128
5888474320320735000;2021-07;0.6400111469117832
761746217261797478;2021-07;0.000654673877806442
761746217261797478;2021-07;0.0012301294128045012
1507697130807703164;2021-07;0.0002891277545925521
9184785003280841216;2021-07;0.0034671055468046756
9184785003280841216;2021-07;0.0034671055468046756
9184785003280841216;2021-07;0.0035860796090086263
1182975716201409626;2021-07;0.0007014512845184285
1182975716201409626;2021-07;0.047726918020856025
1182975716201409626;2021-07;0.0009708757652592849
1182975716201409626;2021-07;0.0009689957316169174
1182975716201409626;2021-07;0.0009633767260312797
5369576709077493659;2021-07;0.011001457314842984
3472934456083131714;2021-07;0.0009951018898515325
717981637594591016;2021-07;0.00024369677959528246
717981637594591016;2021-07;0.007882848909059442
717981637594591016;2021-07;0.00036671310042851306
717981637594591016;2021-07;0.0002569069585093223
8255085612985072878;2021-07;0.0005316392451446458
8255085612985072878;2021-07;0.0005316392451446458
7751080728852739823;2021-07;0.0017875046243619192
7751080728852739823;2021-07;0.08707182252317697
4347826483121154490;2021-07;0.001138419995384505
4347826483121154490;2021-07;0.0005943668185319729
4347826483121154490;2021-07;0.000719871858072732
4347826483121154490;2021-07;0.0005569002502212031
4347826483121154490;2021-07;0.0014245838506209288
4347826483121154490;2021-07;0.0020021163823996
4347826483121154490;2021-07;0.0005943668185319729
4347826483121154490;2021-07;0.001012800988228117
4347826483121154490;2021-07;0.0005839245140206336
2214132103234633622;2021-07;0.0015221431027097859
2214132103234633622;2021-07;0.0013939226475359922
2214132103234633622;2021-07;0.0013939226475359922
2214132103234633622;2021-07;0.0020211072561488225
2214132103234633622;2021-07;0.0020211072561488225
410843023337872279;2021-07;0.001457811323599285
2022367282554149730;2021-07;0.0009890410012288605
2022367282554149730;2021-07;0.0009558427561915352
7637066986811047950;2021-07;0.00344774028684922
7637066986811047950;2021-07;0.00344774028684922
7637066986811047950;2021-07;0.00344774028684922
86110062990790869;2021-07;0.013262146254042362
5304536516981778801;2021-07;0.0009103823160366343
5304536516981778801;2021-07;0.0009103823160366343
5304536516981778801;2021-07;0.00099996099041564
3829967475074118757;2021-07;0.6031182135486254
3829967475074118757;2021-07;0.6922984438472467
7444686668183702737;2021-07;0.0005128085717613312
7444686668183702737;2021-07;0.00048597002307353756
682352428813668634;2021-07;0.00401847444751197
682352428813668634;2021-07;0.0039466257884951915
682352428813668634;2021-07;0.0035513107839438614
682352428813668634;2021-07;0.00401847444751197
682352428813668634;2021-07;0.004437487204106311
682352428813668634;2021-07;0.004249330611306804
7613717984547031729;2021-07;0.0006771894055953114
7910340581026492945;2021-07;0.0012229001739858358
7910340581026492945;2021-07;0.0012198584638904593
7910340581026492945;2021-07;0.1557941884324202
6352592240901579272;2021-07;0.0009505381937675541
5574997762710520717;2021-07;0.0010459261397129745
5574997762710520717;2021-07;0.0004649442939972971
8939476669690489534;2021-07;0.0039636214238687245
107343823625119033;2021-07;0.0015346552184195327
6349142675790687765;2021-07;0.4157901578140942
6349142675790687765;2021-07;0.446283961103165
6349142675790687765;2021-07;0.4346482122077927
5067621068959932809;2021-07;0.021590479952464013
5067621068959932809;2021-07;0.07398105496511644
5067621068959932809;2021-07;0.021590479952464013
5067621068959932809;2021-07;0.02309449471752348
5067621068959932809;2021-07;0.023594759214674427
2397171153213063761;2021-07;0.0008614948013787807
2397171153213063761;2021-07;0.0008486971340306729
2397171153213063761;2021-07;0.001435027157589797
2397171153213063761;2021-07;0.000917299424515168
2397171153213063761;2021-07;0.0008614948013787807
8195468623809753777;2021-07;0.0007195112020254387
8195468623809753777;2021-07;0.0011984282476435956
8195468623809753777;2021-07;0.0010328496187130517
8195468623809753777;2021-07;0.0008274734448232694
6271697692808086495;2021-07;0.004537397422581444
5176940320835464459;2021-07;0.0007799629467057779
5176940320835464459;2021-07;0.0008361081765243135
5176940320835464459;2021-07;0.0012848510115068116
5176940320835464459;2021-07;0.0006826648828991293
5176940320835464459;2021-07;0.0007354373624443836
5176940320835464459;2021-07;0.0006826648828991293
5176940320835464459;2021-07;0.0007354373624443836
4342146186255136598;2021-07;0.0004155180855855658
4342146186255136598;2021-07;0.0004211232453420702
4342146186255136598;2021-07;0.012211330433715898
4795152981525833467;2021-07;0.0014932398858261396
4795152981525833467;2021-07;0.0031480451755820744
4795152981525833467;2021-07;0.0031480451755820744
4795152981525833467;2021-07;0.002074487431514232
4795152981525833467;2021-07;0.0020736297703341585
5714540197488862003;2021-07;0.1730432490986682
5714540197488862003;2021-07;0.8638325495023844
5714540197488862003;2021-07;0.11704483103273082
6012031176108922616;2021-07;0.004454310168764687
1998941557906036376;2021-07;0.016841559971778754
5558533999208199371;2021-07;0.7098968251872148
8464809590757561185;2021-07;0.0010740134295453632
8464809590757561185;2021-07;0.0009542742033247062
8464809590757561185;2021-07;0.0008341379608920903
8464809590757561185;2021-07;0.0010539662440599712
6721448955097663572;2021-07;0.003829145610806016
6721448955097663572;2021-07;0.0041686356911681405
6721448955097663572;2021-07;0.0038525432000260642
5225029212547588718;2021-07;0.005850664759853671
5225029212547588718;2021-07;0.006727027773291606
5225029212547588718;2021-07;0.006944995867231177
8926565682509268383;2021-07;0.0009499446283829237
8926565682509268383;2021-07;0.0009499446283829237
8926565682509268383;2021-07;0.0009499446283829237
8926565682509268383;2021-07;0.0009384712350467055
8926565682509268383;2021-07;0.0008896299061760092
8926565682509268383;2021-07;0.0009322238829431126
8926565682509268383;2021-07;0.000920964322761743
2983174282784691273;2021-07;0.0027605335814537614
2983174282784691273;2021-07;0.12591950988848605
8536031856585966123;2021-07;0.019107641274098034
8536031856585966123;2021-07;0.01878303791721511
8536031856585966123;2021-07;0.49840631000786917
8536031856585966123;2021-07;0.5155720632168187
8536031856585966123;2021-07;0.3491005460661397
7696655736121386405;2021-07;0.007596482448840571
7696655736121386405;2021-07;0.00879987947835945
7750874287225529604;2021-07;0.005670291204839302
7750874287225529604;2021-07;0.005266680302981245
7750874287225529604;2021-07;0.00975595417892203
8013668117699219722;2021-07;0.0067048900580552115
7289435138601868544;2021-07;0.004388565055068751
7289435138601868544;2021-07;0.0018550053534834604
7289435138601868544;2021-07;0.001943711906147489
5042877476420217533;2021-07;0.0011200305298312253
5042877476420217533;2021-07;0.0008338506122342808
1299146298565441811;2021-07;0.0030188111705142075
8376902089871279815;2021-07;0.0006040362695753135
8376902089871279815;2021-07;0.0007487407168575228
8376902089871279815;2021-07;0.0006988662098680762
3997247264680905799;2021-07;0.0006274391211659898
3997247264680905799;2021-07;0.0006274391211659898
5029701292539093910;2021-07;0.029286035091035122
8733525963966339207;2021-07;0.340603622754053
8733525963966339207;2021-07;0.33463101205371104
8733525963966339207;2021-07;0.32091009251782854
1454789421854453615;2021-07;0.009580706203642327
1454789421854453615;2021-07;0.006153372598713652
1454789421854453615;2021-07;0.00914213384714017
1454789421854453615;2021-07;0.006453247685698334
209477776078372134;2021-07;0.00040714920226698456
209477776078372134;2021-07;0.00040714920226698456
209477776078372134;2021-07;0.00038276497375496144
209477776078372134;2021-07;0.0002945669575455539
3156852928909455203;2021-07;0.00383759559186543
3156852928909455203;2021-07;0.00383759559186543
7590999900861381526;2021-07;0.047467563910461315
4556737702757145073;2021-07;0.0015414669341562005
6545052034269841737;2021-07;0.0011197147546761254
6545052034269841737;2021-07;0.000809119256298128
6545052034269841737;2021-07;0.06870057519804168
6545052034269841737;2021-07;0.0008668551339568629
6545052034269841737;2021-07;0.0009389189011655754
6545052034269841737;2021-07;0.0009762677319845096
3571198145319411787;2021-07;0.0006644800126069352
3571198145319411787;2021-07;0.0006644800126069352
3571198145319411787;2021-07;0.001133206252765414
3571198145319411787;2021-07;0.0005273743773854414
8874257794774679816;2021-07;0.0003946097387152421
2634859679238614382;2021-07;0.0013334111055621964
2634859679238614382;2021-07;0.0017398500268126524
2634859679238614382;2021-07;0.0014808999722828028
2634859679238614382;2021-07;0.0014989949436402495
2634859679238614382;2021-07;0.0013497063609219891
2634859679238614382;2021-07;0.0014808999722828028
2678966409665050034;2021-07;0.0005093115744224071
2678966409665050034;2021-07;0.0005071899349285736
2678966409665050034;2021-07;0.0005093115744224071
2678966409665050034;2021-07;0.0005093115744224071
2250817603281429928;2021-07;0.0002262408480909907
2106875407768047316;2021-07;0.0004711301670705572
7458891296671174680;2021-07;0.1626671622001802
8213533889694327948;2021-07;0.0005602693823044455
8213533889694327948;2021-07;0.0005602693823044455
8213533889694327948;2021-07;0.0005602693823044455
6471448246085839373;2021-07;0.0005519664446428732
2532435113844289043;2021-07;0.0004072075926377387
2532435113844289043;2021-07;0.0006116105963306843
2532435113844289043;2021-07;0.0006116105963306843
2532435113844289043;2021-07;0.0006116105963306843
2532435113844289043;2021-07;0.00029351246824077233
2532435113844289043;2021-07;0.0004072075926377387
2532435113844289043;2021-07;0.0006230658421354886
2532435113844289043;2021-07;0.0004072075926377387
2532435113844289043;2021-07;0.0006116105963306843
2532435113844289043;2021-07;0.00029351246824077233
2532435113844289043;2021-07;0.00029351246824077233
3137879241768961145;2021-07;0.0003689406083545724
3137879241768961145;2021-07;0.0003811901963950406
3118152790263512426;2021-07;0.0017729205146142756
3118152790263512426;2021-07;0.002133330773790179
903093877129717133;2021-07;0.0008564750418014239
903093877129717133;2021-07;0.0008414316905674643
2645324649046215594;2021-07;0.0004380626186124251
2645324649046215594;2021-07;0.00044069345385454415
2645324649046215594;2021-07;0.00042301749955542717
621182491555347581;2021-07;0.011386824984266918
621182491555347581;2021-07;0.013213455148726277
8706851346184249504;2021-07;0.0009401886124539347
1343530446996409207;2021-07;0.0012105793844639822
1343530446996409207;2021-07;0.0013866874303539345
3977861004707764824;2021-07;0.0031955419585974697
3977861004707764824;2021-07;0.004152244997621273
3977861004707764824;2021-07;0.0044767209080734845
3977861004707764824;2021-07;0.004152244997621273
3977861004707764824;2021-07;0.004531255405784166
1156053485989336481;2021-07;0.018796752756028195
1156053485989336481;2021-07;0.020112186729095774
1156053485989336481;2021-07;0.8643775114220839
1156053485989336481;2021-07;0.020112186729095774
1156053485989336481;2021-07;0.020112186729095774
1156053485989336481;2021-07;0.018796752756028195
1156053485989336481;2021-07;0.020112186729095774
1118514612547157551;2021-07;0.03788378409446374
1118514612547157551;2021-07;0.03678845899956152
6817075905797098547;2021-07;0.012158061791721885
7930925883736021864;2021-07;0.0004941920694664838
7930925883736021864;2021-07;0.00016262634675837784
7930925883736021864;2021-07;0.00018953816962340674
7930925883736021864;2021-07;0.00018953816962340674
7930925883736021864;2021-07;0.0006290436028941685
7930925883736021864;2021-07;0.00018953816962340674
7930925883736021864;2021-07;0.00018724721382645348
2451708306555441014;2021-07;0.0028889255559133974
7442192566700924647;2021-07;0.00015970358801172796
7442192566700924647;2021-07;0.00930505713138844
7442192566700924647;2021-07;0.00014201973354364725
7442192566700924647;2021-07;0.00013855793363743728
2988042199057874759;2021-07;0.0016880878561552602
3634047863995720708;2021-07;0.0017538651208715724
7085295800541340563;2021-07;0.001420148297612045
7085295800541340563;2021-07;0.004687525989065952
7085295800541340563;2021-07;0.0013005103973864865
4335865859049992260;2021-07;0.12564100383771412
4335865859049992260;2021-07;0.0011645474481005414
2290083177086946553;2021-07;0.005079470095052243
2290083177086946553;2021-07;0.005079470095052243
2290083177086946553;2021-07;0.0050219082732297785
7177785309735471560;2021-07;0.0004562350819588555
7177785309735471560;2021-07;0.0004802185734062697
5477523784812182605;2021-07;0.877138462061208
5477523784812182605;2021-07;0.7564423223618297
8961924617442201922;2021-07;0.0005163564781272967
7595945751692012281;2021-07;0.0016733517480907823
2333404192508932057;2021-07;0.003172848440767185
2333404192508932057;2021-07;0.003381560338219795
2333404192508932057;2021-07;0.003498029555075495
4593070249039532001;2021-07;0.008322500091490685
6053752047545474051;2021-07;0.0020673372718578507
6053752047545474051;2021-07;0.002141245459416188
6053752047545474051;2021-07;0.0022043262684639394
6053752047545474051;2021-07;0.002141245459416188
6053752047545474051;2021-07;0.002303105607698899
6053752047545474051;2021-07;0.0021937645055693645
6053752047545474051;2021-07;0.002303105607698899
6091519986999196884;2021-07;0.0005229917444085694
6091519986999196884;2021-07;0.000799297125573803
7535160686416710323;2021-07;0.001867415829682806
3036967290595689189;2021-07;0.00031908914950810397
5999145415800242177;2021-07;0.0029077089444048848
5999145415800242177;2021-07;0.003776991749284956
7930644815080409701;2021-07;0.005000791041164087
510795635145114083;2021-07;0.010478575401150879
510795635145114083;2021-07;0.004427625172607831
510795635145114083;2021-07;0.004424817912406247
510795635145114083;2021-07;0.00451396642176358
510795635145114083;2021-07;0.010157257330485935
187117706370645370;2021-07;0.04808307157617781
187117706370645370;2021-07;0.013854120522508916
187117706370645370;2021-07;0.04569549163022632
5462970244186515758;2021-07;0.0003166019720460734
5462970244186515758;2021-07;0.0003084147567360101
4769364850030443969;2021-07;0.02810414865803099
4769364850030443969;2021-07;0.02810414865803099
4769364850030443969;2021-07;0.02811135720777187
5726178124659661019;2021-07;0.0024883010371546973
5726178124659661019;2021-07;0.0024826694417965974
5726178124659661019;2021-07;0.0004623170099695278
5726178124659661019;2021-07;0.0004623170099695278
5726178124659661019;2021-07;0.00043484618030733977
5726178124659661019;2021-07;0.04761174861167395
5726178124659661019;2021-07;0.002561340406423523
5726178124659661019;2021-07;0.0004623170099695278
5726178124659661019;2021-07;0.0004623170099695278
5726178124659661019;2021-07;0.00047052000703850003
5726178124659661019;2021-07;0.0005161928985180593
5726178124659661019;2021-07;0.00048731040393985316
5726178124659661019;2021-07;0.00048731040393985316
5726178124659661019;2021-07;0.00047052000703850003
5726178124659661019;2021-07;0.0005161928985180593
5726178124659661019;2021-07;0.0004623170099695278
5726178124659661019;2021-07;0.00043484618030733977
5726178124659661019;2021-07;0.00048731040393985316
1141681690629134039;2021-07;0.002667784792802098
4095739077267179172;2021-07;0.01232373805627551
4095739077267179172;2021-07;0.010380297004256266
4095739077267179172;2021-07;0.011422302102743935
1551531256789550891;2021-07;0.0004231261277246567
1551531256789550891;2021-07;0.0009184518404507446
1551531256789550891;2021-07;0.0007652181918788805
9108733472015251498;2021-07;0.0002167048862909057
851897122328714307;2021-07;0.0005080059409060057
6795467882769787169;2021-07;0.0011847620196233167
5856610998569876318;2021-07;0.0008136714215920168
3093415403379897112;2021-07;0.0005698776069782081
6061850657256270336;2021-07;0.0018789549719779163
6061850657256270336;2021-07;0.0017440810544796395
165658847908185334;2021-07;0.00838708439071046
4850722092974676955;2021-07;0.007484021487499875
4850722092974676955;2021-07;0.003947020397719002
3140918607946425426;2021-07;0.0012812959059470247
7398738404146260251;2021-07;0.0002567134637237522
4863405965754103821;2021-07;0.015105856939614592
4863405965754103821;2021-07;0.012671634179952176
4863405965754103821;2021-07;0.009397475754449644
4863405965754103821;2021-07;0.009397475754449644
4863405965754103821;2021-07;0.013577312578603262
4863405965754103821;2021-07;0.013577312578603262
4863405965754103821;2021-07;0.01046044096432997
4863405965754103821;2021-07;0.01046044096432997
4863405965754103821;2021-07;0.01046044096432997
968400235888951633;2021-07;0.0008085841482233052
798425422240919854;2021-07;0.00031108796269399173
1308019675417057675;2021-07;0.001860166307035795
1308019675417057675;2021-07;0.001860166307035795
6238903426443761049;2021-07;0.003703162609907164
6238903426443761049;2021-07;0.004163402504263867
6238903426443761049;2021-07;0.0038520398175919362
4465150716052427320;2021-07;0.0021046450335166543
4465150716052427320;2021-07;0.0016975288100109544
1033361676287635885;2021-07;0.009054689643516701
1033361676287635885;2021-07;0.009054689643516701
1033361676287635885;2021-07;0.009054689643516701
652740132671309295;2021-07;0.027340010802150372
652740132671309295;2021-07;0.017792023603995632
652740132671309295;2021-07;0.020407209526204666
8004521604421988528;2021-07;0.026536733008584838
8004521604421988528;2021-07;0.026536733008584838
4717717003637613480;2021-07;0.001470126119161112
8348574220426911086;2021-07;0.0026044210287750557
5301988619224057921;2021-07;0.41177624745287605
5301988619224057921;2021-07;0.3815963962174275
5301988619224057921;2021-07;0.41090590375784203
5301988619224057921;2021-07;0.37848382536288966
5301988619224057921;2021-07;0.40921606270427596
5301988619224057921;2021-07;0.37848382536288966
8350724667410677464;2021-07;0.005962614750037745
8350724667410677464;2021-07;0.006032379515819128
7457803471605010846;2021-07;0.0008769809686437678
7457803471605010846;2021-07;0.0008866224439575825
1430896989654626045;2021-07;0.002198437876785755
1430896989654626045;2021-07;0.002198437876785755
1430896989654626045;2021-07;0.002198437876785755
2554972344348383830;2021-07;0.0011499100501258944
2554972344348383830;2021-07;0.0011499100501258944
2819054834565698513;2021-07;0.005030590224859419
2819054834565698513;2021-07;0.003184138911749929
8843432852270832388;2021-07;0.000698498840037061
2943087245123311166;2021-07;0.005044422080378658
2943087245123311166;2021-07;0.14532700466834678
2943087245123311166;2021-07;0.004587989167172402
2943087245123311166;2021-07;0.005044422080378658
8826489829259520138;2021-07;0.0001736231205671285
8826489829259520138;2021-07;0.00016835651926316842
8826489829259520138;2021-07;0.00015985904627354203
8826489829259520138;2021-07;0.00015369053086655216
8535586342375301953;2021-07;0.00272776518890621
1661240395903230676;2021-07;0.04658901908541616
1661240395903230676;2021-07;0.06424267342166122
1661240395903230676;2021-07;0.095512851316166
1661240395903230676;2021-07;0.04935599218932489
8049805689946244047;2021-07;0.0028928761245336143
1276604410881911401;2021-07;0.017586782975361294
1276604410881911401;2021-07;0.017670090712634107
1276604410881911401;2021-07;0.020439493117831706
1276604410881911401;2021-07;0.020439493117831706
1276604410881911401;2021-07;0.022537863231121637
1276604410881911401;2021-07;0.019489803807719357
1276604410881911401;2021-07;0.020439493117831706
1276604410881911401;2021-07;0.017586782975361294
1276604410881911401;2021-07;0.14790575113045792
1276604410881911401;2021-07;0.21971124269331574
5432443358006556295;2021-07;0.0039253613560103345
5432443358006556295;2021-07;0.007407485994334358
8603678028264007695;2021-07;0.002671849045674387
8603678028264007695;2021-07;0.002671849045674387
5511113649464808344;2021-07;0.5020090813481237
5511113649464808344;2021-07;0.14911352529433555
5511113649464808344;2021-07;0.14911352529433555
3263212305228307743;2021-07;0.0004165529387060862
3263212305228307743;2021-07;0.00029829757781256385
3263212305228307743;2021-07;0.0002877690752742579
3263212305228307743;2021-07;0.0002845111139831651
170089315547146305;2021-07;0.015783653049459584
170089315547146305;2021-07;0.018782116215611683
170089315547146305;2021-07;0.027769443530288387
170089315547146305;2021-07;0.019025414323259996
4740535838297269949;2021-07;0.00041404903238254667
4740535838297269949;2021-07;0.00046085871130248433
4740535838297269949;2021-07;0.0023289642515284146
4740535838297269949;2021-07;0.00046085871130248433
4740535838297269949;2021-07;0.0020560933950781865
4740535838297269949;2021-07;0.0004067734033827377
7970976988071755401;2021-07;0.035251641438566524
7970976988071755401;2021-07;0.0368096550135612
8287608084245946173;2021-07;0.00034746050434089225
8287608084245946173;2021-07;0.0003455690265041497
1423952977138155129;2021-07;0.0008829950591486114
1423952977138155129;2021-07;0.0008019875508761232
2455576782104041698;2021-07;0.01589130300798746
2455576782104041698;2021-07;0.13034702929280015
6373947691253940364;2021-07;0.043081412002496516
459290606780222306;2021-07;0.00012469177248449119
459290606780222306;2021-07;0.00012469177248449119
459290606780222306;2021-07;0.00012246083138105923
459290606780222306;2021-07;0.00011716056148344849
459290606780222306;2021-07;0.00011716056148344849
459290606780222306;2021-07;0.00011716056148344849
459290606780222306;2021-07;0.00011183367872607828
4052557282157719526;2021-07;0.0035745357645213006
7215093571368368138;2021-07;0.5922323117988467
7215093571368368138;2021-07;0.5545247419215522
7215093571368368138;2021-07;0.40299780648439504
1192891347324061812;2021-07;0.0013054466253843659
1192891347324061812;2021-07;0.0014333770087628234
1192891347324061812;2021-07;0.001904487822607745
1192891347324061812;2021-07;0.0014333770087628234
1192891347324061812;2021-07;0.0013054466253843659
3022528659032597047;2021-07;0.0036638604339344653
3022528659032597047;2021-07;0.003909166851637621
2763141362035716801;2021-07;0.0014501273595410543
2763141362035716801;2021-07;0.001522001044855993
5465001651966355821;2021-07;0.031551144469714146
5465001651966355821;2021-07;0.004558184646832187
3357976326879346012;2021-07;0.09039517576729943
5880041582322293710;2021-07;0.0021231793209116954
5880041582322293710;2021-07;0.028681167788227553
5880041582322293710;2021-07;0.0021231793209116954
5880041582322293710;2021-07;0.002056715464090919
6927178425683104769;2021-07;0.0003912999516896696
6927178425683104769;2021-07;0.0003792210313933164
4723919748432185874;2021-07;0.0002846004293431983
4723919748432185874;2021-07;0.00031022777718069886
7325545718770538459;2021-07;0.00037685025141507346
7325545718770538459;2021-07;0.0003986758214824165
7325545718770538459;2021-07;0.015875294798586195
7325545718770538459;2021-07;0.0004108648117142026
7325545718770538459;2021-07;0.000654153756551963
7325545718770538459;2021-07;0.0004108648117142026
7325545718770538459;2021-07;0.0003986758214824165
5753677550753111444;2021-07;5.690946097355083e-05
5753677550753111444;2021-07;6.200485397061906e-05
8559143756893267192;2021-07;0.0775708482451336
1292049196559782171;2021-07;0.0024882190888798152
4334472256949955221;2021-07;0.001345310192614188
4334472256949955221;2021-07;0.001345310192614188
6367769402148499693;2021-07;0.0015255865215915794
6367769402148499693;2021-07;0.0015255865215915794
6367769402148499693;2021-07;0.0015255865215915794
7816319470107777265;2021-07;0.007737531226064777
7816319470107777265;2021-07;0.01389919968277386
696014079855281037;2021-07;0.016896363268148737
4874157215501489741;2021-07;0.0010507811183716532
4874157215501489741;2021-07;0.012427161242616077
4874157215501489741;2021-07;0.0010644346626729735
3204108603682323936;2021-07;0.00029226175744620096
3204108603682323936;2021-07;0.0002961461681751532
3204108603682323936;2021-07;0.00029226175744620096
3204108603682323936;2021-07;0.00028895077159601343
4202876623878743806;2021-07;0.0035794209258598005
3822753345985951756;2021-07;0.0026254365450856182
3822753345985951756;2021-07;0.005986362662281723
4853303856126909724;2021-07;0.8447091355665882
6242636379248496392;2021-07;0.0030354417273759354
5799279645678609726;2021-07;0.0233957872960772
4850936440093751199;2021-07;0.0020632191693504857
4850936440093751199;2021-07;0.001513167418047206
8552039412779393821;2021-07;0.00857497978418365
8552039412779393821;2021-07;0.007762014214043723
7436628409157313756;2021-07;0.007872933184152534
5855956854975734380;2021-07;0.0038585776004558367
8123515208041701633;2021-07;0.014994894287805637
8123515208041701633;2021-07;0.014994894287805637
8123515208041701633;2021-07;0.015342123800078909
9156666134024889730;2021-07;0.004180715110230525
9156666134024889730;2021-07;0.004269792694160292
6754039979151386401;2021-07;0.0032789160721832743
4183921942053157552;2021-07;0.00673955560136627
6941381638534728190;2021-07;0.00022845621162602284
6941381638534728190;2021-07;0.00020342204908362308
6941381638534728190;2021-07;0.00021896179384910298
8332840690177201182;2021-07;0.3518804550744359
8332840690177201182;2021-07;0.34050203335050977
8332840690177201182;2021-07;0.34050203335050977
7870373680211625064;2021-07;0.004709328522488711
7870373680211625064;2021-07;0.006331582428471001
2371917341091102894;2021-07;0.00980471002339088
2371917341091102894;2021-07;0.013417679805294267
1945147145527703963;2021-07;0.0011439147462820438
1945147145527703963;2021-07;0.0011552328546898163
7141263195360679278;2021-07;0.07254140172898123
7141263195360679278;2021-07;0.05624698642274181
7451017400765373278;2021-07;0.0005436613360666966
7451017400765373278;2021-07;0.0005606492265379779
5931905128207886847;2021-07;0.035970127793900235
4995679129936981612;2021-07;0.454322291255332
1097345589386012260;2021-07;0.00034161054401285956
1097345589386012260;2021-07;0.00032556484559777624
2694466161223698243;2021-07;0.753959591063302
69766362497027920;2021-07;0.018735833719826938
2735662700719640627;2021-07;0.017451220133337546
2308217045093677129;2021-07;0.0027262479250432033
4820852183212661131;2021-07;0.5559776770868702
4820852183212661131;2021-07;0.0148941940942524
4820852183212661131;2021-07;0.015409094340982282
984915269987074754;2021-07;0.0002977161388144645
670573866376512619;2021-07;0.004097587986782754
670573866376512619;2021-07;0.004635453935738919
2012477868296377155;2021-07;0.002578616442291456
2012477868296377155;2021-07;0.006138537383228188
2012477868296377155;2021-07;0.007206314187347523
2012477868296377155;2021-07;0.006867033632301598
2012477868296377155;2021-07;0.005875020278678527
7707459425750676368;2021-07;0.014148991786728628
7707459425750676368;2021-07;0.0116350718887242
7707459425750676368;2021-07;0.019009097683101137
2092588065958607289;2021-07;0.0007066637907589295
2092588065958607289;2021-07;0.0007548028668285607
2092588065958607289;2021-07;0.0007934943197006005
2092588065958607289;2021-07;0.0007019422886175982
2092588065958607289;2021-07;0.0013949308882850386
2092588065958607289;2021-07;0.0007973705666113731
2092588065958607289;2021-07;0.0008170800066938047
2092588065958607289;2021-07;0.0007066637907589295
837142477962609471;2021-07;0.0027698073523671775
837142477962609471;2021-07;0.0027698073523671775
1329553496073467331;2021-07;0.0032161741939221735
963687627963462983;2021-07;0.0002720078014021773
963687627963462983;2021-07;0.010284484447220216
963687627963462983;2021-07;0.00028634088584420257
8764962131207592182;2021-07;0.000864074861262781
1617695035450525647;2021-07;0.0001910833371534987
1617695035450525647;2021-07;0.00019327311109977022
1617695035450525647;2021-07;0.00019160234408894153
1617695035450525647;2021-07;0.0001930779023996362
1617695035450525647;2021-07;0.00020901166689449882
8596605705893456305;2021-07;0.48449998115264986
8596605705893456305;2021-07;0.45129214338717905
8596605705893456305;2021-07;0.508482496306199
1088268935649917461;2021-07;0.004005311910357452
1088268935649917461;2021-07;0.004005311910357452
5460280878923715699;2021-07;0.002229314084315585
6969348581033924947;2021-07;0.0012130834701312052
6969348581033924947;2021-07;0.0008961295595219215
6969348581033924947;2021-07;0.0008944572566693409
6969348581033924947;2021-07;0.021475919721794117
6969348581033924947;2021-07;0.0015271039227089504
6969348581033924947;2021-07;0.002844518377181193
5758033363847724111;2021-07;6.719598283514711e-05
5758033363847724111;2021-07;5.1193978084856314e-05
3382609338395832683;2021-07;0.031456328274365376
3382609338395832683;2021-07;0.028984841521409826
3750579377644235511;2021-07;0.870302474622685
2408009918678280470;2021-07;0.003902245929135083
2408009918678280470;2021-07;0.004084296663603929
2408009918678280470;2021-07;0.004100347421205694
2408009918678280470;2021-07;0.0036084663290962917
2408009918678280470;2021-07;0.004100347421205694
3543162424793477785;2021-07;0.09763791693710341
3543162424793477785;2021-07;0.018058595442406948
7710364735942975505;2021-07;0.0670452581224775
7710364735942975505;2021-07;0.002484348359711156
683445437387317282;2021-07;0.0005648609089604001
683445437387317282;2021-07;0.0009153338464732734
683445437387317282;2021-07;0.0009306620240695919
683445437387317282;2021-07;0.0009306620240695919
683445437387317282;2021-07;0.0009324546485218853
683445437387317282;2021-07;0.0005648609089604001
3228830386980584958;2021-07;0.00026368140708039146
5078307295214858596;2021-07;0.016600740206024287
5078307295214858596;2021-07;0.004885543559535993
5078307295214858596;2021-07;0.00621388375753364
4641659186059167709;2021-07;0.0032703044935888425
5611787644735474299;2021-07;0.0008943815303039487
5611787644735474299;2021-07;0.0009136752704433476
5611787644735474299;2021-07;0.0008815489404838227
5611787644735474299;2021-07;0.0009045569884966056
5611787644735474299;2021-07;0.0009045569884966056
5611787644735474299;2021-07;0.0007585188703723916
1717812527056208209;2021-07;0.354532756458419
295375823203017296;2021-07;0.0008152858270054804
295375823203017296;2021-07;0.000739429159698532
295375823203017296;2021-07;0.0006978557931587238
295375823203017296;2021-07;0.0006743800379894968
5854364934896993687;2021-07;0.0012915806610747603
5854364934896993687;2021-07;0.0006603735014880093
7231408738455755015;2021-07;0.6855648562544011
7231408738455755015;2021-07;0.9339215363477057
7231408738455755015;2021-07;0.712840846128812
7231408738455755015;2021-07;0.712840846128812
2493688222671282470;2021-07;0.0022070863093701766
2493688222671282470;2021-07;0.0022588356720569538
2493688222671282470;2021-07;0.0022070863093701766
3161361581909316305;2021-07;0.002167121576794943
1536087798470875922;2021-07;0.09556910209592936
1536087798470875922;2021-07;0.07059634512079549
1536087798470875922;2021-07;0.060746859820149116
1536087798470875922;2021-07;0.056884967232506016
3915426102465954493;2021-07;0.0006737571697509823
3281818438120834833;2021-07;0.0006316268351772834
3281818438120834833;2021-07;0.0006482332887148184
1958660709350677213;2021-07;0.011992703517363194
1958660709350677213;2021-07;0.012963469090851564
1696462947583294958;2021-07;0.00019396778937838866
1696462947583294958;2021-07;0.00019396778937838866
4675067298171588603;2021-07;0.05020175431071849
4675067298171588603;2021-07;0.08991013579148253
4675067298171588603;2021-07;0.04386354142398825
4675067298171588603;2021-07;0.05020175431071849
8083157716178259762;2021-07;0.000655771719354857
2209806355660046187;2021-07;0.0009526037238590374
8609211777002937758;2021-07;0.000869260496819184
7818340804682162328;2021-07;0.004894709380943498
7818340804682162328;2021-07;0.006623174534483409
9089528044547831569;2021-07;0.20276154516089936
9089528044547831569;2021-07;0.002882374959707342
5795100045494475994;2021-07;0.006488117466832067
5795100045494475994;2021-07;0.009138807464617206
3931892303497206092;2021-07;0.00605489476017427
3931892303497206092;2021-07;0.00605489476017427
3931892303497206092;2021-07;0.005913100915401384
2900002014851776114;2021-07;0.26067495146656855
835441927760881602;2021-07;0.18296300166208534
835441927760881602;2021-07;0.11880837634612566
835441927760881602;2021-07;0.11880837634612566
835441927760881602;2021-07;0.11880837634612566
8512214463586144353;2021-07;0.001925576135406089
8512214463586144353;2021-07;0.00437344760852137
8512214463586144353;2021-07;0.11462180890808804
8512214463586144353;2021-07;0.0035176490928615074
8512214463586144353;2021-07;0.0017889051383351352
8512214463586144353;2021-07;0.0018769358893761395
1253437108265925705;2021-07;0.0005560838333661855
1253437108265925705;2021-07;0.0005560838333661855
1253437108265925705;2021-07;0.0005541117028842655
5503391736465275980;2021-07;0.002001348487109077
2006188298374001315;2021-07;0.0009912957589481859
2006188298374001315;2021-07;0.0013581640662121716
2006188298374001315;2021-07;0.0011103578817627958
3192341047315717823;2021-07;0.04883704238059114
5166128847048245697;2021-07;0.0014346469963911798
5166128847048245697;2021-07;0.0014167502652804671
8889055492416898333;2021-07;0.009894919056294825
8889055492416898333;2021-07;0.16458681718396181
8889055492416898333;2021-07;0.01464857296303742
1368430815953333691;2021-07;0.06489431538824121
3248432590399829766;2021-07;0.0012281658526736058
3248432590399829766;2021-07;0.001177491898296181
7041489327620930099;2021-07;0.0038456479945726462
7041489327620930099;2021-07;0.0022959526808344513
1117184216453911295;2021-07;0.0016151550700346515
1117184216453911295;2021-07;0.0015399899261035305
1117184216453911295;2021-07;0.0016151550700346515
2771214050521171719;2021-07;0.0003129861978541787
2771214050521171719;2021-07;0.0003184715181193124
8503092146854371576;2021-07;0.03174938247174405
8503092146854371576;2021-07;0.00031911495377546644
7692335720341018458;2021-07;0.001131877391210342
7692335720341018458;2021-07;0.0012291562281576184
93982185886107798;2021-07;0.0011544964155974944
93982185886107798;2021-07;0.0011544964155974944
93982185886107798;2021-07;0.0011544964155974944
7471183491728700531;2021-07;0.20846762711646669
5274777191770957761;2021-07;0.14591134055621408
5274777191770957761;2021-07;0.14939300883572157
8609938720215175911;2021-07;0.0030247640833641364
8609938720215175911;2021-07;0.0023612998909889418
2726314736140152277;2021-07;0.8394701985595509
2726314736140152277;2021-07;0.7998940419656811
175003104385133396;2021-07;0.062434200637093006
175003104385133396;2021-07;0.000633695123899281
1637960623843047520;2021-07;0.18999591898024928
1637960623843047520;2021-07;0.1021045865095161
1637960623843047520;2021-07;0.7630278872995094
1637960623843047520;2021-07;0.10717141030510594
4043546053926060305;2021-07;0.4563116749399852
4043546053926060305;2021-07;0.4612619287186717
4043546053926060305;2021-07;0.45420200379833964
4043546053926060305;2021-07;0.4426288661334802
4043546053926060305;2021-07;0.38511500670181587
1778014915038250584;2021-07;0.2088313496243002
7347715771145302549;2021-07;0.0002216624749716215
7347715771145302549;2021-07;0.0002155683158215461
7347715771145302549;2021-07;0.00030134724178424414
7347715771145302549;2021-07;0.00028468528864517706
7347715771145302549;2021-07;0.00021942067957208994
1891145854263312840;2021-07;0.06791194769868593
1002362614649347438;2021-07;0.0005591360567767251
4166581859919473627;2021-07;0.006790834278161644
4166581859919473627;2021-07;0.002926755490139749
1210783884008131648;2021-07;0.0008349424305123674
1210783884008131648;2021-07;0.0008875045432832203
1210783884008131648;2021-07;0.0008798780379313045
7787306805605072964;2021-07;0.4217734393963554
6724017568171288443;2021-07;0.0007979644270190849
6724017568171288443;2021-07;0.0007979644270190849
4714214581184951490;2021-07;0.0017461234564339458
1553628056929342565;2021-07;0.0031996317095125747
7395696797140470088;2021-07;0.00040602659563143147
7395696797140470088;2021-07;0.0003875554836004655
7395696797140470088;2021-07;0.0003922962346440783
8919892162361650175;2021-07;0.06416496334687617
8313765100460016738;2021-07;0.1847362141354887
8313765100460016738;2021-07;0.2054897418686911
39547025441582855;2021-07;0.7420824614068757
662944582644865942;2021-07;0.038179946993815675
8784237149961904;2021-07;0.0010474535006478982
8784237149961904;2021-07;0.0009829584150732025
1977574645216036803;2021-07;0.805737006080782
3713742318997880410;2021-07;0.00131038498523374
3713742318997880410;2021-07;0.002285921431683222
2808145376905474927;2021-07;0.2035937563081992
2808145376905474927;2021-07;0.0074527352908701746
4566920105008626302;2021-07;0.0009767597920024831
4566920105008626302;2021-07;0.0009767597920024831
4566920105008626302;2021-07;0.0010716788915070467
1106971614386004604;2021-07;0.014363510909998663
2772135008486239291;2021-07;0.012268386679180024
2772135008486239291;2021-07;0.008689922627092872
8505870778358741102;2021-07;0.004459335873205957
8505870778358741102;2021-07;0.004573635483265585
8505870778358741102;2021-07;0.004073474633173383
8505870778358741102;2021-07;0.004136154747484368
8505870778358741102;2021-07;0.004573635483265585
2530707686830644666;2021-07;0.0054457284104066665
2530707686830644666;2021-07;0.0045274259980524235
2530707686830644666;2021-07;0.0050629086345246625
7628167057144760589;2021-07;0.0020261090262549933
7628167057144760589;2021-07;0.002830453405405547
6865071386683133124;2021-07;0.0015849251558443475
7403979270048469991;2021-07;0.01387301255503322
7403979270048469991;2021-07;0.0009405987212229222
4995217181024687397;2021-07;0.0006776188821016322
4995217181024687397;2021-07;0.0007891022977361291
2302464746243069589;2021-07;0.000735946120059566
2302464746243069589;2021-07;0.0374322053585235
3338087778895249031;2021-07;0.15743856522792282
5503073374822479037;2021-07;0.002500458659284219
8400764778654490278;2021-07;0.01838843506413224
5200455618694210402;2021-07;0.0010713826493593463
3536704882799524586;2021-07;0.010506499574480788
3536704882799524586;2021-07;0.009637599705264305
2535803443850893368;2021-07;0.09212834487794427
5606267905834401873;2021-07;0.0005713520083870664
5606267905834401873;2021-07;0.000496892160182309
5606267905834401873;2021-07;0.07002098362004505
5606267905834401873;2021-07;0.0005892447628455862
121658372387044248;2021-07;0.00263127465194585
121658372387044248;2021-07;0.002456310574057064
511305041047444825;2021-07;0.003205944828323732
8480109508191086169;2021-07;0.0005954556484352088
2951563549197799278;2021-07;0.0016214663454173386
2951563549197799278;2021-07;0.0016214663454173386
2951563549197799278;2021-07;0.0030453694281376235
8343941262792249232;2021-07;0.013315993568677888
8343941262792249232;2021-07;0.018910997951325476
8343941262792249232;2021-07;0.018910997951325476
3480297543931395935;2021-07;0.043742231567541305
3480297543931395935;2021-07;0.039070896512108495
3480297543931395935;2021-07;0.03495651392193826
3480297543931395935;2021-07;0.035580301160046506
3480297543931395935;2021-07;0.0349124320238457
7920896580423665241;2021-07;0.0014293869865501152
2322847438374159400;2021-07;0.0005541158865858905
2322847438374159400;2021-07;0.0004717542445723063
8090492548102964782;2021-07;0.023029069462857904
8090492548102964782;2021-07;0.02543364088724751
113538242419211987;2021-07;0.0014120438084609355
9099218788416728596;2021-07;0.8326863950175001
6546850858912852316;2021-07;0.3190600843193459
6546850858912852316;2021-07;0.3190600843193459
2382123267535341265;2021-07;0.008221588560129006
2382123267535341265;2021-07;0.008221588560129006
2382123267535341265;2021-07;0.10747174873118306
2382123267535341265;2021-07;0.004022876689290013
2382123267535341265;2021-07;0.004203310846307637
2382123267535341265;2021-07;0.007471115578771491
1951407691087813358;2021-07;0.001085936454552296
1951407691087813358;2021-07;0.0016131592281658717
1951407691087813358;2021-07;0.001085936454552296
8162017568751362437;2021-07;0.021298667310834
8162017568751362437;2021-07;0.021298667310834
8162017568751362437;2021-07;0.021298667310834
2658946240987854807;2021-07;0.000588720093117986
2658946240987854807;2021-07;0.0006720263904522056
2658946240987854807;2021-07;0.0007199868568465594
1698828605814171242;2021-07;0.0015758250055157269
1698828605814171242;2021-07;0.0015758250055157269
3027683745465216663;2021-07;0.004408702534816144
3027683745465216663;2021-07;0.03458540148713517
3027683745465216663;2021-07;0.004319659517837371
6448580780254847411;2021-07;0.0005614019149283283
6448580780254847411;2021-07;0.0007540296298347549
5122095358293179297;2021-07;0.0006752591255323418
5122095358293179297;2021-07;0.0284467596494617
5136739522477907100;2021-07;0.002115611335093645
5136739522477907100;2021-07;0.003393749477606761
3258345688897172820;2021-07;0.03465777965047964
3258345688897172820;2021-07;0.136349163924536
5263285038415073073;2021-07;0.288919018803085
5371387005775513675;2021-07;0.012417869022389002
5371387005775513675;2021-07;0.6154518724173276
5371387005775513675;2021-07;0.7099769559450266
4858887739802767402;2021-07;0.00046807635362137865
3812760626052898456;2021-07;0.0011615728090793788
3538481420098344176;2021-07;0.4226971446241556
3731278848600349375;2021-07;0.0025899036079400353
2119292203323657032;2021-07;0.000570613783521954
2119292203323657032;2021-07;0.0005681601141495585
3382624494518753363;2021-07;0.31623266311829634
3382624494518753363;2021-07;0.7402367505864746
3382624494518753363;2021-07;0.31623266311829634
3382624494518753363;2021-07;0.31623266311829634
1788369195969129749;2021-07;0.0005047629145781529
6276792736652545216;2021-07;0.0010234342785927818
1272921915900711149;2021-07;0.0003705873680653034
7779268298304613772;2021-07;0.009359676287095041
4414438591613884911;2021-07;0.00284797811248409
4414438591613884911;2021-07;0.002879989501628527
4414438591613884911;2021-07;0.00284797811248409
7120090169052575663;2021-07;0.00033689950957396336
7120090169052575663;2021-07;0.00034973834858234896
7176848230239877915;2021-07;0.0011987118246206596
7176848230239877915;2021-07;0.0010709070957790085
7176848230239877915;2021-07;0.04014493019232612
191536915328669008;2021-07;0.3017045877199139
1864367736036633256;2021-07;0.0045483499252568695
1864367736036633256;2021-07;0.004483463808300584
5409960473983330744;2021-07;0.005200634727705085
4919908458022265747;2021-07;0.0023459736763105795
4919908458022265747;2021-07;0.0028335507662789463
4018182555897034052;2021-07;0.0005825877998590293
4018182555897034052;2021-07;0.0005825877998590293
6909701795322574613;2021-07;0.02812775147205296
6145308913889808258;2021-07;0.8786005186087651
6145308913889808258;2021-07;0.013027515527481718
8548612698724688238;2021-07;0.003758426129948316
8828303152301461681;2021-07;0.07715976255022641
8828303152301461681;2021-07;0.02133072498634296
8828303152301461681;2021-07;0.054623890905846684
7182085930008391174;2021-07;0.00965444217095351
7182085930008391174;2021-07;0.006995493181371191
622073912578471754;2021-07;0.08613367564937895
8662923640484889291;2021-07;0.0005260970358655592
2778852475840838977;2021-07;0.031127758712332056
6643358471662528195;2021-07;0.000329959073254025
6643358471662528195;2021-07;0.00048234759340442564
2201150681962815877;2021-07;0.0013164169265464135
2201150681962815877;2021-07;0.0016725281016376765
5893903674205161232;2021-07;0.0005446771621860624
5893903674205161232;2021-07;0.0005234762728975977
5893903674205161232;2021-07;0.0005446771621860624
1357573192598249600;2021-07;0.0027599287126490965
1357573192598249600;2021-07;0.006459329268756917
4588313530969303734;2021-07;0.03755331050340578
4588313530969303734;2021-07;0.029704672352069427
4588313530969303734;2021-07;0.029704672352069427
4588313530969303734;2021-07;0.027367386049264184
7171835894416689226;2021-07;0.00103793707085246
4527499691197377217;2021-07;0.0023708003375564578
3668905663669864663;2021-07;0.0006297212274659954
3668905663669864663;2021-07;0.0004166245999363836
1674864668198542837;2021-07;0.0360231602608795
1674864668198542837;2021-07;0.035305685598556916
1477629972594346481;2021-07;0.00551209953410643
1477629972594346481;2021-07;0.0697181624990054
1477629972594346481;2021-07;0.00551209953410643
5958664040344043635;2021-07;0.0030498577563364804
5082813456193598086;2021-07;0.027641944120527926
5082813456193598086;2021-07;0.0009174937985029627
5048392903148444335;2021-07;0.007484615197370261
1579681122696922043;2021-07;0.026318045435572448
3415156360538677905;2021-07;0.01048595419464935
3415156360538677905;2021-07;0.01048595419464935
271068078606473697;2021-07;0.0012345129492187122
5440313607363845188;2021-07;0.02498403762806787
5440313607363845188;2021-07;0.0005600249798092146
1613152204777372951;2021-07;0.0029899601222446786
4210463673385510745;2021-07;0.922506534550202
4210463673385510745;2021-07;0.0142166728207934
1683619849073499603;2021-07;0.002629441721252409
1683619849073499603;2021-07;0.002629441721252409
5358243820364010940;2021-07;0.06319117371948536
5358243820364010940;2021-07;0.001771032497050063
7949169060790541229;2021-07;0.0011308536187606426
5791518044186095039;2021-07;0.009567311779081968
5791518044186095039;2021-07;0.0006733045153877285
8724731934863284019;2021-07;0.008274868917691039
8724731934863284019;2021-07;0.008274868917691039
8724731934863284019;2021-07;0.00664772348619825
8724731934863284019;2021-07;0.023552364434362226
1741049493106216406;2021-07;0.20214323136561738
6337915293429442229;2021-07;0.025424737829334087
4635578010631860111;2021-07;0.12952574687356563
6122719618012473549;2021-07;0.0019950084966088213
3118683330911759410;2021-07;0.09707318666544607
3118683330911759410;2021-07;0.09639200518024937
7719481195372677540;2021-07;0.0006746928134808424
7719481195372677540;2021-07;0.0006511381928452574
8374461419511631785;2021-07;0.003140950387822323
8374461419511631785;2021-07;0.001827168960026731
1678680306005074426;2021-07;0.00556096132167322
1678680306005074426;2021-07;0.004173790591236148
1678680306005074426;2021-07;0.003911277378271224
8487807876567995441;2021-07;0.21494976668996457
8487807876567995441;2021-07;0.0027618244084655704
8487807876567995441;2021-07;0.0028663605155686226
1467843186411742274;2021-07;0.48348881907964353
3698481516392183789;2021-07;0.0020512508929994323
5198904647759787695;2021-07;0.004454194158354257
3275327267689584006;2021-07;0.2852749017461022
3386019519917828299;2021-07;0.001978525637289806
8196449005061156808;2021-07;0.002092683548722502
3283662016127058429;2021-07;0.0033571034938401413
3555655653190753786;2021-07;0.11058641208735609
7665801401860589626;2021-07;0.004616111969296614
6020593949794792044;2021-07;0.01356990938764921
6020593949794792044;2021-07;0.013973751460963675
6824842959463625344;2021-07;0.2522862463245259
234898976850399181;2021-07;0.005209893868459492
4817816966382229074;2021-07;0.0025553738848134227
4817816966382229074;2021-07;0.002570788984877618
4817816966382229074;2021-07;0.0020142842569554646
4817816966382229074;2021-07;0.0020527810095973538
4817816966382229074;2021-07;0.0025553738848134227
3511416927745338332;2021-07;0.0004494311000513297
3511416927745338332;2021-07;0.0005337706420384366
3511416927745338332;2021-07;0.0006928743929637023
3511416927745338332;2021-07;0.0006508793318403586
3511416927745338332;2021-07;0.0006980740382889545
3511416927745338332;2021-07;0.0006978947984987371
3511416927745338332;2021-07;0.0006896406279560521
2335982750277990437;2021-07;0.025374676532617244
4090195792518021727;2021-07;0.002480781761206283
3690886209682028027;2021-07;0.0032521723110805795
3690886209682028027;2021-07;0.0032521723110805795
3690886209682028027;2021-07;0.0032521723110805795
9101617110967101591;2021-07;0.004735283087115097
6681781879793693802;2021-07;0.0002069450710343785
4284129442855564250;2021-07;0.002156645971177381
9052787288251876909;2021-07;0.0001934202751904896
2444743522510084109;2021-07;0.0027859127354074803
940214356651040716;2021-07;0.09071479256748691
3045840317107313913;2021-07;0.0005314999628135671
7142043104834932013;2021-07;0.010036512436327907
4785355632922927313;2021-07;0.08653905818617508
4785355632922927313;2021-07;0.07885848516971002
4956614249204803652;2021-07;0.005116574671321773
4956614249204803652;2021-07;0.1831898956573578
4956614249204803652;2021-07;0.005083750319925749
15070048310374146;2021-07;0.029275701619185707
7200509200540839533;2021-07;0.0009479775992464805
7200509200540839533;2021-07;0.0010109996808823313
4614484019183480654;2021-07;0.00047473781997372144
7999843484680834128;2021-07;0.03855077725983864
2377020220794016532;2021-07;0.00177796441585457
1273229638516517354;2021-07;0.013355789999308766
5522764880180045081;2021-07;0.006916754396137083
180672270337706285;2021-07;0.43827157488305507
180672270337706285;2021-07;0.4307833387163506
180672270337706285;2021-07;0.42542527795056373
2088532321693492263;2021-07;0.012240609035588365
326257359176916767;2021-07;0.00018002714980688093
5901769182336230217;2021-07;0.000977755866535783
5517114603826429870;2021-07;0.003535242086155471
5517114603826429870;2021-07;0.0031770881272593938
5517114603826429870;2021-07;0.003535242086155471
5517114603826429870;2021-07;0.003309501853026952
1069093308328204542;2021-07;0.0014554474161837586
1234611356650812259;2021-07;0.11696435060208651
2191990606593345695;2021-07;0.0036897848618577616
2191990606593345695;2021-07;0.0048899509468140825
5607900901204647807;2021-07;0.04547976308930762
7770458886439606839;2021-07;0.028346589918839215
7968118679747232249;2021-07;0.06251908066964611
6810366761249506182;2021-07;0.001383867269692009
4121608857053177761;2021-07;0.8020920496082302
1059336566956767188;2021-07;0.0011918803025825107
792560389712312178;2021-07;0.0008027285724080002
792560389712312178;2021-07;0.0008180892031939554
8736788139020105764;2021-07;0.9469564479511854
287529573188507001;2021-07;0.0015234509041633735
7330131219998265639;2021-07;0.0006547908792416907
4831988987853936627;2021-07;0.0010839899312348712
3279417303675586812;2021-07;0.001159691402572954
7692330898726665144;2021-07;0.0017777625999326435
7692330898726665144;2021-07;0.0017375705046584107
7828430488099134389;2021-07;0.046089449942831894
5429414161455643517;2021-07;0.09346612015257398
3516294920850464913;2021-07;0.010632156321990669
6617479989097680138;2021-07;0.007872675896112596
7031913170099381454;2021-07;0.09026110488653345
7067471043900250355;2021-07;0.005050904873633268
2380458252615213706;2021-07;0.010784894127225997
3536431875244944563;2021-07;0.013012351323624256
4862285428951244424;2021-07;8.527509719169584e-05
3384356870037163810;2021-07;0.008658216798732144
2179772649873197365;2021-07;0.11252922717218675
6594970822995540982;2021-07;0.030688283236406183
1874387298050692165;2021-07;0.0011097436862881798
2677901391425651891;2021-07;0.0031974630374547864
7246466789138290692;2021-07;0.0014255296741283935
5993765508162121762;2021-07;0.05762835982441054
1272921915900711149;2021-07;0.00032483304457907265
1272921915900711149;2021-08;0.00029956782555925316
2951563549197799278;2021-07;0.0020920652757341865
2951563549197799278;2021-07;0.0014914620869817367
2951563549197799278;2021-07;0.0015396612965597862
2951563549197799278;2021-08;0.030440997288380928
5166128847048245697;2021-07;0.0014346469963911798
5166128847048245697;2021-08;0.0013485926913654658
4537982850248578883;2021-07;0.0015841214112315234
4537982850248578883;2021-07;0.0017337641544799777
4537982850248578883;2021-07;0.0015687711786920209
4537982850248578883;2021-08;0.0021822699583440436
4537982850248578883;2021-08;0.002413360859148347
4537982850248578883;2021-08;0.002318101387695313
5274777191770957761;2021-07;0.25619870993412747
5274777191770957761;2021-08;0.11175627157682098
2988042199057874759;2021-07;0.002444233855127246
2988042199057874759;2021-07;0.001628288732163463
2988042199057874759;2021-07;0.0016882015586778816
2988042199057874759;2021-07;0.0017402970179253316
2988042199057874759;2021-08;0.004210669555021997
2988042199057874759;2021-08;0.38434150127293476
2988042199057874759;2021-08;0.0029055129168048116
4593070249039532001;2021-07;0.0003491107560092526
4593070249039532001;2021-07;0.00035975723779173627
4593070249039532001;2021-07;0.0840232889522341
4593070249039532001;2021-08;0.0003939288356557343
924957821424248698;2021-07;0.0003086296291982048
924957821424248698;2021-07;0.0003420219716742298
924957821424248698;2021-07;0.0003086296291982048
924957821424248698;2021-07;0.0003086296291982048
924957821424248698;2021-08;0.0003011141087025018
924957821424248698;2021-08;0.0003091134107648272
924957821424248698;2021-08;0.00034560011682831736
924957821424248698;2021-08;0.00033350484329762025
968199235777440720;2021-07;0.0011935538021360195
968199235777440720;2021-07;0.0010230270024320575
968199235777440720;2021-07;0.0014813359672283613
968199235777440720;2021-07;0.0036287792985214033
968199235777440720;2021-07;0.0009761566907057906
968199235777440720;2021-08;0.0021216838204696593
968199235777440720;2021-08;0.0021216838204696593
968199235777440720;2021-08;0.0018067545805573312
968199235777440720;2021-08;0.041442433480884104
968199235777440720;2021-08;0.0016546919304640101
968199235777440720;2021-08;0.0018067545805573312
968199235777440720;2021-08;0.0015584550911279607
6330043096034525408;2021-07;0.04181127975885675
6330043096034525408;2021-07;0.03805482692780897
6330043096034525408;2021-08;0.5690100056916445
6330043096034525408;2021-08;0.9111404011364186
1637960623843047520;2021-07;0.10307564300006042
1637960623843047520;2021-07;0.8160481497896973
1637960623843047520;2021-07;0.20407653766196412
1637960623843047520;2021-07;0.18912640680633394
1637960623843047520;2021-07;0.10307564300006042
1637960623843047520;2021-07;0.10307564300006042
1637960623843047520;2021-08;0.0637978371990086
1637960623843047520;2021-08;0.06292522819539502
1637960623843047520;2021-08;0.0637978371990086
1637960623843047520;2021-08;0.0637978371990086
1637960623843047520;2021-08;0.8765264127436274
1477629972594346481;2021-07;0.004810485888125812
1477629972594346481;2021-08;0.02336458682425975
1477629972594346481;2021-08;0.23340924655760856
1477629972594346481;2021-08;0.013975461302427683
8733525963966339207;2021-07;0.30740157461053363
8733525963966339207;2021-07;0.7500750511993103
8733525963966339207;2021-07;0.33960840011662846
8733525963966339207;2021-07;0.3690578749105354
8733525963966339207;2021-07;0.26384821571106065
8733525963966339207;2021-07;0.44528958331328833
8733525963966339207;2021-07;0.3550781269397076
8733525963966339207;2021-08;0.37471826945636477
8733525963966339207;2021-08;0.34508584365180517
8733525963966339207;2021-08;0.7729049374217324
8733525963966339207;2021-08;0.32321386798135215
2554972344348383830;2021-07;0.0011091638153557114
2771214050521171719;2021-07;0.00034050520104881297
2771214050521171719;2021-07;0.00029358439782521103
2771214050521171719;2021-07;0.0003129861978541787
2771214050521171719;2021-07;0.00034050520104881297
2771214050521171719;2021-07;0.0003129861978541787
2771214050521171719;2021-08;0.0002687491936098617
2771214050521171719;2021-08;0.0002557025957091136
2658946240987854807;2021-07;0.0006408839038947108
2658946240987854807;2021-07;0.0006408839038947108
2658946240987854807;2021-07;0.0007514170800091245
2658946240987854807;2021-07;0.0007514170800091245
2658946240987854807;2021-08;0.0004828554243313566
6547707428090179960;2021-07;0.0069425246040118625
6547707428090179960;2021-07;0.006337246930993839
6547707428090179960;2021-07;0.006221661906957457
6547707428090179960;2021-08;0.007411485275045329
8662923640484889291;2021-07;0.0005260970358655592
8662923640484889291;2021-07;0.0005103769128701287
6582676833651678345;2021-07;0.0002982716592670088
6582676833651678345;2021-07;0.0002867637184251498
6582676833651678345;2021-08;0.0002770342158522744
6582676833651678345;2021-08;0.0003658889006934165
6582676833651678345;2021-08;0.0002708815689135063
6582676833651678345;2021-08;0.0002918806168875952
6582676833651678345;2021-08;0.00037230103561918345
6582676833651678345;2021-08;0.0002795736940391238
2532435113844289043;2021-07;0.0004072075926377387
2532435113844289043;2021-07;0.0006116105963306843
2532435113844289043;2021-07;0.0004072075926377387
2532435113844289043;2021-07;0.0006116105963306843
2532435113844289043;2021-07;0.0004072075926377387
2532435113844289043;2021-08;0.0007709533007632248
2532435113844289043;2021-08;0.000816493221299275
2532435113844289043;2021-08;0.0007709533007632248
2532435113844289043;2021-08;0.000816493221299275
8889055492416898333;2021-07;0.023018177704762863
8889055492416898333;2021-08;0.009894248204317821
8889055492416898333;2021-08;0.08507943085674143
8889055492416898333;2021-08;0.04493070726528609
8889055492416898333;2021-08;0.19590091473232357
1678680306005074426;2021-07;0.007326350493042792
6916556752218696485;2021-07;0.0006477888202553217
6916556752218696485;2021-07;0.0005925244734615358
6916556752218696485;2021-07;0.0005462106933948107
6916556752218696485;2021-07;0.0005462106933948107
6916556752218696485;2021-07;0.0006892229101805612
6916556752218696485;2021-07;0.0005632777035355477
6916556752218696485;2021-07;0.0006976512159330637
6916556752218696485;2021-07;0.0011452679047116799
6916556752218696485;2021-07;0.0006461918548823048
6916556752218696485;2021-07;0.0005534018483562589
6916556752218696485;2021-07;0.0005701667408715689
6916556752218696485;2021-07;0.0006892229101805612
6916556752218696485;2021-08;0.0008571422286285581
6916556752218696485;2021-08;0.0014033789995028096
6916556752218696485;2021-08;0.001250929374654187
6916556752218696485;2021-08;0.0008210423734063685
6916556752218696485;2021-08;0.0014033789995028096
6916556752218696485;2021-08;0.0008111245923435179
6916556752218696485;2021-08;0.0014033789995028096
6916556752218696485;2021-08;0.0012453666918512284
6916556752218696485;2021-08;0.0012842516011092344
6367769402148499693;2021-07;0.0013983690807246043
6367769402148499693;2021-07;0.0013983690807246043
6367769402148499693;2021-08;0.002126199853466448
1192891347324061812;2021-07;0.001309278407236029
1192891347324061812;2021-07;0.0012515354134351316
1192891347324061812;2021-07;0.0014375837547724794
1192891347324061812;2021-08;0.0011609776238489283
1192891347324061812;2021-08;0.0012480176219452498
524026009392362402;2021-07;0.006729825846117152
524026009392362402;2021-07;0.006729825846117152
8609938720215175911;2021-07;0.0022425658273646084
8609938720215175911;2021-07;0.0022723526852811322
8609938720215175911;2021-07;0.0029163292280881448
8609938720215175911;2021-08;0.005501068555549958
8609938720215175911;2021-08;0.00591181743185143
8609938720215175911;2021-08;0.0059900484951508565
5122095358293179297;2021-07;0.0006963555997341555
5122095358293179297;2021-08;0.0008603602627483663
5122095358293179297;2021-08;0.0008582796632526905
499242942549937267;2021-07;0.045850621526386706
499242942549937267;2021-07;0.045850621526386706
499242942549937267;2021-07;0.027894022073630495
499242942549937267;2021-07;0.02841181427425805
499242942549937267;2021-07;0.02841181427425805
499242942549937267;2021-07;0.045850621526386706
499242942549937267;2021-07;0.045850621526386706
499242942549937267;2021-07;0.07045498075697387
499242942549937267;2021-08;0.03829004973232723
499242942549937267;2021-08;0.18321822948285704
499242942549937267;2021-08;0.03829004973232723
499242942549937267;2021-08;0.04045918848266255
4900073965147412482;2021-07;0.0006750874959070654
1617695035450525647;2021-07;0.0003076992748404393
1617695035450525647;2021-07;0.000163654632535238
1617695035450525647;2021-07;0.0001790099340730697
1617695035450525647;2021-07;0.0001790099340730697
1617695035450525647;2021-07;0.0001790099340730697
1617695035450525647;2021-07;0.000163654632535238
1617695035450525647;2021-07;0.0001980321577330691
1617695035450525647;2021-07;0.00015869406296553307
1617695035450525647;2021-07;0.00016517355651778388
1617695035450525647;2021-07;0.00025664876434322283
1617695035450525647;2021-08;0.00021191620804511473
1617695035450525647;2021-08;0.00011891328453386095
1617695035450525647;2021-08;9.697706673946538e-05
1617695035450525647;2021-08;0.00012129671215310291
1617695035450525647;2021-08;0.00012129671215310291
1617695035450525647;2021-08;0.0003339517312402341
1617695035450525647;2021-08;9.48428579462942e-05
1617695035450525647;2021-08;9.724356133927739e-05
1617695035450525647;2021-08;0.00018065946725710611
1617695035450525647;2021-08;0.00010137268915010621
340285351737204923;2021-07;0.017870529668094447
340285351737204923;2021-07;0.017870529668094447
340285351737204923;2021-07;0.017870529668094447
340285351737204923;2021-07;0.01813395629996446
340285351737204923;2021-08;0.01686972367542104
340285351737204923;2021-08;0.01686972367542104
6271697692808086495;2021-07;0.0038398159170491106
6271697692808086495;2021-07;0.004050910728563659
6271697692808086495;2021-07;0.004050910728563659
6271697692808086495;2021-07;0.003776736009262617
6271697692808086495;2021-07;0.003584232342527076
6271697692808086495;2021-08;0.0017230032672811263
6271697692808086495;2021-08;0.0017230032672811263
6271697692808086495;2021-08;0.0017658754351897361
6271697692808086495;2021-08;0.0017230032672811263
49632905576538927;2021-07;0.0005491572945402854
1117184216453911295;2021-07;0.0015126681697389694
1117184216453911295;2021-07;0.002031162481886172
1117184216453911295;2021-08;0.30651650380569556
1117184216453911295;2021-08;0.1774862664835279
4104959289203999917;2021-07;0.0006403330416412436
4104959289203999917;2021-07;0.0006386344917430906
2943087245123311166;2021-07;0.005062267519055391
2943087245123311166;2021-07;0.0067524026607634425
2943087245123311166;2021-08;0.004815708328616969
2943087245123311166;2021-08;0.004581003184992427
621182491555347581;2021-07;0.011121955013340372
621182491555347581;2021-07;0.010510641603883302
621182491555347581;2021-07;0.01015324502647842
621182491555347581;2021-07;0.011881615737623391
621182491555347581;2021-07;0.009390832317345105
621182491555347581;2021-08;0.006547740887586254
621182491555347581;2021-08;0.0064932840386559484
621182491555347581;2021-08;0.02900265530291465
4995217181024687397;2021-07;0.0013242214274166411
4995217181024687397;2021-07;0.0013242214274166411
4995217181024687397;2021-07;0.0013082334533213282
4995217181024687397;2021-08;0.0007528779900408752
4995217181024687397;2021-08;0.0014727055322603252
4995217181024687397;2021-08;0.0008022988078808229
4995217181024687397;2021-08;0.0008022988078808229
7458891296671174680;2021-07;0.19776047067957303
7231408738455755015;2021-07;0.7638620841531524
7231408738455755015;2021-07;0.7864403914569713
7231408738455755015;2021-07;0.7595446602320862
7231408738455755015;2021-08;0.9119016680118982
7231408738455755015;2021-08;0.6319988419382268
8536031856585966123;2021-07;0.02026313013180978
8536031856585966123;2021-08;0.015938494845649506
7535160686416710323;2021-07;0.0011014649544766745
7535160686416710323;2021-07;0.0011054397248014996
7535160686416710323;2021-08;0.0010528208148503232
7908414709866823255;2021-07;0.0031135920908061535
7908414709866823255;2021-07;0.0030559807097921177
7908414709866823255;2021-07;0.002902705139043677
7908414709866823255;2021-08;0.0025221215301174885
7908414709866823255;2021-08;0.002395557825267881
7289435138601868544;2021-07;0.004206358432292771
7289435138601868544;2021-07;0.0019484291208915815
7289435138601868544;2021-08;0.002029237542476051
7289435138601868544;2021-08;0.0022231348463618954
6198047969028248384;2021-07;0.0008148235302539147
6198047969028248384;2021-08;0.0008632722905523998
6198047969028248384;2021-08;0.3864932734988796
3283662016127058429;2021-07;0.001644545093948112
3283662016127058429;2021-08;0.0015401170796450875
417157680860985231;2021-07;0.0002482118180675605
417157680860985231;2021-07;0.0002524202643807834
417157680860985231;2021-08;0.0004408998546617816
417157680860985231;2021-08;0.0001995779515294676
417157680860985231;2021-08;0.0002192368377310314
5301988619224057921;2021-07;0.8988919211646884
5301988619224057921;2021-07;0.3454849975775688
5301988619224057921;2021-07;0.3454849975775688
5301988619224057921;2021-07;0.3207966336403689
5301988619224057921;2021-07;0.8888441020942085
5301988619224057921;2021-08;0.9173536539055814
8926565682509268383;2021-07;0.0009499446283829237
8926565682509268383;2021-07;0.0008973266507062771
8926565682509268383;2021-07;0.0009499446283829237
8926565682509268383;2021-07;0.0009383550781334729
8926565682509268383;2021-07;0.0009084099228134292
8926565682509268383;2021-07;0.0008973266507062771
8926565682509268383;2021-07;0.0009270215330368353
8926565682509268383;2021-08;0.0006099593914469874
8926565682509268383;2021-08;0.0006075311915665081
8926565682509268383;2021-08;0.0006004330823127609
8926565682509268383;2021-08;0.0005976909800697768
7722287846688771887;2021-07;0.0021692692961055994
7722287846688771887;2021-08;0.0027608377421973872
5993765508162121762;2021-07;0.055520699458726175
5993765508162121762;2021-08;0.09096770909163616
5993765508162121762;2021-08;0.05121018762404135
2033394215069562776;2021-07;0.009707157788694718
2033394215069562776;2021-07;0.009492359005652236
2033394215069562776;2021-07;0.012480663457763524
2033394215069562776;2021-07;0.012480663457763524
6053752047545474051;2021-07;0.002303105607698899
6053752047545474051;2021-07;0.002303105607698899
6053752047545474051;2021-07;0.002303105607698899
6053752047545474051;2021-07;0.002303105607698899
6053752047545474051;2021-07;0.002827718189334343
6053752047545474051;2021-07;0.002303105607698899
6053752047545474051;2021-07;0.002032833995057074
6053752047545474051;2021-07;0.003854428150783072
6053752047545474051;2021-08;0.0021561297650307793
6053752047545474051;2021-08;0.002069752735714999
6053752047545474051;2021-08;0.0020380574943963154
6053752047545474051;2021-08;0.0020644799657939944
6053752047545474051;2021-08;0.002069752735714999
6053752047545474051;2021-08;0.0023626152534553225
2302464746243069589;2021-07;0.0010300162754703663
2302464746243069589;2021-08;0.0009920177642690244
2302464746243069589;2021-08;0.0009202492423269814
5577659616907513811;2021-07;0.5026289417143424
5577659616907513811;2021-07;0.5262480452582252
5577659616907513811;2021-07;0.5026289417143424
5577659616907513811;2021-07;0.18504377180314402
5577659616907513811;2021-08;0.6067038277688074
5577659616907513811;2021-08;0.5486699210545779
3970572142453508637;2021-07;0.16510157055214145
3970572142453508637;2021-07;0.16510157055214145
3970572142453508637;2021-08;0.1397210744872994
3970572142453508637;2021-08;0.12189677647848322
234898976850399181;2021-07;0.005281989847804111
234898976850399181;2021-07;0.004858200734167265
234898976850399181;2021-08;0.010145807331977882
511305041047444825;2021-07;0.002803802933473955
511305041047444825;2021-07;0.002803802933473955
2408009918678280470;2021-07;0.003539264331348483
2408009918678280470;2021-07;0.003710564635644144
2408009918678280470;2021-07;0.004084296663603929
2408009918678280470;2021-07;0.004127948707682282
2408009918678280470;2021-07;0.004084296663603929
2408009918678280470;2021-07;0.004100347421205694
2408009918678280470;2021-07;0.0037495167822589664
2408009918678280470;2021-08;0.004802750671706825
2408009918678280470;2021-08;0.004802750671706825
2408009918678280470;2021-08;0.004821611191313889
2408009918678280470;2021-08;0.004854043965143156
2408009918678280470;2021-08;0.004821611191313889
2408009918678280470;2021-08;0.004821611191313889
2408009918678280470;2021-08;0.0044093415903581805
1891145854263312840;2021-07;0.06654079158154368
1891145854263312840;2021-07;0.008692149904001209
1891145854263312840;2021-08;0.05652337113412108
1891145854263312840;2021-08;0.06314402724477937
4187591029730357479;2021-07;0.002935980529485681
1192810733461560329;2021-07;0.00023816469094386567
4347826483121154490;2021-07;0.0005943668185319729
4347826483121154490;2021-07;0.0005569002502212031
4347826483121154490;2021-07;0.0006590251261315433
4347826483121154490;2021-07;0.0005879372587693885
4347826483121154490;2021-07;0.001042617276876912
4347826483121154490;2021-07;0.0005331288441496983
4347826483121154490;2021-07;0.0011686165107533837
4347826483121154490;2021-07;0.0009236658605190085
4347826483121154490;2021-07;0.0006344606127470392
4347826483121154490;2021-07;0.0007697071102639663
4347826483121154490;2021-08;0.0009027941061679041
4347826483121154490;2021-08;0.0006143495777400038
4347826483121154490;2021-08;0.0008869379169907811
4347826483121154490;2021-08;0.0006143495777400038
4347826483121154490;2021-08;0.0005872374680788815
4347826483121154490;2021-08;0.0005756240996585214
4347826483121154490;2021-08;0.0009027941061679041
4347826483121154490;2021-08;0.0005897734767341143
4347826483121154490;2021-08;0.0006559693785883083
5462970244186515758;2021-07;0.0004066933020708826
5462970244186515758;2021-07;0.00034559826727098813
5462970244186515758;2021-07;0.00039868002899192453
5462970244186515758;2021-07;0.0004691544802343362
5462970244186515758;2021-07;0.00039868002899192453
5462970244186515758;2021-07;0.0002652363742598711
5462970244186515758;2021-07;0.00039868002899192453
5462970244186515758;2021-08;0.000564453307464895
5462970244186515758;2021-08;0.0003526650824035859
5462970244186515758;2021-08;0.006678687344032242
5462970244186515758;2021-08;0.00042549432160518986
3698481516392183789;2021-07;0.0021185381832714476
4365965554261111250;2021-07;0.04647027054803964
4365965554261111250;2021-07;0.04647027054803964
4365965554261111250;2021-07;0.04647027054803964
4365965554261111250;2021-07;0.04647027054803964
4365965554261111250;2021-07;0.045203415186031076
4365965554261111250;2021-07;0.015048400120193433
459290606780222306;2021-07;0.0001337458402514246
459290606780222306;2021-07;0.0001227589273082381
459290606780222306;2021-07;0.00011699449607747597
459290606780222306;2021-07;0.00011699449607747597
459290606780222306;2021-07;0.00011699449607747597
459290606780222306;2021-07;0.00011699449607747597
459290606780222306;2021-08;0.00021572798362519017
459290606780222306;2021-08;0.0002008401089281142
459290606780222306;2021-08;0.0001795498268582518
459290606780222306;2021-08;0.0001795498268582518
459290606780222306;2021-08;0.0001795498268582518
459290606780222306;2021-08;0.00021572798362519017
459290606780222306;2021-08;0.0001795498268582518
459290606780222306;2021-08;0.0001795498268582518
459290606780222306;2021-08;0.00021572798362519017
459290606780222306;2021-08;0.00021572798362519017
6061850657256270336;2021-07;0.0019456297233197278
6061850657256270336;2021-07;0.002248079790934795
6061850657256270336;2021-07;0.002096057149878135
5714540197488862003;2021-07;0.1730432490986682
5714540197488862003;2021-08;0.7208166144496992
5714540197488862003;2021-08;0.12000018223362888
4679462479444735708;2021-07;0.001463894535555051
4679462479444735708;2021-07;0.001734901883005492
4679462479444735708;2021-07;0.0016304261818766684
4679462479444735708;2021-07;0.0010004132885601776
4679462479444735708;2021-07;0.001734901883005492
4679462479444735708;2021-07;0.0011857193320495938
4679462479444735708;2021-08;0.03848579679227965
4679462479444735708;2021-08;0.0019034162805106828
4679462479444735708;2021-08;0.0017767642260288063
4679462479444735708;2021-08;0.0019266639756413551
4679462479444735708;2021-08;0.001885403980843625
4679462479444735708;2021-08;0.0013168592802180498
4723919748432185874;2021-07;0.0003065712750808841
4723919748432185874;2021-07;0.00029367062446365933
4723919748432185874;2021-07;0.00031022777718069886
4723919748432185874;2021-08;0.0006743516512604886
4723919748432185874;2021-08;0.0006743516512604886
4018182555897034052;2021-07;0.0005825877998590293
4018182555897034052;2021-07;0.0005723523199124778
4018182555897034052;2021-08;0.0007443405742785325
4018182555897034052;2021-08;0.0007443405742785325
4018182555897034052;2021-08;0.0007443405742785325
4018182555897034052;2021-08;0.0006273902425458851
4018182555897034052;2021-08;0.0007312653406021754
4018182555897034052;2021-08;0.0007443405742785325
4850936440093751199;2021-07;0.001371846010517526
4850936440093751199;2021-08;0.0014866770767372832
4850936440093751199;2021-08;0.0014866770767372832
5897410907783139228;2021-07;0.000496881858121734
5897410907783139228;2021-08;0.00046598163441943097
5897410907783139228;2021-08;0.00046598163441943097
5761480994209806499;2021-07;0.00016841880255632837
5761480994209806499;2021-07;0.00036507334641545496
5761480994209806499;2021-07;0.00021235732545561703
5761480994209806499;2021-07;0.0001628866269315835
5761480994209806499;2021-07;0.00013658443419003164
5761480994209806499;2021-07;0.0002601753706117742
5761480994209806499;2021-07;0.000165898848513997
5761480994209806499;2021-07;0.00017233146076340065
5761480994209806499;2021-07;0.00021235732545561703
5761480994209806499;2021-07;0.00012945574856222845
5761480994209806499;2021-07;0.00013425615993759637
5761480994209806499;2021-08;0.0001284066832513998
5761480994209806499;2021-08;0.0001284066832513998
5761480994209806499;2021-08;0.00013444370370951014
5761480994209806499;2021-08;0.00012232622701514046
5761480994209806499;2021-08;0.0001741325342408193
5761480994209806499;2021-08;0.0001284066832513998
5761480994209806499;2021-08;0.00023670284596039837
5761480994209806499;2021-08;0.00013444370370951014
5761480994209806499;2021-08;0.00016135034090193978
5761480994209806499;2021-08;0.00023670284596039837
5761480994209806499;2021-08;0.00015918568302846937
5761480994209806499;2021-08;0.00015918568302846937
5761480994209806499;2021-08;0.0001284066832513998
5761480994209806499;2021-08;0.0002962552930990741
5761480994209806499;2021-08;0.00022698536866425144
5761480994209806499;2021-08;0.00023670284596039837
5761480994209806499;2021-08;0.00023670284596039837
5761480994209806499;2021-08;0.0001284066832513998
5761480994209806499;2021-08;0.00012414303743153634
5893903674205161232;2021-07;0.0005299172351303367
5893903674205161232;2021-08;0.0007278431767822962
1182975716201409626;2021-07;0.0010254069490353535
1182975716201409626;2021-07;0.0010538985340170172
1182975716201409626;2021-08;0.001050776008061387
1182975716201409626;2021-08;0.0008083589228248446
1182975716201409626;2021-08;0.0010854801981199196
1182975716201409626;2021-08;0.0010380860427648075
1182975716201409626;2021-08;0.001050776008061387
819552547620904652;2021-07;0.08471776891971677
819552547620904652;2021-07;0.08471776891971677
819552547620904652;2021-07;0.08376278735922475
819552547620904652;2021-07;0.08471776891971677
819552547620904652;2021-08;0.10457341701890288
1366416810235233769;2021-07;0.0005233960567106783
1366416810235233769;2021-07;0.0005781103023190735
1366416810235233769;2021-08;0.0005050093772053934
1661240395903230676;2021-07;0.06798335490694135
1661240395903230676;2021-07;0.051272277068736764
1661240395903230676;2021-07;0.06424267342166122
1661240395903230676;2021-07;0.095512851316166
8041261093764417881;2021-07;0.0022941670226274574
8041261093764417881;2021-07;0.0023831427074276473
8041261093764417881;2021-07;0.0022941670226274574
8041261093764417881;2021-08;0.000476974961863038
8041261093764417881;2021-08;0.00048696877820121864
8041261093764417881;2021-08;0.00045400034386389
8041261093764417881;2021-08;0.000476974961863038
761746217261797478;2021-07;0.0007457630620452197
761746217261797478;2021-07;0.0012053662688686988
761746217261797478;2021-07;0.0012053662688686988
761746217261797478;2021-08;0.0006438732135321753
761746217261797478;2021-08;0.01615457393097205
761746217261797478;2021-08;0.0004283273438166341
7120090169052575663;2021-07;0.00035183859625168733
7120090169052575663;2021-07;0.00044017459389796633
7120090169052575663;2021-08;0.0003286533753509587
7120090169052575663;2021-08;0.0003286533753509587
5735794880899687600;2021-07;0.005514314377366828
5735794880899687600;2021-08;0.0026816606858649774
5757271354816214865;2021-07;0.8085444599716524
5757271354816214865;2021-07;0.7974971525397624
5757271354816214865;2021-07;0.7993728029582344
5757271354816214865;2021-07;0.8085444599716524
5757271354816214865;2021-07;0.8085444599716524
5757271354816214865;2021-07;0.7974971525397624
5757271354816214865;2021-07;0.8413604318756519
5757271354816214865;2021-07;0.8085444599716524
5757271354816214865;2021-07;0.7974971525397624
5757271354816214865;2021-07;0.8258584753003921
5757271354816214865;2021-07;0.7974971525397624
5757271354816214865;2021-07;0.7974971525397624
5757271354816214865;2021-08;0.7395286236211317
5757271354816214865;2021-08;0.7837209349461299
5757271354816214865;2021-08;0.845110268710392
5757271354816214865;2021-08;0.7194196570725004
5757271354816214865;2021-08;0.8466879459899087
5757271354816214865;2021-08;0.7640632000541092
5757271354816214865;2021-08;0.7395286236211317
5757271354816214865;2021-08;0.8076288627866388
5757271354816214865;2021-08;0.8693093651746481
5757271354816214865;2021-08;0.7395286236211317
5757271354816214865;2021-08;0.8257071604294496
5757271354816214865;2021-08;0.7395286236211317
5757271354816214865;2021-08;0.7395286236211317
5757271354816214865;2021-08;0.8472156669071915
5757271354816214865;2021-08;0.7395286236211317
5757271354816214865;2021-08;0.7868546580609385
5757271354816214865;2021-08;0.7395286236211317
2808145376905474927;2021-07;0.006524128044427892
2808145376905474927;2021-07;0.006524128044427892
2808145376905474927;2021-07;0.0067504166160212275
2808145376905474927;2021-08;0.007415138921643869
3279417303675586812;2021-07;0.044258764070378154
3279417303675586812;2021-07;0.1767872337197436
5481711897502154955;2021-07;0.003139482797237696
5481711897502154955;2021-07;0.004922955544263161
5481711897502154955;2021-08;0.004471812701304684
5481711897502154955;2021-08;0.0027356471513004955
5481711897502154955;2021-08;0.0027356471513004955
2083323809219952960;2021-07;0.0014802623763909193
2083323809219952960;2021-07;0.0013305682877633607
2083323809219952960;2021-07;0.0013305682877633607
2083323809219952960;2021-07;0.0014802623763909193
2083323809219952960;2021-07;0.0014802623763909193
2083323809219952960;2021-08;0.0015229070066973226
2083323809219952960;2021-08;0.0020017642429609006
2083323809219952960;2021-08;0.001143003064312077
2083323809219952960;2021-08;0.001411626408281
2083323809219952960;2021-08;0.001411626408281
8596605705893456305;2021-07;0.7370338780334756
8596605705893456305;2021-07;0.508482496306199
8596605705893456305;2021-08;0.5574278603410266
2451708306555441014;2021-07;0.0044725246840537575
2451708306555441014;2021-07;0.004189767470601763
2451708306555441014;2021-07;0.0050095422998610506
2451708306555441014;2021-08;0.003221966970305636
4342146186255136598;2021-07;0.0004859262011093102
4342146186255136598;2021-07;0.0004859262011093102
4342146186255136598;2021-08;0.0006743321424401399
4342146186255136598;2021-08;0.0006251635720707457
4342146186255136598;2021-08;0.0025683092565529516
4342146186255136598;2021-08;0.0009309690217334481
4342146186255136598;2021-08;0.000739155673570923
4342146186255136598;2021-08;0.0007252760410744827
4342146186255136598;2021-08;0.0006251635720707457
4342146186255136598;2021-08;0.0006251635720707457
4342146186255136598;2021-08;0.0007028340185453717
4342146186255136598;2021-08;0.0007580118840431156
7779268298304613772;2021-07;0.0016564244025647965
7779268298304613772;2021-07;0.001451729220469506
7779268298304613772;2021-08;0.06046609174844799
7779268298304613772;2021-08;0.0015409463696842117
7779268298304613772;2021-08;0.0014943008174555146
7779268298304613772;2021-08;0.0017075244973399255
7779268298304613772;2021-08;0.0014432480614314023
7779268298304613772;2021-08;0.0014690311017806093
7779268298304613772;2021-08;0.0017075244973399255
7779268298304613772;2021-08;0.0015055934060770153
3480297543931395935;2021-07;0.039815355143391275
3480297543931395935;2021-08;0.7012435402651941
8185063234515056194;2021-07;0.0008685135348152615
8185063234515056194;2021-07;0.0008705459229607767
8185063234515056194;2021-07;0.0010110875423562438
8185063234515056194;2021-08;0.0008474803342372575
8185063234515056194;2021-08;0.0008426983929111455
8185063234515056194;2021-08;0.0008296459672507492
8939476669690489534;2021-07;0.0039636214238687245
8939476669690489534;2021-07;0.0039636214238687245
8939476669690489534;2021-07;0.0039636214238687245
8939476669690489534;2021-08;0.005909827024482714
4831939798545673038;2021-07;0.01694458986130602
4831939798545673038;2021-07;0.01694458986130602
4831939798545673038;2021-08;0.009825647382845543
3822753345985951756;2021-07;0.010354565240941402
3822753345985951756;2021-07;0.010743393409481463
3822753345985951756;2021-08;0.011989111313855876
3822753345985951756;2021-08;0.011912277334607087
5794903898038236832;2021-07;0.03681851578495011
5794903898038236832;2021-07;0.03582196403281361
5794903898038236832;2021-07;0.03681851578495011
5794903898038236832;2021-07;0.03582196403281361
5794903898038236832;2021-08;0.012340578664536514
5794903898038236832;2021-08;0.012340578664536514
5794903898038236832;2021-08;0.21997043741804073
5409960473983330744;2021-07;0.005566051441726665
5409960473983330744;2021-08;0.005791483929816413
5611787644735474299;2021-07;0.0009045569884966056
5611787644735474299;2021-07;0.0008854556250704338
5611787644735474299;2021-07;0.0008854556250704338
5611787644735474299;2021-07;0.0009045569884966056
5611787644735474299;2021-07;0.0009045569884966056
5611787644735474299;2021-07;0.0008943815303039487
5611787644735474299;2021-07;0.0009136752704433476
5611787644735474299;2021-07;0.0008386177582131828
5611787644735474299;2021-07;0.0009136752704433476
5611787644735474299;2021-07;0.0008854556250704338
5611787644735474299;2021-08;0.001434399539473468
5611787644735474299;2021-08;0.0006692514387819417
5611787644735474299;2021-08;0.0006692514387819417
5611787644735474299;2021-08;0.0006759993552926221
5611787644735474299;2021-08;0.0016482945312709188
5611787644735474299;2021-08;0.0006692514387819417
5611787644735474299;2021-08;0.0006551157211825934
4045739494965095560;2021-07;0.0008066965110990411
4045739494965095560;2021-07;0.0007226848514558168
4045739494965095560;2021-07;0.0008572356778734522
4045739494965095560;2021-07;0.0007787284071322302
4045739494965095560;2021-07;0.0006216603400396388
4045739494965095560;2021-07;0.1321820087044447
4045739494965095560;2021-07;0.07715611607537273
4045739494965095560;2021-07;0.0007226848514558168
4045739494965095560;2021-08;0.0007379671914805026
4045739494965095560;2021-08;0.0007662572109414654
4045739494965095560;2021-08;0.0007437617539837497
4045739494965095560;2021-08;0.0007577223270524232
4045739494965095560;2021-08;0.0007437617539837497
4045739494965095560;2021-08;0.0006621618175602531
4045739494965095560;2021-08;0.0006267135672581812
4045739494965095560;2021-08;0.0006591457132779024
4045739494965095560;2021-08;0.0007379671914805026
4045739494965095560;2021-08;0.0007437617539837497
4045739494965095560;2021-08;0.0007285586676962939
7628167057144760589;2021-07;0.0031567801469010023
7628167057144760589;2021-07;0.002518324536368416
7628167057144760589;2021-07;0.0031567801469010023
7628167057144760589;2021-08;0.0016534853342288882
6030285068945261052;2021-07;0.0006233974881169493
6030285068945261052;2021-08;0.000589126584634548
6030285068945261052;2021-08;0.000633983804250687
6030285068945261052;2021-08;0.0006508790087468686
8828303152301461681;2021-07;0.027053958884822843
8828303152301461681;2021-07;0.02729815779926031
8828303152301461681;2021-08;0.03224638454135928
2929243640075785940;2021-07;0.0012918089300776197
2929243640075785940;2021-07;0.0014553191327678638
2929243640075785940;2021-07;0.0012918089300776197
2929243640075785940;2021-07;0.0018528945276401268
2929243640075785940;2021-08;0.002730253023027481
3248432590399829766;2021-07;0.0013339032566521507
3248432590399829766;2021-07;0.0012489682201662527
3248432590399829766;2021-07;0.001269911709957087
3248432590399829766;2021-08;0.0012454480984787173
7613717984547031729;2021-07;0.0005879937822220241
7613717984547031729;2021-08;0.000973404786474284
7613717984547031729;2021-08;0.0009157702716050693
7613717984547031729;2021-08;0.0009122468712471157
7613717984547031729;2021-08;0.0009493109809686198
7613717984547031729;2021-08;0.0009122468712471157
8570963260597299378;2021-07;9.619629362493106e-05
8570963260597299378;2021-07;9.843450735704745e-05
8570963260597299378;2021-07;6.904652464525858e-05
8570963260597299378;2021-07;6.904652464525858e-05
8570963260597299378;2021-08;9.170492799907506e-05
1953058402621337677;2021-07;0.001022345181037432
1953058402621337677;2021-07;0.001022345181037432
1953058402621337677;2021-07;0.00107918567990887
1953058402621337677;2021-07;0.0010031532434962738
1953058402621337677;2021-07;0.001163699542778222
1953058402621337677;2021-08;0.003083712845750075
1953058402621337677;2021-08;0.0026272726444993523
1953058402621337677;2021-08;0.0026272726444993523
1953058402621337677;2021-08;0.0014382948439478102
8911073840712901131;2021-07;0.001965556229274646
9156666134024889730;2021-07;0.007832510905766341
1033361676287635885;2021-07;0.008229492780183359
1033361676287635885;2021-07;0.008229492780183359
1033361676287635885;2021-07;0.008229492780183359
2397171153213063761;2021-07;0.0007041353715143011
2397171153213063761;2021-07;0.0007071867376771473
2397171153213063761;2021-07;0.0006804937820292114
2397171153213063761;2021-08;0.0032912682534608877
2397171153213063761;2021-08;0.003234038722725995
2397171153213063761;2021-08;0.0017321704539515117
2397171153213063761;2021-08;0.0016793447243945148
2397171153213063761;2021-08;0.001752686503768731
2397171153213063761;2021-08;0.003340774768662577
2397171153213063761;2021-08;0.0017053835891980152
2397171153213063761;2021-08;0.001905088588520688
3156852928909455203;2021-07;0.003829996823061
3156852928909455203;2021-07;0.003829996823061
3156852928909455203;2021-08;0.003743080712355116
3156852928909455203;2021-08;0.003743080712355116
3156852928909455203;2021-08;0.003743080712355116
1507697130807703164;2021-07;0.00027044762113016693
1507697130807703164;2021-08;0.0003872454956218271
1507697130807703164;2021-08;0.0003872454956218271
5799279645678609726;2021-07;0.022063500362876354
8512214463586144353;2021-07;0.0019463710879037033
8512214463586144353;2021-08;0.00388311004663536
8213533889694327948;2021-07;0.0006837975623830601
8213533889694327948;2021-07;0.0006837975623830601
8213533889694327948;2021-07;0.0006837975623830601
8213533889694327948;2021-07;0.0007077648599031147
8213533889694327948;2021-07;0.0007077648599031147
8213533889694327948;2021-07;0.0006279110831663872
8213533889694327948;2021-08;0.02245089026198175
8213533889694327948;2021-08;0.0005593950874439077
8213533889694327948;2021-08;0.0007463532524232838
2535803443850893368;2021-07;0.11986356431370351
2535803443850893368;2021-08;0.03123238836910033
7770458886439606839;2021-07;0.02471265166924708
7770458886439606839;2021-08;0.016255405679754184
1156053485989336481;2021-07;0.018419109812833807
1156053485989336481;2021-07;0.018815371120963598
1156053485989336481;2021-07;0.018419109812833807
1156053485989336481;2021-08;0.012106961690379526
1156053485989336481;2021-08;0.012106961690379526
1156053485989336481;2021-08;0.012106961690379526
1156053485989336481;2021-08;0.012106961690379526
1156053485989336481;2021-08;0.012106961690379526
1156053485989336481;2021-08;0.012106961690379526
1156053485989336481;2021-08;0.012106961690379526
1156053485989336481;2021-08;0.012106961690379526
1156053485989336481;2021-08;0.011309065291520554
1156053485989336481;2021-08;0.012106961690379526
1156053485989336481;2021-08;0.012106961690379526
1156053485989336481;2021-08;0.012106961690379526
1156053485989336481;2021-08;0.012106961690379526
1156053485989336481;2021-08;0.011309065291520554
1156053485989336481;2021-08;0.012106961690379526
1156053485989336481;2021-08;0.012106961690379526
1156053485989336481;2021-08;0.012106961690379526
7215093571368368138;2021-07;0.38190291031346424
7215093571368368138;2021-07;0.5285138353173527
7215093571368368138;2021-07;0.36751405187991404
7215093571368368138;2021-07;0.47867790064363247
7215093571368368138;2021-07;0.5285138353173527
7215093571368368138;2021-07;0.5285138353173527
7215093571368368138;2021-07;0.2733973978248723
7215093571368368138;2021-08;0.24464792330598334
7215093571368368138;2021-08;0.24464792330598334
7215093571368368138;2021-08;0.3657029793760173
1711114950158155307;2021-07;0.0003388832797268264
6242636379248496392;2021-07;0.002872954333817999
6242636379248496392;2021-07;0.0033886283514243253
6242636379248496392;2021-07;0.0030105249558996603
6242636379248496392;2021-08;0.0015834725717327114
6242636379248496392;2021-08;0.0015879480657962528
6242636379248496392;2021-08;0.002077216694176275
274692171162531764;2021-07;0.010013230244723408
274692171162531764;2021-07;0.009138549311503227
274692171162531764;2021-07;0.0094180902117217
274692171162531764;2021-07;0.010013230244723408
274692171162531764;2021-07;0.010013230244723408
274692171162531764;2021-08;0.013214672716467278
274692171162531764;2021-08;0.012063745502274039
274692171162531764;2021-08;0.012063745502274039
274692171162531764;2021-08;0.012063745502274039
274692171162531764;2021-08;0.013214672716467278
3228830386980584958;2021-07;0.0005594680896318941
3228830386980584958;2021-07;0.00036437290947641515
3228830386980584958;2021-08;0.0005866879386235187
3228830386980584958;2021-08;0.0004955708951952609
1454789421854453615;2021-07;0.007734706021270654
1454789421854453615;2021-07;0.007734706021270654
1454789421854453615;2021-07;0.003501944237124013
1454789421854453615;2021-07;0.008509961031034368
1454789421854453615;2021-07;0.009080475009932427
1454789421854453615;2021-07;0.008106051563487064
1454789421854453615;2021-08;0.0073647970006793335
1454789421854453615;2021-08;0.0073647970006793335
1454789421854453615;2021-08;0.003411478062051887
1454789421854453615;2021-08;0.00771852124567254
6545052034269841737;2021-07;0.0008468555023006388
6545052034269841737;2021-07;0.0009644067674691307
6545052034269841737;2021-07;0.0011190898750759338
6545052034269841737;2021-07;0.0010332119525853867
6545052034269841737;2021-08;0.0011190898750759338
6545052034269841737;2021-08;0.0008379647130479132
6545052034269841737;2021-08;0.0009275112773270042
6545052034269841737;2021-08;0.0011061129395841288
6545052034269841737;2021-08;0.001011066075545821
7457803471605010846;2021-07;0.0011019679623200023
7457803471605010846;2021-07;0.000916655127367462
7457803471605010846;2021-07;0.001208030849701568
7457803471605010846;2021-08;0.001306586717142742
7457803471605010846;2021-08;0.0018479839477123013
7457803471605010846;2021-08;0.0013829314559095092
8716163053080758848;2021-07;0.0008405097645498624
8716163053080758848;2021-07;0.0008765930404186634
8716163053080758848;2021-07;0.0008585309470191388
8716163053080758848;2021-07;0.0008765930404186634
8716163053080758848;2021-07;0.0008405097645498624
8716163053080758848;2021-07;0.0008585309470191388
8716163053080758848;2021-08;0.001037641778252799
8716163053080758848;2021-08;0.0010231194146251936
8716163053080758848;2021-08;0.0010231194146251936
8716163053080758848;2021-08;0.001037641778252799
8716163053080758848;2021-08;0.0010031009112477052
8716163053080758848;2021-08;0.0010031009112477052
8716163053080758848;2021-08;0.001037641778252799
8107542605807471599;2021-07;0.9096525197446677
8107542605807471599;2021-07;0.8402293752063085
8107542605807471599;2021-08;0.9078686775965706
5176940320835464459;2021-07;0.0007699331551102573
5176940320835464459;2021-07;0.0008359773834128695
5176940320835464459;2021-07;0.0013169906573459887
5176940320835464459;2021-07;0.000954465741551954
5176940320835464459;2021-07;0.0008584350794777175
5176940320835464459;2021-07;0.0008570324680052133
5176940320835464459;2021-07;0.0013169906573459887
5176940320835464459;2021-07;0.0008570324680052133
5176940320835464459;2021-07;0.0009260933961743511
5176940320835464459;2021-08;0.0008443740099366148
5176940320835464459;2021-08;0.0013383859347086736
5176940320835464459;2021-08;0.0007543695532994174
5176940320835464459;2021-08;0.000762077410282982
5176940320835464459;2021-08;0.0007534654468196026
5176940320835464459;2021-08;0.000762077410282982
5303720405946805990;2021-07;0.0002476043197371279
5303720405946805990;2021-07;0.00022305839813306744
5303720405946805990;2021-08;0.0003536580320487489
2347028805684088098;2021-07;0.00036133582772587315
2347028805684088098;2021-07;0.00020646245588215722
2347028805684088098;2021-07;0.00020646245588215722
2347028805684088098;2021-08;0.0001995912013615762
2347028805684088098;2021-08;0.00015406628311722531
2347028805684088098;2021-08;0.00017804100085304665
2347028805684088098;2021-08;0.00015783804869970813
2347028805684088098;2021-08;0.0001770600166630816
3118152790263512426;2021-07;0.0025738886095870456
3118152790263512426;2021-07;0.0025738886095870456
3118152790263512426;2021-07;0.0025738886095870456
3118152790263512426;2021-07;0.0025738886095870456
3118152790263512426;2021-08;0.001196706736590923
968400235888951633;2021-07;0.0008085841482233052
968400235888951633;2021-08;0.0006496397548666192
968400235888951633;2021-08;0.0006675439554403892
3888528635045328222;2021-07;0.018780689436668083
3888528635045328222;2021-07;0.01989965800812278
3888528635045328222;2021-07;0.01959477317396853
3888528635045328222;2021-07;0.01882160735523377
3888528635045328222;2021-07;0.018838640969217925
3888528635045328222;2021-08;0.017083225471379814
3888528635045328222;2021-08;0.18301262870888713
6118873739225005756;2021-07;0.0003337500091021952
6118873739225005756;2021-08;0.0003430454114457213
3931892303497206092;2021-07;0.005610846504496493
3931892303497206092;2021-08;0.00903823467499421
3931892303497206092;2021-08;0.009443044055055735
3931892303497206092;2021-08;0.009763668778320907
3931892303497206092;2021-08;0.009763668778320907
3931892303497206092;2021-08;0.010089733434660658
8529899700094903171;2021-07;0.005558020845896926
8529899700094903171;2021-07;0.005558020845896926
8529899700094903171;2021-07;0.004785062531225761
8529899700094903171;2021-07;0.004785062531225761
8529899700094903171;2021-07;0.004552374708179145
8529899700094903171;2021-07;0.004785062531225761
8529899700094903171;2021-07;0.00491572527376184
8529899700094903171;2021-07;0.004552374708179145
8529899700094903171;2021-07;0.004785062531225761
8529899700094903171;2021-07;0.004785062531225761
8529899700094903171;2021-07;0.004785062531225761
8529899700094903171;2021-07;0.004552374708179145
8529899700094903171;2021-07;0.004785062531225761
8529899700094903171;2021-07;0.004470750754544459
8529899700094903171;2021-08;0.007498149192666752
8529899700094903171;2021-08;0.004198972189822196
8529899700094903171;2021-08;0.005245380677579234
8529899700094903171;2021-08;0.005025144571045442
8529899700094903171;2021-08;0.005245380677579234
8529899700094903171;2021-08;0.005133089969848284
8529899700094903171;2021-08;0.005133089969848284
8529899700094903171;2021-08;0.007498149192666752
8529899700094903171;2021-08;0.005025144571045442
8529899700094903171;2021-08;0.005133089969848284
8529899700094903171;2021-08;0.004198972189822196
8529899700094903171;2021-08;0.005025144571045442
8529899700094903171;2021-08;0.004198972189822196
8529899700094903171;2021-08;0.005226549843658928
8529899700094903171;2021-08;0.004367410234582656
8529899700094903171;2021-08;0.005338798425455485
8529899700094903171;2021-08;0.005025144571045442
5786895437851445408;2021-07;0.017342788411798666
5786895437851445408;2021-08;0.011856273202536351
5786895437851445408;2021-08;0.013250146040748608
1616952665234409442;2021-07;0.050732515756545575
1616952665234409442;2021-07;0.06920580886262231
1616952665234409442;2021-07;0.08329024812880657
1616952665234409442;2021-08;0.12236627422677067
1616952665234409442;2021-08;0.07112310094435692
1616952665234409442;2021-08;0.060671265943519785
8173830874846355280;2021-07;0.0002675781894771153
8173830874846355280;2021-07;0.00023982830465241325
8173830874846355280;2021-07;0.00023982830465241325
8173830874846355280;2021-07;0.0002805799405114131
8173830874846355280;2021-07;0.0002675781894771153
8173830874846355280;2021-07;0.00025363802805055427
8173830874846355280;2021-07;0.0002539457529302998
8173830874846355280;2021-07;0.00024492535991362256
8173830874846355280;2021-07;0.00023325324105685847
8173830874846355280;2021-07;0.0006273003785398982
8173830874846355280;2021-07;0.000643863668567758
8173830874846355280;2021-07;0.00022145518019094673
8173830874846355280;2021-07;0.0002172946506171466
8173830874846355280;2021-07;0.00024879276795437214
8173830874846355280;2021-08;0.00069413240560995
8173830874846355280;2021-08;0.0008956886317316075
8173830874846355280;2021-08;0.0006976929711781994
8173830874846355280;2021-08;0.0002898104738379989
8173830874846355280;2021-08;0.00029270323540669507
8173830874846355280;2021-08;0.0002898104738379989
8173830874846355280;2021-08;0.00069413240560995
8173830874846355280;2021-08;0.0005124275232215039
8173830874846355280;2021-08;0.00069413240560995
8173830874846355280;2021-08;0.00069413240560995
8173830874846355280;2021-08;0.0002898104738379989
7236776406341522879;2021-07;0.0003870298896460186
3382624494518753363;2021-07;0.3066913856528578
3382624494518753363;2021-07;0.32140985145744294
3382624494518753363;2021-07;0.31623266311829634
3382624494518753363;2021-07;0.3134147370341772
3382624494518753363;2021-08;0.2773183520196697
3382624494518753363;2021-08;0.2580205005389257
3382624494518753363;2021-08;0.7479805237605377
1003144834589372198;2021-07;0.0008196627950491036
1003144834589372198;2021-07;0.0006403505315797891
1003144834589372198;2021-07;0.0009507901525758288
1003144834589372198;2021-08;0.0012272357281954249
1003144834589372198;2021-08;0.0007411234968900943
1003144834589372198;2021-08;0.0012498998059332683
1003144834589372198;2021-08;0.0007625702927145436
1003144834589372198;2021-08;0.0008535523505905576
4043546053926060305;2021-07;0.45620583505824
4043546053926060305;2021-07;0.3997344291415345
4043546053926060305;2021-08;0.471551561553659
4043546053926060305;2021-08;0.4617219606028802
4043546053926060305;2021-08;0.45466093682691383
4043546053926060305;2021-08;0.4802264718079245
4043546053926060305;2021-08;0.4320409956286444
4043546053926060305;2021-08;0.4856079039001533
4043546053926060305;2021-08;0.43733678813169663
4043546053926060305;2021-08;0.4443479867906449
4043546053926060305;2021-08;0.42779155951516096
4043546053926060305;2021-08;0.43476797506126535
2335982750277990437;2021-07;0.03279120644012204
2335982750277990437;2021-07;0.025059548495297266
2335982750277990437;2021-07;0.024850696994764474
2335982750277990437;2021-08;0.033374823263217654
7485107528960607346;2021-07;0.00919577097111221
7485107528960607346;2021-07;0.015677834186926046
7485107528960607346;2021-07;0.00852082595035413
7485107528960607346;2021-08;0.008588490142664005
465309249432033993;2021-07;0.0007073856746087271
465309249432033993;2021-08;0.002045725474706286
465309249432033993;2021-08;0.002045725474706286
4995679129936981612;2021-07;0.39890693720475173
4995679129936981612;2021-07;0.454322291255332
4995679129936981612;2021-07;0.454322291255332
4995679129936981612;2021-08;0.41162148322476483
3137879241768961145;2021-07;0.0004371965205629937
3137879241768961145;2021-07;0.00045541520370242914
3137879241768961145;2021-07;0.000529663100814938
3137879241768961145;2021-08;0.000580136395192746
3137879241768961145;2021-08;0.0006137159164112679
3137879241768961145;2021-08;0.0005605162774457917
8090492548102964782;2021-07;0.02543364088724751
5055200744384119654;2021-07;0.00295713184418651
660382477567765256;2021-07;0.0034858973742264133
660382477567765256;2021-07;0.0032841796098427513
660382477567765256;2021-07;0.003364323232886739
660382477567765256;2021-08;0.009389134595519296
660382477567765256;2021-08;0.004877972542361162
4166581859919473627;2021-07;0.003103324158706587
4166581859919473627;2021-07;0.003103324158706587
4166581859919473627;2021-07;0.0034060558816089172
864510931144626280;2021-07;0.0019318479614624199
864510931144626280;2021-08;0.549945585258231
864510931144626280;2021-08;0.002302489537622597
4235078665660987689;2021-07;0.0026197956543392185
4235078665660987689;2021-07;0.0025553218635992352
187117706370645370;2021-07;0.0460347057353119
187117706370645370;2021-07;0.043411142631168936
187117706370645370;2021-08;0.03708065818264875
7930925883736021864;2021-07;0.0001606198102513666
7930925883736021864;2021-07;0.0004146727382328977
7930925883736021864;2021-07;0.00016090379603066397
7930925883736021864;2021-07;0.0001606198102513666
7930925883736021864;2021-07;0.00016090379603066397
7930925883736021864;2021-07;0.00017774226953426494
7930925883736021864;2021-07;0.0004146727382328977
7930925883736021864;2021-08;0.00015717765516823565
7930925883736021864;2021-08;0.00016010408104201628
7930925883736021864;2021-08;0.00017548761441832505
7930925883736021864;2021-08;0.0033591178791230526
7930925883736021864;2021-08;0.00014110515211479546
7930925883736021864;2021-08;0.00022416651453515912
7930925883736021864;2021-08;0.00015330636116713404
7930925883736021864;2021-08;0.00014110515211479546
7930925883736021864;2021-08;0.00015527778151793335
7930925883736021864;2021-08;0.00017336645882243813
7930925883736021864;2021-08;0.00015153275960824944
8004521604421988528;2021-07;0.027826546591753196
8004521604421988528;2021-07;0.0256435004968218
8004521604421988528;2021-07;0.0256435004968218
8004521604421988528;2021-07;0.0256435004968218
8004521604421988528;2021-07;0.026463859363334955
8004521604421988528;2021-08;0.01955725358542934
1276604410881911401;2021-07;0.01801448439182852
1276604410881911401;2021-07;0.02093509255923054
1276604410881911401;2021-07;0.019962845272094
1276604410881911401;2021-07;0.01801448439182852
1276604410881911401;2021-07;0.018099780803323494
1276604410881911401;2021-08;0.015666645801588948
1276604410881911401;2021-08;0.019072151222307966
1276604410881911401;2021-08;0.015666645801588948
1276604410881911401;2021-08;0.019072151222307966
1276604410881911401;2021-08;0.02103316068736045
1276604410881911401;2021-08;0.014822828831728111
1276604410881911401;2021-08;0.015666645801588948
1276604410881911401;2021-08;0.019072151222307966
1276604410881911401;2021-08;0.015666645801588948
1958660709350677213;2021-07;0.06346770224669
1958660709350677213;2021-08;0.14319505160989865
1958660709350677213;2021-08;0.1782523489747935
9052787288251876909;2021-07;0.00024805526062292516
1002362614649347438;2021-07;0.010601609004355642
1002362614649347438;2021-07;0.010601609004355642
1002362614649347438;2021-08;0.01638867121396688
1002362614649347438;2021-08;0.016161135792197048
3093415403379897112;2021-07;0.0006082364567458725
3536431875244944563;2021-07;0.014976368690277811
3536431875244944563;2021-08;0.00344724526210721
2493688222671282470;2021-07;0.0022898410900733545
2493688222671282470;2021-08;0.0037636546907644634
5263285038415073073;2021-07;0.32506589762956073
5263285038415073073;2021-07;0.30643031009297755
5263285038415073073;2021-07;0.27907937737992977
7436628409157313756;2021-07;0.0066030686695867785
7436628409157313756;2021-07;0.01425288320143592
7436628409157313756;2021-08;0.007872173203867341
7436628409157313756;2021-08;0.007532587159783449
7436628409157313756;2021-08;0.008799383829886008
4071158585850879204;2021-07;0.03431936126679398
2634859679238614382;2021-07;0.0013547639659484696
2634859679238614382;2021-07;0.0013959670049818683
2634859679238614382;2021-07;0.0015503644503466682
2634859679238614382;2021-08;0.0523795355177018
2634859679238614382;2021-08;0.0011995430265725336
2634859679238614382;2021-08;0.0010098269400360925
2634859679238614382;2021-08;0.0010334075846813568
2634859679238614382;2021-08;0.0009732722324523517
8505870778358741102;2021-07;0.004136154747484368
8505870778358741102;2021-07;0.004242206028444298
8505870778358741102;2021-08;0.004309213209883389
3997247264680905799;2021-07;0.0006274391211659898
3997247264680905799;2021-07;0.0006274391211659898
3997247264680905799;2021-08;0.0006003355986130823
3997247264680905799;2021-08;0.0012236773034623102
510795635145114083;2021-07;0.004427625172607831
510795635145114083;2021-07;0.00451396642176358
510795635145114083;2021-08;0.0059070237467356524
510795635145114083;2021-08;0.005875838162553699
510795635145114083;2021-08;0.0059070237467356524
510795635145114083;2021-08;0.0059070237467356524
6546850858912852316;2021-07;0.28513051437757375
6546850858912852316;2021-07;0.3190600843193459
6546850858912852316;2021-07;0.3190600843193459
2768068015169423097;2021-07;0.012941970099693643
2768068015169423097;2021-07;0.012941970099693643
2768068015169423097;2021-08;0.017586239501467288
7949169060790541229;2021-07;0.0010131992553218262
7949169060790541229;2021-07;0.0027907250721279303
7949169060790541229;2021-08;0.0027907250721279303
7949169060790541229;2021-08;0.0012477460309160456
6964108750473070287;2021-07;0.0013645483084108359
6964108750473070287;2021-07;0.0016884613019292481
6964108750473070287;2021-07;0.0013645483084108359
6964108750473070287;2021-07;0.0016884613019292481
6964108750473070287;2021-07;0.0013645483084108359
6964108750473070287;2021-07;0.001726127119570139
6964108750473070287;2021-07;0.0013750862508286948
6964108750473070287;2021-07;0.0013645483084108359
6964108750473070287;2021-07;0.001666067807272139
6964108750473070287;2021-07;0.0012724748378972767
6964108750473070287;2021-07;0.0013645483084108359
6964108750473070287;2021-07;0.001726127119570139
6964108750473070287;2021-07;0.0013750862508286948
6964108750473070287;2021-07;0.001726127119570139
6964108750473070287;2021-08;0.0017651986755853417
6964108750473070287;2021-08;0.001653195715801324
6964108750473070287;2021-08;0.0019511290787245189
6964108750473070287;2021-08;0.002083274714517907
6964108750473070287;2021-08;0.0020859480563452737
6964108750473070287;2021-08;0.0014603298419221767
6964108750473070287;2021-08;0.0017651986755853417
6964108750473070287;2021-08;0.0014603298419221767
6964108750473070287;2021-08;0.001653195715801324
6964108750473070287;2021-08;0.0017651986755853417
6964108750473070287;2021-08;0.0014603298419221767
6964108750473070287;2021-08;0.00173424195138736
6964108750473070287;2021-08;0.0018045732390543439
6964108750473070287;2021-08;0.008786362676810067
6964108750473070287;2021-08;0.0014603298419221767
6964108750473070287;2021-08;0.001653195715801324
6964108750473070287;2021-08;0.001653195715801324
6964108750473070287;2021-08;0.0014603298419221767
6964108750473070287;2021-08;0.001653195715801324
6964108750473070287;2021-08;0.001653195715801324
6964108750473070287;2021-08;0.0014603298419221767
6964108750473070287;2021-08;0.001653195715801324
6964108750473070287;2021-08;0.0017651986755853417
6964108750473070287;2021-08;0.0028976724206575717
6964108750473070287;2021-08;0.0018045732390543439
6964108750473070287;2021-08;0.001690076168448988
6964108750473070287;2021-08;0.001471606382524809
6964108750473070287;2021-08;0.001471606382524809
6964108750473070287;2021-08;0.001653195715801324
6964108750473070287;2021-08;0.0017651986755853417
6964108750473070287;2021-08;0.001653195715801324
3218226066162129945;2021-07;0.004267298853902538
3218226066162129945;2021-08;0.005157440677194711
3218226066162129945;2021-08;0.005157440677194711
3218226066162129945;2021-08;0.005157440677194711
3218226066162129945;2021-08;0.005157440677194711
3218226066162129945;2021-08;0.4280515066583686
3218226066162129945;2021-08;0.005157440677194711
4527499691197377217;2021-07;0.0024114447252923366
4527499691197377217;2021-07;0.0024940438269496885
4527499691197377217;2021-08;0.0580342938451986
4532469127306079736;2021-07;0.0013238066454972649
4532469127306079736;2021-07;0.0013260993263547137
1129657311668961746;2021-07;0.04263824982861423
1129657311668961746;2021-07;0.04263824982861423
1129657311668961746;2021-08;0.04007116978356774
1129657311668961746;2021-08;0.04007116978356774
3977861004707764824;2021-07;0.006956206763493309
3977861004707764824;2021-07;0.002816164732282688
3977861004707764824;2021-07;0.003002352414225512
3977861004707764824;2021-07;0.0042064033163801496
3977861004707764824;2021-07;0.004099320971866001
3977861004707764824;2021-07;0.003002352414225512
3977861004707764824;2021-07;0.003002352414225512
3977861004707764824;2021-08;0.0038447034961465423
3977861004707764824;2021-08;0.003884822514377829
3977861004707764824;2021-08;0.003798400249568912
3977861004707764824;2021-08;0.003838037960572677
3977861004707764824;2021-08;0.004680554617008192
3977861004707764824;2021-08;0.0027108191889928714
8480109508191086169;2021-07;0.000536901306360135
8480109508191086169;2021-08;0.0005358611834303496
8480109508191086169;2021-08;0.0005358611834303496
6795467882769787169;2021-07;0.0004738855614469359
6795467882769787169;2021-07;0.0011847620196233167
6795467882769787169;2021-08;0.013067770366621581
2191990606593345695;2021-07;0.0031373782200171947
2191990606593345695;2021-07;0.005106468067760985
2191990606593345695;2021-07;0.003853366837796185
2191990606593345695;2021-08;0.0061763958092253225
6759864637454708017;2021-07;0.005820295534660287
6759864637454708017;2021-07;0.005892801840532285
6759864637454708017;2021-08;0.00577612997143488
6759864637454708017;2021-08;0.08226295440225471
6759864637454708017;2021-08;0.006080209751724604
6759864637454708017;2021-08;0.006077460803101824
6759864637454708017;2021-08;0.005986938182155874
5440313607363845188;2021-07;0.0005600249798092146
5440313607363845188;2021-08;0.0007785004669527485
5304536516981778801;2021-07;0.00208295946120684
5304536516981778801;2021-07;0.0015096179553733382
5304536516981778801;2021-07;0.000985518458983807
5304536516981778801;2021-08;0.0008430580418223449
5304536516981778801;2021-08;0.0012813646129461878
5304536516981778801;2021-08;0.0012522238471496913
5304536516981778801;2021-08;0.0008364422677301992
5304536516981778801;2021-08;0.0008430580418223449
5304536516981778801;2021-08;0.0008191027852848105
665854826624598350;2021-07;0.0014373484627868355
665854826624598350;2021-07;0.0010613704343445333
665854826624598350;2021-07;0.002062194462526038
665854826624598350;2021-08;0.001043433632837187
665854826624598350;2021-08;0.001043433632837187
665854826624598350;2021-08;0.001326736565157913
665854826624598350;2021-08;0.00147566733819873
4935929591787890253;2021-07;0.00107282174040936
4935929591787890253;2021-07;0.00107282174040936
4935929591787890253;2021-08;0.0003049217160899978
670573866376512619;2021-07;0.003453725939851306
670573866376512619;2021-07;0.003453725939851306
3668905663669864663;2021-07;0.0006514514025370854
3668905663669864663;2021-08;0.0002859131032612272
3668905663669864663;2021-08;0.09058115452215813
3668905663669864663;2021-08;0.00033777819440507163
4862285428951244424;2021-07;0.00017046992751483398
4862285428951244424;2021-07;0.00017046992751483398
4862285428951244424;2021-07;8.139366343047376e-05
4862285428951244424;2021-08;5.359469538405903e-05
5528372913947954503;2021-07;0.005826203703107722
5528372913947954503;2021-07;0.005987298402414334
5528372913947954503;2021-08;0.01313618197002696
5528372913947954503;2021-08;0.006060658295431755
1118514612547157551;2021-07;0.03667657265507953
1118514612547157551;2021-07;0.036568510012514
1118514612547157551;2021-07;0.10253303741008711
1118514612547157551;2021-08;0.01831844594491033
1118514612547157551;2021-08;0.019064706022914213
2903869860445366876;2021-07;0.002259143665944028
2903869860445366876;2021-08;0.0016544867910640519
2903869860445366876;2021-08;0.0016544867910640519
410843023337872279;2021-07;0.0014189632431455294
410843023337872279;2021-07;0.0014113325935903875
3281617395243454427;2021-07;0.01373013183194746
3281617395243454427;2021-07;0.01373013183194746
3281617395243454427;2021-08;0.014141828136285844
2128970218770090704;2021-07;0.001959017644760604
2128970218770090704;2021-07;0.0025881575406675995
2128970218770090704;2021-07;0.0021070551965433485
2128970218770090704;2021-08;0.0012773204503006826
2128970218770090704;2021-08;0.0009499466893534459
2128970218770090704;2021-08;0.0012025276154401278
2128970218770090704;2021-08;0.001956053615486355
2307201111381758912;2021-07;0.0022146163479849867
2307201111381758912;2021-08;0.0034615331446622728
3408536439470975134;2021-07;0.00018302163137912962
3408536439470975134;2021-07;0.000209005060216383
3408536439470975134;2021-07;0.00020007943766231476
3408536439470975134;2021-07;0.00018593299062129136
3408536439470975134;2021-08;0.00020476068175278355
3408536439470975134;2021-08;0.00016733175868892036
3408536439470975134;2021-08;0.00016609146878838237
3408536439470975134;2021-08;0.00016497804831871492
2106875407768047316;2021-07;0.0007748063550521526
2106875407768047316;2021-07;0.000594473645726963
2106875407768047316;2021-07;0.0006250659909644058
2106875407768047316;2021-07;0.00038469265680806574
7067471043900250355;2021-07;0.005050904873633268
7067471043900250355;2021-07;0.005050904873633268
7067471043900250355;2021-08;0.005902437089984202
7067471043900250355;2021-08;0.005902437089984202
6535356415509860671;2021-07;0.005008374620717034
4095739077267179172;2021-07;0.01287534748801443
4095739077267179172;2021-07;0.011796912005738328
180672270337706285;2021-07;0.4429361104321925
180672270337706285;2021-07;0.4429361104321925
180672270337706285;2021-07;0.455891627774867
180672270337706285;2021-07;0.44834262350084875
180672270337706285;2021-08;0.3840537549032548
180672270337706285;2021-08;0.44834262350084875
180672270337706285;2021-08;0.44834262350084875
1977574645216036803;2021-07;0.18236632563842162
1977574645216036803;2021-08;0.18236632563842162
1977574645216036803;2021-08;0.8141148001445394
7707459425750676368;2021-07;0.7451516246638614
7707459425750676368;2021-08;0.06240293177940145
226405871752897670;2021-07;0.0002139693763499158
226405871752897670;2021-08;0.00026057834440340084
226405871752897670;2021-08;0.0002557453386490395
5503073374822479037;2021-07;0.002511236229867456
5503073374822479037;2021-07;0.0026966049847557756
5503073374822479037;2021-08;0.004552970054592175
5503073374822479037;2021-08;0.00266292894530729
5503073374822479037;2021-08;0.0026447430814846595
3161361581909316305;2021-07;0.0040042468173662644
652740132671309295;2021-07;0.023021239212667514
652740132671309295;2021-07;0.020407209526204666
5503391736465275980;2021-07;0.0018012800714236185
5503391736465275980;2021-07;0.0018012800714236185
5503391736465275980;2021-08;0.001468085694899783
5503391736465275980;2021-08;0.0015594791509494547
8895896724713458749;2021-07;0.0013974709973895545
8895896724713458749;2021-07;0.0010559674314432293
8895896724713458749;2021-07;0.0010559674314432293
8895896724713458749;2021-08;0.0003852269809560016
8895896724713458749;2021-08;0.00043375108284488564
9184785003280841216;2021-07;0.0035756083147054345
9184785003280841216;2021-07;0.0035410288951847066
9184785003280841216;2021-08;0.003507076893556488
9184785003280841216;2021-08;0.0035410288951847066
1210783884008131648;2021-07;0.0007491066088999464
1210783884008131648;2021-07;0.0008798780379313045
1210783884008131648;2021-07;0.0006196500617501254
345447888460137901;2021-07;0.02389305415474388
6368582840625614207;2021-07;0.00045578369285204285
6368582840625614207;2021-08;0.0003490338300214829
1044568737046072781;2021-07;0.008362099300083699
5864443060004179363;2021-07;0.0007721426201532907
5864443060004179363;2021-07;0.0005599380545282455
5864443060004179363;2021-07;0.0006418012268798891
5864443060004179363;2021-08;0.0007760212583131671
5864443060004179363;2021-08;0.0006855172151302635
5864443060004179363;2021-08;0.0006855172151302635
5864443060004179363;2021-08;0.0006855172151302635
5864443060004179363;2021-08;0.000858056010408316
5864443060004179363;2021-08;0.0006344088769971002
2214132103234633622;2021-07;0.0015221431027097859
2214132103234633622;2021-07;0.0013939226475359922
2214132103234633622;2021-08;0.0011572532899237907
2214132103234633622;2021-08;0.0011572532899237907
2214132103234633622;2021-08;0.0015438513174393306
2214132103234633622;2021-08;0.0015438513174393306
2214132103234633622;2021-08;0.0011572532899237907
5369576709077493659;2021-07;0.011001457314842984
5369576709077493659;2021-07;0.011001457314842984
5369576709077493659;2021-07;0.04415444059568729
5369576709077493659;2021-07;0.10912424217442178
3634047863995720708;2021-07;0.0017538651208715724
3634047863995720708;2021-08;0.002113817806411609
3634047863995720708;2021-08;0.002113817806411609
792560389712312178;2021-07;0.0008775617078624472
792560389712312178;2021-07;0.0007907939162382967
792560389712312178;2021-08;0.05666720945919726
792560389712312178;2021-08;0.0009222385887978173
792560389712312178;2021-08;0.0009434675115483952
4717717003637613480;2021-07;0.0015041214542086039
4717717003637613480;2021-07;0.0015041214542086039
4717717003637613480;2021-08;0.0017049579751596685
4717717003637613480;2021-08;0.0017920861864912448
4717717003637613480;2021-08;0.0017090151139443938
1104269683367198574;2021-07;0.0008652949686884334
1104269683367198574;2021-07;0.0008649230290125904
1104269683367198574;2021-08;0.0014127737289668766
7870373680211625064;2021-07;0.001733610055462415
7870373680211625064;2021-07;0.0039188659748016046
7870373680211625064;2021-07;0.004095053673991402
7870373680211625064;2021-08;0.009214880525567268
7870373680211625064;2021-08;0.004193938314305493
7870373680211625064;2021-08;0.004193938314305493
7870373680211625064;2021-08;0.008684148556753788
7038761645302069945;2021-07;0.00427965217106795
7038761645302069945;2021-08;0.0027632659026047865
5888474320320735000;2021-07;0.5489232949021016
5888474320320735000;2021-08;0.5461706676124262
5888474320320735000;2021-08;0.645192590916454
5888474320320735000;2021-08;0.658348380258686
4414438591613884911;2021-07;0.002993521091596249
4414438591613884911;2021-08;0.0027024243307343684
4414438591613884911;2021-08;0.0027873358945394674
4414438591613884911;2021-08;0.002661410043928719
4950871361132426979;2021-07;0.02822168592202269
4950871361132426979;2021-08;0.010896656898426355
6462952350255736003;2021-07;0.0012507168929083642
6462952350255736003;2021-07;0.0015483461336254075
4061297388883391410;2021-07;0.000940038277232539
4061297388883391410;2021-08;0.0007818884298050844
4061297388883391410;2021-08;0.0007393999608673713
4061297388883391410;2021-08;0.0007818884298050844
4061297388883391410;2021-08;0.0007651911610993752
5522764880180045081;2021-07;0.004739798796784973
5522764880180045081;2021-07;0.00627532311476424
5522764880180045081;2021-08;0.004330526981467691
5522764880180045081;2021-08;0.002747780089466063
5522764880180045081;2021-08;0.004203260346141152
5522764880180045081;2021-08;0.0046724998694124015
8609211777002937758;2021-07;0.0009776324596077741
8609211777002937758;2021-08;0.0018112432576067763
2694466161223698243;2021-07;0.7583880003397958
2694466161223698243;2021-07;0.8266123331790496
8350724667410677464;2021-07;0.006032379515819128
8350724667410677464;2021-07;0.005962614750037745
8350724667410677464;2021-07;0.006032379515819128
8350724667410677464;2021-07;0.007834750498022935
8350724667410677464;2021-08;0.23186247414837538
1088521227159442264;2021-07;0.0056297289436083075
1088521227159442264;2021-07;0.005189504982197077
1088521227159442264;2021-07;0.006228166124856444
1088521227159442264;2021-08;0.006291381563557261
1088521227159442264;2021-08;0.018222129561753668
7895753719321668294;2021-07;0.0005280806720542894
7895753719321668294;2021-07;0.0007178705736417619
7895753719321668294;2021-08;0.000526117003991524
7895753719321668294;2021-08;0.0006260345313549544
4641659186059167709;2021-07;0.00860538584198201
4641659186059167709;2021-07;0.00978107181376345
2819054834565698513;2021-07;0.0057245754810784436
2819054834565698513;2021-07;0.0057245754810784436
2819054834565698513;2021-08;0.0043215643649408405
3591324331706630867;2021-07;0.01728523820751091
3591324331706630867;2021-07;0.015260208551607696
3591324331706630867;2021-08;0.013550292578118427
3591324331706630867;2021-08;0.011768709534470885
3591324331706630867;2021-08;0.010374486153397734
2493305884832539159;2021-07;0.10307993232621238
2493305884832539159;2021-07;0.11289482317009118
2493305884832539159;2021-08;0.1045017311592361
4972567100282306577;2021-07;0.004583201428845432
4972567100282306577;2021-07;0.004583201428845432
4972567100282306577;2021-07;0.004583201428845432
4972567100282306577;2021-08;0.003101857919670648
940214356651040716;2021-07;0.07977865696271652
940214356651040716;2021-07;0.0856400007393065
6349142675790687765;2021-07;0.31654641318074433
6349142675790687765;2021-08;0.4008801139968387
6349142675790687765;2021-08;0.5173642019486281
6349142675790687765;2021-08;0.38040381773268694
6349142675790687765;2021-08;0.5283752217489844
6352592240901579272;2021-07;0.001410272427894119
4858887739802767402;2021-07;0.0004971942078662151
4858887739802767402;2021-07;0.0004630013107033251
4858887739802767402;2021-07;0.0004630013107033251
4858887739802767402;2021-08;0.0002522305181717784
503021894071666233;2021-07;0.11720915211069448
503021894071666233;2021-08;0.036105547667256384
503021894071666233;2021-08;0.038604466134044876
503021894071666233;2021-08;0.041368687292785776
4465150716052427320;2021-07;0.0035538014443295255
4465150716052427320;2021-07;0.001408547889489803
2645324649046215594;2021-07;0.0005968637880928838
2645324649046215594;2021-07;0.0007572033003329662
2645324649046215594;2021-07;0.0021200055526004627
2645324649046215594;2021-07;0.0005968637880928838
2645324649046215594;2021-08;0.0007636329048200504
2645324649046215594;2021-08;0.0007636329048200504
5042877476420217533;2021-07;0.0009110557642549638
5042877476420217533;2021-08;0.0009611410435824759
5042877476420217533;2021-08;0.001191235431566987
8400764778654490278;2021-07;0.0162239857484651
8400764778654490278;2021-07;0.019235966073525193
8400764778654490278;2021-08;0.013403042643258561
3285246914299291124;2021-07;0.0004772489011073304
3285246914299291124;2021-07;0.00045601193792943294
3285246914299291124;2021-07;0.0004772489011073304
3285246914299291124;2021-08;0.000418747330586279
3285246914299291124;2021-08;0.00037475024567836055
3285246914299291124;2021-08;0.0004665916982903182
3285246914299291124;2021-08;0.0004202843894857948
4170463992215954403;2021-07;0.0009277093519647629
4170463992215954403;2021-08;0.0023247135497624543
1536087798470875922;2021-07;0.060746859820149116
1536087798470875922;2021-07;0.07062249500307423
1536087798470875922;2021-07;0.07000364112583253
1536087798470875922;2021-08;0.09990061124579407
1536087798470875922;2021-08;0.06800051489776918
1536087798470875922;2021-08;0.08247697944844999
1536087798470875922;2021-08;0.0739157459118694
1536087798470875922;2021-08;0.0739157459118694
1536087798470875922;2021-08;0.08657841311594082
1536087798470875922;2021-08;0.08494524862325742
4675067298171588603;2021-07;0.05793463239838495
4675067298171588603;2021-07;0.08969493913018001
4675067298171588603;2021-07;0.0640361650846704
4675067298171588603;2021-08;0.03748599595249037
4675067298171588603;2021-08;0.03331422468964927
2346482557594782345;2021-07;0.005160593494805109
2346482557594782345;2021-07;0.005160593494805109
2346482557594782345;2021-08;0.0049240071665174875
5058298901476893676;2021-07;0.0018293387449876367
5058298901476893676;2021-07;0.0018293387449876367
5058298901476893676;2021-07;0.0018293387449876367
5058298901476893676;2021-08;0.0015761641810531216
6217788509719675691;2021-07;0.003528419509825915
6217788509719675691;2021-07;0.001898879223307995
6217788509719675691;2021-07;0.004337236266736265
6217788509719675691;2021-07;0.0014433732186981654
6217788509719675691;2021-08;0.0014595709291051033
6217788509719675691;2021-08;0.0043368357420274185
4795152981525833467;2021-07;0.0020267520056408478
4795152981525833467;2021-07;0.00305004512869429
4795152981525833467;2021-08;0.01315555226567199
4795152981525833467;2021-08;0.0012927324958205738
4785355632922927313;2021-07;0.08845659678567887
4785355632922927313;2021-07;0.08845659678567887
4785355632922927313;2021-07;0.0795294154252313
4785355632922927313;2021-08;0.07467277911096741
4785355632922927313;2021-08;0.07045721269730819
4785355632922927313;2021-08;0.07195657277126122
7268895973869107930;2021-07;0.0008637217267643805
7268895973869107930;2021-07;0.0008078455768953443
7710364735942975505;2021-07;0.002484348359711156
7710364735942975505;2021-08;0.002251587866868255
7710364735942975505;2021-08;0.00397328879080979
3095408468798675621;2021-07;0.0009932319844700918
3095408468798675621;2021-08;0.0004339664596287083
7177785309735471560;2021-07;0.00046806531197799366
7177785309735471560;2021-07;0.0004190497745229657
7177785309735471560;2021-07;0.0004460533305220872
7177785309735471560;2021-08;0.00039928185044745706
8510653215962746781;2021-07;0.015331598837235914
5358243820364010940;2021-07;0.001471322776241024
5358243820364010940;2021-08;0.0016640133465258636
5358243820364010940;2021-08;0.001615187115186977
5358243820364010940;2021-08;0.0010654201060552996
5358243820364010940;2021-08;0.0016640133465258636
6927178425683104769;2021-07;0.00040934834910458305
6927178425683104769;2021-07;0.00038576278609500587
6927178425683104769;2021-08;0.0004687323381864984
6927178425683104769;2021-08;0.00038807360627380764
1269153452773908541;2021-07;0.0017740491353642847
1269153452773908541;2021-08;0.0020982785551666772
2006188298374001315;2021-07;0.001168259954382141
7325545718770538459;2021-07;0.0003428529009069241
7325545718770538459;2021-07;0.00040052209051400146
7325545718770538459;2021-07;0.00040052209051400146
7325545718770538459;2021-07;0.00037185731100496865
7325545718770538459;2021-07;0.00035325474862404156
7325545718770538459;2021-07;0.00035325474862404156
7325545718770538459;2021-07;0.00035325474862404156
7325545718770538459;2021-07;0.0003428529009069241
7325545718770538459;2021-07;0.00040052209051400146
7325545718770538459;2021-07;0.000596838699622141
7325545718770538459;2021-08;0.0006985258963548381
7325545718770538459;2021-08;0.0006156554631458112
7325545718770538459;2021-08;0.00034195641679162967
7325545718770538459;2021-08;0.0003769641822160702
7325545718770538459;2021-08;0.0003480731201321658
7325545718770538459;2021-08;0.0005684811710058497
7325545718770538459;2021-08;0.0003769641822160702
8464809590757561185;2021-07;0.0011509596758361913
8464809590757561185;2021-07;0.0010811121048826342
8464809590757561185;2021-08;0.0009107359281173038
8464809590757561185;2021-08;0.0008020999186000143
8464809590757561185;2021-08;0.0008762444836933664
8748106677402909629;2021-07;0.013710714448461241
312543480920432545;2021-07;0.0001808410423258724
312543480920432545;2021-07;0.00017376007477472994
312543480920432545;2021-07;0.00018199985873181037
312543480920432545;2021-08;0.00041698648406880603
312543480920432545;2021-08;0.00040559170737136907
1059336566956767188;2021-07;0.0009742034817253507
6186737197674630993;2021-07;0.0016459032342475554
6186737197674630993;2021-08;0.0018691775285013257
6186737197674630993;2021-08;0.04520100424016127
6186737197674630993;2021-08;0.0009212265463908584
5606267905834401873;2021-07;0.00045594781656563033
5606267905834401873;2021-08;0.0007939484855921679
5606267905834401873;2021-08;0.0006482477464152458
5606267905834401873;2021-08;0.0006013307772754926
1097345589386012260;2021-07;0.0003619275323133836
1097345589386012260;2021-08;0.0003534201507186613
2763141362035716801;2021-07;0.001098540465111805
3022528659032597047;2021-07;0.0029306001539817993
3022528659032597047;2021-07;0.0034607287787158615
3022528659032597047;2021-08;0.24775668400222436
3022528659032597047;2021-08;0.004199930832813016
3022528659032597047;2021-08;0.004004040003299579
8015571584405428572;2021-07;0.0019527065158081239
8015571584405428572;2021-08;0.02511063558079264
8015571584405428572;2021-08;0.0021106534642461065
8015571584405428572;2021-08;0.0023743790178512862
6721448955097663572;2021-07;0.003673318391184157
6721448955097663572;2021-07;0.003706851319550913
6721448955097663572;2021-07;0.003941640183674076
6721448955097663572;2021-07;0.0038678580720767
6721448955097663572;2021-07;0.003637448084692355
6721448955097663572;2021-08;0.0010224116128213457
6721448955097663572;2021-08;0.0009193230319871341
6721448955097663572;2021-08;0.0009964314017870896
6721448955097663572;2021-08;0.00116719178616295
6721448955097663572;2021-08;0.001160188655666548
6721448955097663572;2021-08;0.003832521633287379
3960251564708868781;2021-07;0.001932644978693053
3960251564708868781;2021-07;0.001979885245419898
3960251564708868781;2021-08;0.0011832358818978151
3960251564708868781;2021-08;0.0011832358818978151
3960251564708868781;2021-08;0.001860906492807535
2022367282554149730;2021-07;0.001170966965112405
2022367282554149730;2021-07;0.0010069835062367933
2022367282554149730;2021-07;0.001025552549763772
2022367282554149730;2021-07;0.000881915099867641
2022367282554149730;2021-07;0.0010069835062367933
2022367282554149730;2021-08;0.0010124716805174799
2022367282554149730;2021-08;0.001025329473163575
2022367282554149730;2021-08;0.0010124716805174799
2022367282554149730;2021-08;0.001025329473163575
2022367282554149730;2021-08;0.05824230700082479
2022367282554149730;2021-08;0.0010277363955161548
2466177460692220853;2021-07;0.003613038734040874
2466177460692220853;2021-08;0.0031422612681795544
2466177460692220853;2021-08;0.002770841300847338
7397206777205091443;2021-07;0.004868018506714785
5613825020130267729;2021-07;0.00030440186323606676
5613825020130267729;2021-07;0.000278785967883102
5613825020130267729;2021-07;0.00031473669245683333
5613825020130267729;2021-08;0.0004807491645978597
5613825020130267729;2021-08;0.0003377773113629964
5726178124659661019;2021-07;0.000489232832982967
5726178124659661019;2021-07;0.00048731040393985316
5726178124659661019;2021-07;0.0004582097483937708
5726178124659661019;2021-08;0.0003601857208852844
5726178124659661019;2021-08;0.00035924487162933825
5726178124659661019;2021-08;0.0003820306928340757
5726178124659661019;2021-08;0.0004327346469632048
5726178124659661019;2021-08;0.0003698721532909685
5726178124659661019;2021-08;0.00042208781129805724
5726178124659661019;2021-08;0.0003933873311658881
835441927760881602;2021-07;0.13209507024120573
835441927760881602;2021-08;0.11880837634612566
835441927760881602;2021-08;0.11880837634612566
1329553496073467331;2021-07;0.0035931506509534125
1329553496073467331;2021-08;0.002533709807594079
5860276371789140450;2021-07;0.07787974729196885
5860276371789140450;2021-08;0.13202386721113285
5860276371789140450;2021-08;0.06188042928915299
5810778736737569699;2021-07;0.009430492433880302
5810778736737569699;2021-08;0.03488151397487046
5810778736737569699;2021-08;0.352209499370166
7468724002190465812;2021-07;0.0009490881460926467
7468724002190465812;2021-08;0.0009063490635847274
2455576782104041698;2021-07;0.012174803533981825
2455576782104041698;2021-07;0.013280021278690244
2455576782104041698;2021-08;0.012359712578511636
2455576782104041698;2021-08;0.01289740542864836
2455576782104041698;2021-08;0.012359712578511636
4863405965754103821;2021-07;0.01046044096432997
4863405965754103821;2021-07;0.014296534511402425
4863405965754103821;2021-07;0.009397475754449644
4863405965754103821;2021-08;0.00432454147171763
4863405965754103821;2021-08;0.00432454147171763
4863405965754103821;2021-08;0.006418779878841517
4863405965754103821;2021-08;0.005919996170616381
4863405965754103821;2021-08;0.005919996170616381
4863405965754103821;2021-08;0.00432454147171763
4863405965754103821;2021-08;0.006219702681695705
4863405965754103821;2021-08;0.004374090075253131
4863405965754103821;2021-08;0.006418779878841517
2983174282784691273;2021-07;0.00276193351102346
2983174282784691273;2021-07;0.0027605335814537614
2983174282784691273;2021-08;0.0008346390291452446
2983174282784691273;2021-08;0.0007857467813648673
6969348581033924947;2021-07;0.0023151020073465677
6969348581033924947;2021-07;0.002723961444003576
6969348581033924947;2021-07;0.0023151020073465677
6969348581033924947;2021-07;0.0022486567644061863
6969348581033924947;2021-07;0.0022486567644061863
6969348581033924947;2021-08;0.015104150684159446
6969348581033924947;2021-08;0.0018220373467637055
6969348581033924947;2021-08;0.0018422359020268011
6969348581033924947;2021-08;0.0025031387689406987
8603678028264007695;2021-07;0.0026734137936868852
8603678028264007695;2021-08;0.0032630568608378835
8603678028264007695;2021-08;0.0025131712689663937
1088268935649917461;2021-07;0.004033716939372595
1088268935649917461;2021-08;0.4438173110948715
1088268935649917461;2021-08;0.005119972463142917
1717812527056208209;2021-07;0.3622718020017126
1717812527056208209;2021-07;0.3874477700894192
682352428813668634;2021-07;0.003168496128497666
682352428813668634;2021-07;0.0027298324463799787
682352428813668634;2021-07;0.0034117231037057126
682352428813668634;2021-08;0.002675447738743955
682352428813668634;2021-08;0.003419944949349364
682352428813668634;2021-08;0.0036004344288916713
6643358471662528195;2021-07;0.00035872453171871234
6643358471662528195;2021-08;0.029838050080580887
6643358471662528195;2021-08;0.00037310610729060116
1343530446996409207;2021-07;0.001158195394690355
1343530446996409207;2021-08;0.0023087545232841813
1343530446996409207;2021-08;0.0016818813867040382
3750579377644235511;2021-07;0.1026504926794405
3750579377644235511;2021-07;0.07941586381283845
3750579377644235511;2021-07;0.10333678283686017
3750579377644235511;2021-08;0.10401949592900836
3832944730982767714;2021-07;0.0018491692617076283
3832944730982767714;2021-07;0.0023160720241596007
6448580780254847411;2021-07;0.0005589878349218656
6448580780254847411;2021-07;0.0007540296298347549
4853303856126909724;2021-07;0.8719073455313203
7712263029835111826;2021-07;0.0798602723206276
8901696535927078963;2021-07;0.0024345983588061663
8901696535927078963;2021-07;0.002555329599083048
8901696535927078963;2021-07;0.002784904567075234
8901696535927078963;2021-08;0.0021865357821525505
8901696535927078963;2021-08;0.0019499886439490613
8901696535927078963;2021-08;0.0017397939896559445
8901696535927078963;2021-08;0.0021865357821525505
8901696535927078963;2021-08;0.001441968431751054
3095686599956852697;2021-07;0.0010983801920668877
3095686599956852697;2021-07;0.0005960956597225115
3095686599956852697;2021-07;0.0006151600002605082
3095686599956852697;2021-08;0.005856510544460308
3095686599956852697;2021-08;0.003037430895296918
3095686599956852697;2021-08;0.003037430895296918
5880041582322293710;2021-07;0.0029610749274448472
5880041582322293710;2021-07;0.00277017214388158
5880041582322293710;2021-07;0.0021517383818268516
5880041582322293710;2021-08;0.002205802979009337
5880041582322293710;2021-08;0.0018351532399342146
5880041582322293710;2021-08;0.0022010610905120334
5880041582322293710;2021-08;0.0018351532399342146
5880041582322293710;2021-08;0.0018351532399342146
8918635099296971351;2021-07;0.00871537511090317
8918635099296971351;2021-08;0.04070535030706876
7347715771145302549;2021-07;0.00022098755630023593
7347715771145302549;2021-07;0.00027994959157712175
7347715771145302549;2021-08;0.00024077083150994522
7347715771145302549;2021-08;0.00028680508008573893
8196449005061156808;2021-07;0.0018326706795526006
8196449005061156808;2021-08;0.0014104090130624704
7910340581026492945;2021-07;0.001224004883417089
7910340581026492945;2021-07;0.0013610287706521636
7910340581026492945;2021-07;0.0015426955108649308
7910340581026492945;2021-08;0.0012632167719397024
7910340581026492945;2021-08;0.0012632167719397024
7910340581026492945;2021-08;0.0013717323474747175
7910340581026492945;2021-08;0.0012632167719397024
7910340581026492945;2021-08;0.0013114299515549282
4588313530969303734;2021-07;0.027367386049264184
4588313530969303734;2021-07;0.027367386049264184
4588313530969303734;2021-08;0.02212352915288518
4588313530969303734;2021-08;0.02212352915288518
8229446069655666941;2021-07;0.00910522756737211
8229446069655666941;2021-07;0.8762376595753316
8229446069655666941;2021-07;0.012489256092350352
8229446069655666941;2021-07;0.009455697654790126
1299146298565441811;2021-07;0.0031501199395093838
1299146298565441811;2021-07;0.0030856639899721626
1299146298565441811;2021-08;0.0057522165206591955
2119292203323657032;2021-07;0.0005393814975407447
2119292203323657032;2021-08;0.0064036972767715
4740535838297269949;2021-07;0.0016265461823562527
4740535838297269949;2021-07;0.00209758088749281
4740535838297269949;2021-08;0.000739604140934109
8198518259946944874;2021-07;0.8989137989515863
4327694790333781288;2021-07;7.528476828976714e-05
4327694790333781288;2021-07;7.807175769186395e-05
4327694790333781288;2021-08;0.008928578181288829
4327694790333781288;2021-08;0.000169265046523529
4327694790333781288;2021-08;0.00010269646365465859
324916756972236008;2021-07;0.0012301641455338631
324916756972236008;2021-08;0.0012028701078295586
324916756972236008;2021-08;0.0009960094054722282
324916756972236008;2021-08;0.001034789747152349
324916756972236008;2021-08;0.0015866876657259744
1788369195969129749;2021-07;0.0004486107621643871
1788369195969129749;2021-08;0.0007456699870791434
6284433051333854194;2021-07;0.0008685455638188847
6284433051333854194;2021-08;0.0005176199445261042
6284433051333854194;2021-08;0.0004620565026171807
472772897496154354;2021-07;0.000764291093289422
472772897496154354;2021-08;0.000769409293063958
472772897496154354;2021-08;0.0007618449403382395
472772897496154354;2021-08;0.0012709056596307826
5108407319813072955;2021-07;0.003169960769390517
5108407319813072955;2021-07;0.0041858196583597984
1253437108265925705;2021-07;0.0006357012221188766
1253437108265925705;2021-07;0.0006216265992308883
1253437108265925705;2021-07;0.0006357012221188766
1253437108265925705;2021-08;0.013290714304046958
2209806355660046187;2021-07;0.0009168734138392026
2209806355660046187;2021-08;0.0014053628925666938
1767360303789815418;2021-07;0.0012197900614071106
8080988579391900405;2021-07;0.0005941688801620956
8080988579391900405;2021-07;0.0006653587081554737
8080988579391900405;2021-08;0.0009011842739329524
8080988579391900405;2021-08;0.0009011842739329524
8348574220426911086;2021-07;0.002542360712994682
8348574220426911086;2021-07;0.0025775873696145487
8348574220426911086;2021-07;0.004670934475400992
8348574220426911086;2021-08;0.0017510891767985235
8348574220426911086;2021-08;0.0017795030901444511
8348574220426911086;2021-08;0.0017795030901444511
8348574220426911086;2021-08;0.001695472617948892
6547872039250784411;2021-07;0.6809906912770555
6547872039250784411;2021-08;0.7667448066420415
1543875954928694094;2021-07;0.0003448635653371699
1543875954928694094;2021-07;0.0003434267316200719
8576047157867370630;2021-07;0.04736950688793484
8576047157867370630;2021-08;0.05091496317609976
3357976326879346012;2021-07;0.10449582896623966
3357976326879346012;2021-08;0.0962274448027016
903093877129717133;2021-07;0.0006517831321402383
903093877129717133;2021-07;0.0006365685786335459
903093877129717133;2021-07;0.0006517831321402383
903093877129717133;2021-08;0.014297427371687762
8536980239903840341;2021-07;0.0017793633621846169
5875663709136533612;2021-07;0.004071231690887144
6238903426443761049;2021-07;0.00414816313972887
6238903426443761049;2021-07;0.00414816313972887
6238903426443761049;2021-08;0.009680117750997516
6238903426443761049;2021-08;0.013444358041504165
6238903426443761049;2021-08;0.0037152129234362284
6238903426443761049;2021-08;0.003931042839574115
3660744270380078352;2021-07;0.05680198162416502
3660744270380078352;2021-08;0.05350198620923861
2377020220794016532;2021-07;0.0019477060425561765
2377020220794016532;2021-07;0.0019477060425561765
2377020220794016532;2021-08;0.0015826698951966443
8287608084245946173;2021-07;0.00034507932272241485
8287608084245946173;2021-07;0.0034659246074090133
8287608084245946173;2021-08;0.0003025815369470513
8287608084245946173;2021-08;0.0002832386248380348
8287608084245946173;2021-08;0.0002973339849377657
8287608084245946173;2021-08;0.00029644194302631154
8287608084245946173;2021-08;0.0002832386248380348
8287608084245946173;2021-08;0.000336956704754574
8287608084245946173;2021-08;0.0003947875089335003
8287608084245946173;2021-08;0.0002989246297493594
8287608084245946173;2021-08;0.000336956704754574
6950439982480713649;2021-07;0.054177777613783014
6950439982480713649;2021-08;0.11726143985728563
5067621068959932809;2021-07;0.05805884371321828
5067621068959932809;2021-07;0.05770104392883211
5067621068959932809;2021-07;0.0788405659739453
5067621068959932809;2021-08;0.054700485137637034
5067621068959932809;2021-08;0.04347308710013055
5067621068959932809;2021-08;0.018892225693029587
5067621068959932809;2021-08;0.018892225693029587
5067621068959932809;2021-08;0.019380049748684222
5067621068959932809;2021-08;0.04422029233209273
5067621068959932809;2021-08;0.019380049748684222
8195468623809753777;2021-07;0.001556885020556369
8195468623809753777;2021-07;0.0008067124543335232
8195468623809753777;2021-07;0.0005840353600317584
8195468623809753777;2021-07;0.001556885020556369
8195468623809753777;2021-08;0.001134030596483425
8195468623809753777;2021-08;0.0020779843471915973
8195468623809753777;2021-08;0.0020779843471915973
3632378524835692731;2021-07;0.00022189088603125816
3632378524835692731;2021-08;0.00032429342004596467
4980232475645447238;2021-07;0.0008357047768723702
4980232475645447238;2021-07;0.000944743932062032
3829967475074118757;2021-07;0.40175100924944157
3829967475074118757;2021-07;0.3836060109862013
3829967475074118757;2021-08;0.15602227383355452
3829967475074118757;2021-08;0.3754789726205177
3829967475074118757;2021-08;0.173855073135798
3829967475074118757;2021-08;0.188724969242683
2371917341091102894;2021-07;0.007038100416345755
2371917341091102894;2021-07;0.017516392357347584
3571198145319411787;2021-07;0.0006644800126069352
8503092146854371576;2021-07;0.00026361277562182174
8503092146854371576;2021-08;0.00023535068202016913
1036256411320325774;2021-07;0.0013108797124792267
1036256411320325774;2021-08;0.001718859376139359
1036256411320325774;2021-08;0.0015282785063561342
1036256411320325774;2021-08;0.0013377700749519232
8123515208041701633;2021-07;0.014994894287805637
8123515208041701633;2021-08;0.8503473127855822
8123515208041701633;2021-08;0.00957272535600957
8123515208041701633;2021-08;0.025351895469744454
5958664040344043635;2021-07;0.0029107575836885636
5958664040344043635;2021-07;0.0054673704529256085
5958664040344043635;2021-08;0.002802068260089102
8785648114090695180;2021-07;0.003975113553219408
7595945751692012281;2021-07;0.0011791733669701547
7595945751692012281;2021-08;0.02506068003590536
7595945751692012281;2021-08;0.0021595392238863854
7041489327620930099;2021-07;0.00338880888615073
7041489327620930099;2021-08;0.001799240017052508
7787306805605072964;2021-07;0.4217734393963554
7787306805605072964;2021-08;0.6403773560205291
6885171468891031140;2021-07;0.0008393533235483714
6885171468891031140;2021-08;0.000723136447285382
6885171468891031140;2021-08;0.000723136447285382
1357573192598249600;2021-07;0.0028825431053167098
1357573192598249600;2021-07;0.002795400156782321
1357573192598249600;2021-08;0.00264862471194542
1357573192598249600;2021-08;0.0026649586627161596
1357573192598249600;2021-08;0.006237359463207876
1357573192598249600;2021-08;0.002795255737457321
1357573192598249600;2021-08;0.002795255737457321
2032592272238235730;2021-07;0.0033887496034971883
2032592272238235730;2021-08;0.005037349857625722
2032592272238235730;2021-08;0.0026276259444275854
2032592272238235730;2021-08;0.0030233950375216532
4210463673385510745;2021-07;0.009853574574728725
4210463673385510745;2021-07;0.011668972801478262
4210463673385510745;2021-07;0.009853574574728725
4210463673385510745;2021-08;0.011297372993833906
4210463673385510745;2021-08;0.028691983969333954
4210463673385510745;2021-08;0.009400755359842054
3204108603682323936;2021-07;0.0003061103329485203
3204108603682323936;2021-08;0.0003061356687513808
3204108603682323936;2021-08;0.0002974128685259519
3204108603682323936;2021-08;0.0003075707143023674
9127318190908282126;2021-07;0.0005904288531872537
9127318190908282126;2021-08;0.0005220088851328971
9127318190908282126;2021-08;0.0005228943239869194
4817816966382229074;2021-07;0.003329238032043606
4817816966382229074;2021-08;0.0024765764381551327
7451017400765373278;2021-07;0.0005227494638188663
7451017400765373278;2021-08;0.00043924412172072767
7451017400765373278;2021-08;0.00023188282263439286
7451017400765373278;2021-08;0.01997005918445661
7451017400765373278;2021-08;0.00022786216998049044
7451017400765373278;2021-08;0.0002485012790185603
4524147234488547993;2021-07;0.0058767283849367885
4524147234488547993;2021-07;0.005806095316981807
4524147234488547993;2021-08;0.005424844487224009
4524147234488547993;2021-08;0.003405877424508814
191536915328669008;2021-07;0.29944585967996823
3025708129948185495;2021-07;0.0005765915620460748
5856610998569876318;2021-07;0.0008922478955983849
5856610998569876318;2021-07;0.0008685199816765659
5856610998569876318;2021-08;0.00031095670330832785
2467590416042313927;2021-07;0.000834596880040589
2467590416042313927;2021-08;0.0009652280297449594
6055129522348042687;2021-07;0.0446037173433736
8548612698724688238;2021-07;0.0036621780092310416
8548612698724688238;2021-08;0.3285033191117483
7395696797140470088;2021-07;0.0004336852994961657
7395696797140470088;2021-08;0.0004974273037246276
4724876423989598202;2021-07;0.0005380326951764732
4724876423989598202;2021-07;0.0010452475949669219
4724876423989598202;2021-08;0.001224181863137541
4724876423989598202;2021-08;0.0012128857027496655
4724876423989598202;2021-08;0.0012360851953004048
6662531979151878793;2021-07;0.0029191354299143314
2380458252615213706;2021-07;0.013497810521390943
2380458252615213706;2021-08;0.010439805242263468
6784879562354696650;2021-07;0.0033135499296110685
8535586342375301953;2021-07;0.0012357419955561937
8535586342375301953;2021-07;0.0011650952305502162
8535586342375301953;2021-08;0.02621138074721618
8535586342375301953;2021-08;0.0005356208401722278
3263212305228307743;2021-07;0.00031114547931569453
3263212305228307743;2021-07;0.0002977108093940137
3263212305228307743;2021-07;0.0004165529387060862
3263212305228307743;2021-08;0.00026916785492943357
5999145415800242177;2021-07;0.0027749098215192405
5999145415800242177;2021-08;0.004648251284485445
5999145415800242177;2021-08;0.004600977523081102
6012031176108922616;2021-07;0.0036391315142527973
6012031176108922616;2021-08;0.08834468450044569
3279078057358159966;2021-07;0.013319607455373413
3279078057358159966;2021-08;0.015159426761140937
3807130563335796378;2021-07;0.03985898353688087
3807130563335796378;2021-08;0.08949630008427684
121658372387044248;2021-07;0.003401043509286278
121658372387044248;2021-08;0.0028970358944822353
121658372387044248;2021-08;0.0028970358944822353
121658372387044248;2021-08;0.0028970358944822353
4614484019183480654;2021-07;0.00040748446076365374
4614484019183480654;2021-08;0.0004268758819782235
4614484019183480654;2021-08;0.000432296898071731
4614484019183480654;2021-08;0.00041256631010635336
5753677550753111444;2021-07;7.422083767101063e-05
5753677550753111444;2021-07;8.384198305270404e-05
5753677550753111444;2021-08;6.0310934560034595e-05
5753677550753111444;2021-08;6.184643647316668e-05
1683619849073499603;2021-07;0.002758007078290342
1683619849073499603;2021-08;0.002692799792199447
2530707686830644666;2021-07;0.008185991649889516
2530707686830644666;2021-07;0.005247515648520293
2530707686830644666;2021-07;0.0017196220050933843
2530707686830644666;2021-08;0.005242782941388304
7085295800541340563;2021-07;0.0021536995297138195
7085295800541340563;2021-07;0.0013771543461613273
7085295800541340563;2021-08;0.03262927976284666
7085295800541340563;2021-08;0.0016837186983983856
7085295800541340563;2021-08;0.0025463823792894282
7367321179169390502;2021-07;0.23931489996167987
5635781225931111684;2021-07;0.0035147396112070518
5635781225931111684;2021-07;0.005013101824864637
5635781225931111684;2021-08;0.003954449583898738
4537268360654655629;2021-07;0.040038805749508986
4537268360654655629;2021-08;0.03299697112358394
4993499380140734678;2021-07;0.0032750025991266926
6394935036014530592;2021-07;0.0017447993883785212
6394935036014530592;2021-07;0.0017447993883785212
6394935036014530592;2021-07;0.001599625143954613
6394935036014530592;2021-08;0.0011542792341046998
717981637594591016;2021-07;0.00025118621129769015
717981637594591016;2021-08;0.00032275427452471055
717981637594591016;2021-08;0.0003411710084225889
5048392903148444335;2021-07;0.008014783533329807
5048392903148444335;2021-07;0.007844254127034146
5048392903148444335;2021-08;0.007016754714485211
6521201759558790083;2021-07;0.0008959686812837202
5162636608292907782;2021-07;0.02393165513236971
5162636608292907782;2021-08;0.017637107258685253
5162636608292907782;2021-08;0.017637107258685253
5162636608292907782;2021-08;0.7446298948461254
5162636608292907782;2021-08;0.012126732996086772
8909740532547211288;2021-07;0.0015182070597079427
8909740532547211288;2021-07;0.00147477239189141
8909740532547211288;2021-08;0.00236871888309932
8909740532547211288;2021-08;0.00236871888309932
8909740532547211288;2021-08;0.0023010078388156292
8909740532547211288;2021-08;0.003724635995941108
411246418132008456;2021-07;0.00696876874106017
86110062990790869;2021-07;0.014521391278056246
86110062990790869;2021-08;0.011498299977326156
86110062990790869;2021-08;0.011498299977326156
8162017568751362437;2021-07;0.022313342045040725
314309872114206760;2021-07;0.006252751919927816
314309872114206760;2021-07;0.005254245742844131
314309872114206760;2021-08;0.006653392135321922
314309872114206760;2021-08;0.005591267423410846
314309872114206760;2021-08;0.006653392135321922
314309872114206760;2021-08;0.005591267423410846
3631603567749349715;2021-07;0.0014618958423115
3631603567749349715;2021-08;0.0011271977187507327
93982185886107798;2021-07;0.0012376329456647154
93982185886107798;2021-08;0.0014021783436810678
93982185886107798;2021-08;0.001388588698478739
8487807876567995441;2021-07;0.004909503680521921
8487807876567995441;2021-07;0.002415932193973451
8487807876567995441;2021-08;0.004003066778487253
3355881107559250653;2021-07;0.0002479978695117535
3355881107559250653;2021-07;0.00028030378992549375
3355881107559250653;2021-07;0.00030923534316867196
3355881107559250653;2021-07;0.0002479978695117535
3355881107559250653;2021-07;0.0002670952904329625
3355881107559250653;2021-07;0.0002558697913377841
3355881107559250653;2021-07;0.0002769160501321454
3355881107559250653;2021-07;0.00024500048202442216
3355881107559250653;2021-08;0.00028910620640002817
3355881107559250653;2021-08;0.0002957104486012874
3355881107559250653;2021-08;0.00028910620640002817
3355881107559250653;2021-08;0.0002982825953424341
3355881107559250653;2021-08;0.00030760517809359913
3355881107559250653;2021-08;0.0002957104486012874
7492389223353246125;2021-07;0.04167914918745858
1078687383992817574;2021-07;0.17353918861944548
1078687383992817574;2021-08;0.1841392731768572
1078687383992817574;2021-08;0.3785361680297045
1078687383992817574;2021-08;0.30736943488706064
1078687383992817574;2021-08;0.30736943488706064
1078687383992817574;2021-08;0.1841392731768572
1078687383992817574;2021-08;0.35566186909894065
5383359512938607117;2021-07;0.004523385040492914
8724731934863284019;2021-07;0.02694182703056355
8724731934863284019;2021-07;0.009549181172081804
8724731934863284019;2021-08;0.01978774764815713
7269781193318890653;2021-07;0.0005368251300705177
7269781193318890653;2021-07;0.001810279590450655
7269781193318890653;2021-08;0.0013969896051217441
4769364850030443969;2021-07;0.027942693840070327
4769364850030443969;2021-08;0.13518220007571569
4769364850030443969;2021-08;0.03650458314053172
7686361238195690925;2021-07;0.001048909144872756
7686361238195690925;2021-07;0.0033166049240684545
7686361238195690925;2021-07;0.0008965674998867118
7686361238195690925;2021-08;0.000980318765599805
7686361238195690925;2021-08;0.0011719964937949093
7686361238195690925;2021-08;0.000980318765599805
2092588065958607289;2021-07;0.0007934943197006005
2092588065958607289;2021-07;0.0007973705666113731
2092588065958607289;2021-07;0.0007973705666113731
2092588065958607289;2021-08;0.0007135593420267894
2092588065958607289;2021-08;0.0007135593420267894
2092588065958607289;2021-08;0.0007135593420267894
2092588065958607289;2021-08;0.028249369358780734
2092588065958607289;2021-08;0.0007398755853739756
2092588065958607289;2021-08;0.0007483660973378974
2092588065958607289;2021-08;0.0007303129489127021
2092588065958607289;2021-08;0.0007135593420267894
2092588065958607289;2021-08;0.0007303129489127021
2092588065958607289;2021-08;0.0007398755853739756
2092588065958607289;2021-08;0.0007135593420267894
2092588065958607289;2021-08;0.0007303129489127021
5726884001073147293;2021-07;0.002056973101758968
7398738404146260251;2021-07;0.0004122588725316037
7182085930008391174;2021-07;0.009978035929476171
7182085930008391174;2021-08;0.011485699346055943
7182085930008391174;2021-08;0.006608652345299036
1611146298923153842;2021-07;0.01423640571005331
1611146298923153842;2021-07;0.014280000275123694
1611146298923153842;2021-07;0.007061350499179214
1611146298923153842;2021-08;0.009126619526267086
1611146298923153842;2021-08;0.005329829229192435
1553628056929342565;2021-07;0.0017244446686132604
1553628056929342565;2021-07;0.0017244446686132604
1553628056929342565;2021-07;0.0015897973792751232
1553628056929342565;2021-08;0.03253560911024318
1553628056929342565;2021-08;0.002597341396615396
1553628056929342565;2021-08;0.006051721880661949
4432551314797496562;2021-07;0.9090954749112097
8385636129786687263;2021-07;0.005368404626498183
8385636129786687263;2021-08;0.0038136208667818882
1874387298050692165;2021-07;0.001958210741749209
4850722092974676955;2021-07;0.007484021487499875
4850722092974676955;2021-08;0.004335455518050783
4334472256949955221;2021-07;0.001300270759363566
4334472256949955221;2021-08;0.0027354748360061453
4334472256949955221;2021-08;0.0016271873441995378
5306165689101138983;2021-07;0.0008473099280689488
3140918607946425426;2021-07;0.0015904470389833218
3140918607946425426;2021-07;0.002093706888492505
3140918607946425426;2021-08;0.0013896467295226428
3140918607946425426;2021-08;0.0011502884673088502
3140918607946425426;2021-08;0.0011502884673088502
3140918607946425426;2021-08;0.0013896467295226428
3382609338395832683;2021-07;0.031042614255057735
3382609338395832683;2021-07;0.044661368540683706
3382609338395832683;2021-08;0.034661658051123756
3382609338395832683;2021-08;0.07820598284447514
9108733472015251498;2021-07;0.0002141573329122509
7963861799566207637;2021-07;0.00012192622105583966
7963861799566207637;2021-07;0.00011648880660184382
7963861799566207637;2021-08;0.00013208893611237426
3183208564139585182;2021-07;0.878297294557712
963687627963462983;2021-07;0.00029209799418587794
963687627963462983;2021-08;0.00026328429851816155
963687627963462983;2021-08;0.000242557058602436
4530631557358349711;2021-07;0.0011615122243158738
4530631557358349711;2021-07;0.001256025586029069
4530631557358349711;2021-08;0.001190637977979496
4530631557358349711;2021-08;0.001027208943976006
4489904752023469353;2021-07;0.061527313651997526
4489904752023469353;2021-08;0.03377395527312227
4489904752023469353;2021-08;0.039867448306874505
8248484932270772248;2021-07;0.057842081386272705
8248484932270772248;2021-08;0.04881619058456149
2333404192508932057;2021-07;0.0030795799502243083
2333404192508932057;2021-07;0.0030795799502243083
2333404192508932057;2021-08;0.0028223824922598553
8784237149961904;2021-07;0.001175147053559113
8784237149961904;2021-08;0.0011296159485313121
8784237149961904;2021-08;0.001045854476906794
8784237149961904;2021-08;0.0009349387662446447
7992317448197179816;2021-07;0.0014510952257510675
7992317448197179816;2021-08;0.0012135193395631941
7992317448197179816;2021-08;0.0012054836489198877
6276792736652545216;2021-07;0.001717223453357881
6276792736652545216;2021-08;0.0012570179897071802
6276792736652545216;2021-08;0.001108980473292228
6204723742351094322;2021-07;0.0009227130588381914
6204723742351094322;2021-08;0.003968890833108046
705648002974742140;2021-07;0.029999783284208142
705648002974742140;2021-08;0.014285262044941242
798425422240919854;2021-07;0.0003225953351169629
798425422240919854;2021-07;0.0003048338554268222
798425422240919854;2021-08;0.0003183245923360704
798425422240919854;2021-08;0.0003183245923360704
798425422240919854;2021-08;0.00033525955512776713
5432443358006556295;2021-07;0.005848828283920186
5432443358006556295;2021-08;0.002823443612710951
5432443358006556295;2021-08;0.005271210719972582
4395946187332973749;2021-07;0.0030989178555236472
4395946187332973749;2021-08;0.0017063981836740628
5752688018135006198;2021-07;0.003522172725790003
5752688018135006198;2021-08;0.0034144396048580673
5752688018135006198;2021-08;0.0036038023521932933
6633838062940819075;2021-07;0.0038498652790665134
6633838062940819075;2021-07;0.0038498652790665134
6633838062940819075;2021-07;0.0035389348152372285
6633838062940819075;2021-08;0.0031172234337351083
2598475569074240783;2021-07;0.0032351916544943677
7750874287225529604;2021-07;0.005670291204839302
7750874287225529604;2021-08;0.0041370210990862005
7750874287225529604;2021-08;0.004566626248446093
7750874287225529604;2021-08;0.004566626248446093
4635578010631860111;2021-07;0.0026864117683201034
4820852183212661131;2021-07;0.0148941940942524
4820852183212661131;2021-08;0.017725621900869896
5078307295214858596;2021-07;0.007356555114239367
8559143756893267192;2021-07;0.0775708482451336
3511416927745338332;2021-07;0.0005640642295205215
3511416927745338332;2021-08;0.0008484689842840386
5607900901204647807;2021-07;0.08990211262492483
7664272163315705419;2021-07;0.0059066257972097864
7664272163315705419;2021-08;0.002041750116930848
2088532321693492263;2021-07;0.03167099817096762
2088532321693492263;2021-08;0.44159250052360566
2088532321693492263;2021-08;0.006920678145169343
6858769421191999702;2021-07;0.003210192564586538
6858769421191999702;2021-08;0.004938028603998781
6858769421191999702;2021-08;0.0031811730126680322
1692423451726508456;2021-07;0.010312599168293428
8255085612985072878;2021-07;0.00044425776468477507
8255085612985072878;2021-07;0.0009921494796469826
8255085612985072878;2021-08;0.0010438404874262292
7176848230239877915;2021-07;0.0014407220017741142
7176848230239877915;2021-08;0.0006059007457456453
7176848230239877915;2021-08;0.0006059007457456453
5855956854975734380;2021-07;0.0038585776004558367
5855956854975734380;2021-08;0.0037990595745620065
1998941557906036376;2021-07;0.016694357495879632
1998941557906036376;2021-08;0.007965544577338803
7816319470107777265;2021-07;0.009549028763556584
295375823203017296;2021-07;0.0007067190239561706
6828316696355015040;2021-07;0.0018886059517492966
6828316696355015040;2021-08;0.0014498232813297018
8252215766413781202;2021-07;0.0015202735813946383
8252215766413781202;2021-08;0.0024047147418829206
3970610368027129821;2021-07;0.0004919303761389223
3970610368027129821;2021-08;0.00044815209525384447
7141263195360679278;2021-07;0.042755247635528515
7141263195360679278;2021-08;0.1995051723859956
7141263195360679278;2021-08;0.03197046100421824
2003221759676247813;2021-07;0.0005429894362125594
2003221759676247813;2021-08;0.000556420022157824
2735662700719640627;2021-07;0.016780691036011028
4052557282157719526;2021-07;0.006813133851488857
4052557282157719526;2021-08;0.0030886550797965093
4052557282157719526;2021-08;0.006375311134785307
3258345688897172820;2021-07;0.07401616870635584
7462607259426026440;2021-07;0.0037276580821645868
7462607259426026440;2021-08;0.0024252423808521152
4556737702757145073;2021-07;0.0016244869690517675
4556737702757145073;2021-08;0.0017799657970479468
4556737702757145073;2021-08;0.001969463478485868
6926309382371178621;2021-07;0.0009586141286599332
8961924617442201922;2021-07;0.00045462930823390104
8961924617442201922;2021-08;0.00038682485648652143
8961924617442201922;2021-08;0.0010707501000961684
8961924617442201922;2021-08;0.020260527054484532
8961924617442201922;2021-08;0.0003906880053718594
8552039412779393821;2021-07;0.007762014214043723
8552039412779393821;2021-08;0.006993821772393154
8552039412779393821;2021-08;0.006993821772393154
622073912578471754;2021-07;0.08613367564937895
1613152204777372951;2021-07;0.003182855425051196
6164364689409425900;2021-07;0.0005307743416610217
6091519986999196884;2021-07;0.0005351549577614122
6091519986999196884;2021-08;0.0009007018200173375
6091519986999196884;2021-08;0.0009317910678224166
8374461419511631785;2021-07;0.003670422815068327
8374461419511631785;2021-08;0.0030507476153290125
3421433989501830226;2021-07;0.035237336124344834
3713742318997880410;2021-07;0.0013897586289080505
3713742318997880410;2021-07;0.0017088737200347918
3713742318997880410;2021-08;0.0014117611375720727
3713742318997880410;2021-08;0.0013774743421083218
1368430815953333691;2021-07;0.061799820719970006
4183921942053157552;2021-07;0.007011178562553095
4183921942053157552;2021-08;0.015332273584807713
4183921942053157552;2021-08;0.013318827877172973
4183921942053157552;2021-08;0.013318827877172973
2900002014851776114;2021-07;0.15351442858676767
1778014915038250584;2021-07;0.2038758114369089
1778014915038250584;2021-07;0.19173718176828447
1778014915038250584;2021-08;0.12116125421869134
1420529738304793615;2021-07;0.025267344686504656
7818340804682162328;2021-07;0.011330023060767944
4661684997487171886;2021-07;0.0011459536496474627
4661684997487171886;2021-07;0.0018741722399916942
4661684997487171886;2021-08;0.0016539231510947305
4661684997487171886;2021-08;0.001569705685126893
4661684997487171886;2021-08;0.001569705685126893
4661684997487171886;2021-08;0.0018221147542347637
4661684997487171886;2021-08;0.0012007452166791209
851897122328714307;2021-07;0.0004918855439285303
851897122328714307;2021-07;0.0004898364604829599
851897122328714307;2021-08;0.0005490930381267813
851897122328714307;2021-08;0.0005740228149555014
257162352336759783;2021-07;0.0008393641679230305
257162352336759783;2021-08;0.0007972983291697226
5371387005775513675;2021-07;0.01764076632123091
5371387005775513675;2021-08;0.008744606413171176
5371387005775513675;2021-08;0.010524338597232901
662944582644865942;2021-07;0.011874724314447603
662944582644865942;2021-08;0.011319515944988746
662944582644865942;2021-08;0.012792259419111579
662944582644865942;2021-08;0.011319515944988746
1696462947583294958;2021-07;0.00029065650616419566
1696462947583294958;2021-08;0.0002006798196336208
6817075905797098547;2021-07;0.015456837830014893
6817075905797098547;2021-08;0.006634149260560807
6817075905797098547;2021-08;0.006634149260560807
6817075905797098547;2021-08;0.016704419212090756
6817075905797098547;2021-08;0.006634149260560807
6817075905797098547;2021-08;0.009180505249772557
2201150681962815877;2021-07;0.0013164169265464135
7637066986811047950;2021-07;0.007262784089971288
7637066986811047950;2021-08;0.003386279127733332
4571290108043699959;2021-07;0.00044703481456812277
4571290108043699959;2021-08;0.0008700210052200873
5562543665139612149;2021-07;0.1895191173003523
2814790209436551216;2021-07;0.004434456439391518
2814790209436551216;2021-08;0.0016161933520587243
2814790209436551216;2021-08;0.003165045432432028
8646472172649019955;2021-07;0.20337848369319939
8646472172649019955;2021-08;0.22110326914432787
4919908458022265747;2021-07;0.0023459736763105795
4919908458022265747;2021-08;0.002502895136131068
8049805689946244047;2021-07;0.0024838227228116687
8049805689946244047;2021-08;0.002094541565302502
8049805689946244047;2021-08;0.0025725510452082895
8049805689946244047;2021-08;0.0021457170247630246
1292049196559782171;2021-07;0.0012254785063230687
1292049196559782171;2021-08;0.0012346898471752735
1292049196559782171;2021-08;0.0012346898471752735
1292049196559782171;2021-08;0.0012346898471752735
1292049196559782171;2021-08;0.0012346898471752735
7810985951121711480;2021-07;0.004300788204141176
7810985951121711480;2021-08;0.004525612750387388
6098833389547425063;2021-07;0.008366585213677143
6098833389547425063;2021-08;0.0030132189403965113
8376902089871279815;2021-07;0.000667049748470846
8013668117699219722;2021-07;0.008014027684669765
8013668117699219722;2021-08;0.00781584597200018
6471448246085839373;2021-07;0.0005519664446428732
6471448246085839373;2021-08;0.0006234486802041882
1308019675417057675;2021-07;0.001618186894306848
1308019675417057675;2021-07;0.001618186894306848
1308019675417057675;2021-08;0.0013661780255447595
1235244772550233980;2021-07;0.0005929149980054285
1235244772550233980;2021-08;0.0015121297985865143
1235244772550233980;2021-08;0.0016530294576842326
5477900120643078645;2021-07;0.009845772493995911
5477900120643078645;2021-08;0.008872479840723771
5477900120643078645;2021-08;0.008872479840723771
5477900120643078645;2021-08;0.00937858672119851
6796564304742670823;2021-07;0.10048065598612026
3538481420098344176;2021-07;0.4415183863485116
3538481420098344176;2021-08;0.056676886963768616
7444686668183702737;2021-07;0.000420222713285112
7444686668183702737;2021-08;0.0012386767265849163
7444686668183702737;2021-08;0.0003757544663740616
3192341047315717823;2021-07;0.04310356590309695
3192341047315717823;2021-08;0.017014247745711985
2179772649873197365;2021-07;0.17034734485691216
7442192566700924647;2021-07;9.886144556399672e-05
6134696632487351445;2021-07;0.000669893109374384
6134696632487351445;2021-08;0.0005648860005855343
8874257794774679816;2021-07;0.0006922019239359361
2382123267535341265;2021-08;0.004406326249614126
2382123267535341265;2021-08;0.004405017427169048
2382123267535341265;2021-08;0.00397362395960555
2382123267535341265;2021-08;0.004405017427169048
3275327267689584006;2021-08;0.2117737152908648
3275327267689584006;2021-08;0.2117737152908648
3275327267689584006;2021-08;0.2117737152908648
6216982347344525048;2021-08;0.006512505867298384
6216982347344525048;2021-08;0.008260285224939365
2780030912070252968;2021-08;0.0987018760055615
8245393384938410770;2021-08;0.0010021577512691194
7920896580423665241;2021-08;0.0021741292673253493
7920896580423665241;2021-08;0.0014354503508897094
7920896580423665241;2021-08;0.0026793800180287273
1430896989654626045;2021-08;0.002412711165012944
1430896989654626045;2021-08;0.002412711165012944
9099218788416728596;2021-08;0.827299152946897
9099218788416728596;2021-08;0.690757428737473
5795100045494475994;2021-08;0.004220316196466461
5795100045494475994;2021-08;0.004220316196466461
8915958534285799867;2021-08;0.22524958272827997
7403979270048469991;2021-08;0.0007001982521802546
7403979270048469991;2021-08;0.000600476952756033
7590999900861381526;2021-08;0.0015834001922888053
8843432852270832388;2021-08;0.001331037811228114
5029701292539093910;2021-08;0.008907532941752491
5029701292539093910;2021-08;0.008907532941752491
2290083177086946553;2021-08;0.0030379165388717947
2290083177086946553;2021-08;0.002705383764794043
2290083177086946553;2021-08;0.003184575280872571
1414132620714431952;2021-08;0.17540334865643026
3036967290595689189;2021-08;0.0005523427992621956
2870813069335519467;2021-08;0.006511022831242812
7751080728852739823;2021-08;0.0015622228980568338
7751080728852739823;2021-08;0.0012746796369362094
4762256864594914240;2021-08;0.0037621161378141523
4762256864594914240;2021-08;0.0039866739620014234
3386019519917828299;2021-08;0.0015906591023331397
3386019519917828299;2021-08;0.0019697982225170014
6532139198609901627;2021-08;0.0004654348595860088
6532139198609901627;2021-08;0.0005215526830147134
8067924767167570288;2021-08;0.004130190308803949
8067924767167570288;2021-08;0.004826260430359191
8067924767167570288;2021-08;0.004826260430359191
1945147145527703963;2021-08;0.0008513893617342105
1945147145527703963;2021-08;0.0008513893617342105
1945147145527703963;2021-08;0.0008513893617342105
3333870869270823799;2021-08;0.014816454541883404
2250817603281429928;2021-08;0.0002452728634374221
2250817603281429928;2021-08;0.00021745145602607903
9038299527164672091;2021-08;0.041056132204820635
8715120689636420963;2021-08;0.000788132904859833
984915269987074754;2021-08;0.0003696240489197364
984915269987074754;2021-08;0.0004168669888991931
984915269987074754;2021-08;0.0004168669888991931
2012477868296377155;2021-08;0.006828031433240378
2012477868296377155;2021-08;0.0024812883376957875
2012477868296377155;2021-08;0.0024812883376957875
2012477868296377155;2021-08;0.005566229636907725
6100972975033180377;2021-08;0.0011981197122653163
8511588642284189303;2021-08;0.04977065425350883
8511588642284189303;2021-08;0.04977065425350883
8511588642284189303;2021-08;0.07920527412202154
7206599058451025691;2021-08;0.0009698596840405393
7206599058451025691;2021-08;0.0010367390959064387
4392369075438855735;2021-08;0.0033226236176143492
4392369075438855735;2021-08;0.0033226236176143492
4392369075438855735;2021-08;0.0033226236176143492
3447213159487287154;2021-08;0.10577921418254987
3447213159487287154;2021-08;0.11631411935669013
3447213159487287154;2021-08;0.14252973120104515
1579681122696922043;2021-08;0.014766495556281898
1579681122696922043;2021-08;0.014684493227438613
2687720147676132707;2021-08;0.0033946705236041043
2687720147676132707;2021-08;0.0029762888425881803
683445437387317282;2021-08;0.0011069553296089345
683445437387317282;2021-08;0.00046948635558898493
3903290047715748290;2021-08;0.6149697547286649
7970976988071755401;2021-08;0.05369809612639575
7970976988071755401;2021-08;0.8840556077612974
7970976988071755401;2021-08;0.07051527818470633
8083157716178259762;2021-08;0.0011662247425332768
8083157716178259762;2021-08;0.0011098046236081133
8083157716178259762;2021-08;0.0024060542021994793
8343941262792249232;2021-08;0.008298125798170257
8343941262792249232;2021-08;0.008552742544649392
8343941262792249232;2021-08;0.008148425804840336
5225029212547588718;2021-08;0.014722405792453689
170089315547146305;2021-08;0.0400246639421722
170089315547146305;2021-08;0.08202136739976894
170089315547146305;2021-08;0.236099608677905
170089315547146305;2021-08;0.11993940259261521
3724562776372632620;2021-08;0.006215586328197857
1000372849175668062;2021-08;0.0013383075253948773
1000372849175668062;2021-08;0.0012390957323158132
5200455618694210402;2021-08;0.0017990954018741127
2619109825960703851;2021-08;0.008019006194810453
6337915293429442229;2021-08;0.029633343226857175
1951407691087813358;2021-08;0.0008975937872282321
1951407691087813358;2021-08;0.0009321166917266138
1951407691087813358;2021-08;0.0013246492442829144
7471183491728700531;2021-08;0.1782166109257406
7471183491728700531;2021-08;0.1909767475852742
7330131219998265639;2021-08;0.0005036967133812129
5465001651966355821;2021-08;0.0029675372642438773
5465001651966355821;2021-08;0.004362502517119564
5465001651966355821;2021-08;0.0017677985070171996
5883155883105348987;2021-08;0.008270110432051683
4090195792518021727;2021-08;0.003401493577931635
4090195792518021727;2021-08;0.0022930502053179315
4090195792518021727;2021-08;0.0022930502053179315
18719614953021044;2021-08;0.1421306356244208
1533755281771668509;2021-08;0.0004181808411842825
837142477962609471;2021-08;0.0029019008800938205
6456490958004500912;2021-08;0.03364488675027898
5460280878923715699;2021-08;0.004231270866663451
5460280878923715699;2021-08;0.08046595731980082
1757249986361236700;2021-08;0.002273837926707338
6909701795322574613;2021-08;0.037917228278450156
1115703227712697214;2021-08;0.00250295140113222
107343823625119033;2021-08;0.0013572781466060023
107343823625119033;2021-08;0.00665342789041152
107343823625119033;2021-08;0.0015917779733426855
107343823625119033;2021-08;0.0014170807233403193
4956614249204803652;2021-08;0.0033420316968194187
4956614249204803652;2021-08;0.0035485766612349486
4008627434689715639;2021-08;0.1311139520989468
4008627434689715639;2021-08;0.12981446248035508
4008627434689715639;2021-08;0.11133287437790204
4008627434689715639;2021-08;0.10600962600748963
4008627434689715639;2021-08;0.1002087106298779
2772135008486239291;2021-08;0.2202076457029683
5558533999208199371;2021-08;0.33180517347488875
4130617254899676131;2021-08;0.16100926149548048
4130617254899676131;2021-08;0.025748815643112804
3543162424793477785;2021-08;0.026690544914598463
3543162424793477785;2021-08;0.009906505100539122
4512887927067894301;2021-08;0.1400390808008199
1044946691507317745;2021-08;0.0015810136521627598
7031913170099381454;2021-08;0.06156506461114826
2407532237672094312;2021-08;0.6744344538450412
2407532237672094312;2021-08;0.013343804077130374
5687511145009775604;2021-08;0.807985557321138
696014079855281037;2021-08;0.02782497912739659
1708019696828098378;2021-08;0.405386604713503
1708019696828098378;2021-08;0.43692936227956447
9206030810342980458;2021-08;0.04670916162803179
9206030810342980458;2021-08;0.000536599159965814
2778852475840838977;2021-08;0.024021861283150026
1106971614386004604;2021-08;0.6667102175773572
3045840317107313913;2021-08;0.0005881882869526297
3045840317107313913;2021-08;0.0005491602222071748
6754039979151386401;2021-08;0.0018510221521980755
6754039979151386401;2021-08;0.003511350189672663
6754039979151386401;2021-08;0.001827460625680864
8004409125524742779;2021-08;0.0007387555933000667
8004409125524742779;2021-08;0.0008145416549800884
8004409125524742779;2021-08;0.0005888263565879658
1741049493106216406;2021-08;0.059700750007268204
4335865859049992260;2021-08;0.0011940182918330896
4335865859049992260;2021-08;0.0009204380737472676
4335865859049992260;2021-08;0.0011842014627278404
8623308321032624474;2021-08;0.5903330641355711
8623308321032624474;2021-08;0.04573237903000096
3516294920850464913;2021-08;0.010592481218891805
1052398277967427422;2021-08;0.36052674514475896
1334091158016312155;2021-08;0.00892200775029744
6486277549325701534;2021-08;0.0008954914112712776
6486277549325701534;2021-08;0.0008954914112712776
6486277549325701534;2021-08;0.0008954914112712776
1423952977138155129;2021-08;0.001038826554773922
1423952977138155129;2021-08;0.0010354743038186649
1956406515279457110;2021-08;0.12192631127839992
1956406515279457110;2021-08;0.02751883287301373
1956406515279457110;2021-08;0.031579864476214116
7142043104834932013;2021-08;0.013375506780775353
7142043104834932013;2021-08;0.010660059739439147
2785178201607654410;2021-08;0.03754678939587147
3472934456083131714;2021-08;0.0007687023646110249
3472934456083131714;2021-08;0.0010453657452938686
5487870288449327165;2021-08;0.043001828516133836
6528158819463595826;2021-08;0.0007036907009770753
8163895533020293251;2021-08;0.6020001995325481
8163895533020293251;2021-08;0.6011475517036358
4660230701075746534;2021-08;0.1727695549101355
4660230701075746534;2021-08;0.16492427575434174
6842075380768862290;2021-08;0.02232659514586183
7911162482760986289;2021-08;0.14788175819690805
8729164666041467296;2021-08;0.01376559119515441
521351744568531135;2021-08;0.0035090088171710284
1166653268490470189;2021-08;0.0213420811673459
1166653268490470189;2021-08;0.0213420811673459
7076661330300123587;2021-08;0.003103401506879376
531805620371082364;2021-08;0.004173025856859768
4165983075385227812;2021-08;0.0008014191911711368
4165983075385227812;2021-08;0.002472739931388832
4165983075385227812;2021-08;0.0008577901901229007
665505091521986356;2021-08;0.0005905761546800421
1687017009357941608;2021-08;0.01363882199906156
2773493808492482979;2021-08;0.0007841520840186768
4662079815415471798;2021-08;0.06875738051152193
5574997762710520717;2021-08;0.0009967137847042135
1207306324957395736;2021-08;0.5997304505773643
3915426102465954493;2021-08;0.0006397116998301506
1093053069479288753;2021-08;0.015463448185711177
4569866309119931805;2021-08;0.004181155615965383
4351694415353093046;2021-08;0.4735101331076687
5255460548789019114;2021-08;0.0023602022207807913
8826489829259520138;2021-08;0.00015357220273481232
3592461881055047578;2021-08;0.009949316105501638
6987942592445950913;2021-08;0.0004670240897678294
1467843186411742274;2021-08;0.013474120262033538
1467843186411742274;2021-08;0.012667587303558046
39547025441582855;2021-08;0.003345837551420845
39547025441582855;2021-08;0.0033978017384044723
873223039957991123;2021-08;0.0006685547171155748
7671566034617837932;2021-08;0.0007906491407318421
7671566034617837932;2021-08;0.0007765152392677394
7671566034617837932;2021-08;0.0007765152392677394
5689766561863956319;2021-08;0.0050115015949589795
7260748352873493818;2021-08;0.0053282422158001065
4284129442855564250;2021-08;0.0033100610477259226
1069093308328204542;2021-08;0.0019604570145588503
326257359176916767;2021-08;0.0005559953059270441
6615694774618628402;2021-08;0.034572509160363835
6615694774618628402;2021-08;0.03697200516222635
7524505197759784814;2021-08;0.06925903531150243
6598561842700412652;2021-08;0.7406307031109044
6598561842700412652;2021-08;0.7203630373332777
6598561842700412652;2021-08;0.7382762141386582
6598561842700412652;2021-08;0.47362423789519736
69766362497027920;2021-08;0.01598235120123444
6865071386683133124;2021-08;0.003211455561846678
6865071386683133124;2021-08;0.003340413135975855
6020593949794792044;2021-08;0.01971270217932972
1698828605814171242;2021-08;0.0027881306468978645
1698828605814171242;2021-08;0.0027881306468978645
8707474618041058293;2021-08;0.039209277522943856
6731795019313479942;2021-08;0.0005920787707754628
6941381638534728190;2021-08;0.0003384338864128374
5854364934896993687;2021-08;0.0005176878190278864
2678966409665050034;2021-08;0.0004793461068745948
8706851346184249504;2021-08;0.0013851299412884095
988707525807573448;2021-08;0.0009859056390485034
8736788139020105764;2021-08;0.45309826942478865
7061868716439556791;2021-08;0.8403555577046811
4677213860368191144;2021-08;0.020510909033663396
4677213860368191144;2021-08;0.020510909033663396
8463871205935856285;2021-08;0.004677623701919421
8463871205935856285;2021-08;0.0049932653712359545
7944852965555666513;2021-08;0.0020292793310770834
3361278050140871809;2021-08;0.3369334956122727
5373371196946859811;2021-08;0.011378578279790873
5373371196946859811;2021-08;0.011797317854549122
2386535178006664233;2021-08;0.13969927335961427
2308217045093677129;2021-08;0.002804340237646059
4831988987853936627;2021-08;0.0005996081490872094
8292458529987016717;2021-08;0.001417819752521248
8292458529987016717;2021-08;0.0015057450490263656
2805743565496207618;2021-08;0.007547797214008251
6968106554514688300;2021-08;0.0010180388008994021
8994944800097997361;2021-08;0.005203634416044525
8994944800097997361;2021-08;0.005321906800326061
8994944800097997361;2021-08;0.005321906800326061
4874157215501489741;2021-08;0.0005441848212218534
6636325081217917184;2021-08;0.09997830117879035
5540361570968095722;2021-08;0.0010470630036527387
7848910047105468475;2021-08;0.5338864422568345
8449503736717242889;2021-08;0.1788329302558209
7708030042671632236;2021-08;0.002473399898378472
7708030042671632236;2021-08;0.002496788228001751
8859064595603380512;2021-08;0.003194261262001681
5082813456193598086;2021-08;0.0006241452740083869
6704528044328834201;2021-08;0.001208336765258547
2499050168966442376;2021-08;0.18953474338288348
7138126049219817285;2021-08;0.0253294302299005
9142266044170177362;2021-08;0.01128222323230077
2508429106201166689;2021-08;0.0005597584797192934
7719481195372677540;2021-08;0.001528055443593514
8398000036517692656;2021-08;0.15077179617560713
1285245417998627607;2021-08;0.82363440499623
1997130697107291654;2021-08;0.028678502996391894
6724017568171288443;2021-08;0.0008223729723102585
5136739522477907100;2021-08;0.003733105842088204
3148228961195376491;2021-08;0.04873132503489646
1827463638348028912;2021-08;0.004848919134291486
6213213514675778388;2021-08;0.013430862624367634
1396078312562623766;2021-08;0.10917517405424533
2092588065958607289;2021-08;0.0007483660973378974
2092588065958607289;2021-08;0.0007483660973378974
2092588065958607289;2021-08;0.0007572466011668115
2092588065958607289;2021-08;0.00078797301133457
2092588065958607289;2021-09;0.0002104142900633013
2092588065958607289;2021-09;0.00024119049706697164
2092588065958607289;2021-09;0.00024119049706697164
2092588065958607289;2021-09;0.0003200338282621441
2092588065958607289;2021-09;0.00022469021804027598
2092588065958607289;2021-09;0.00022469021804027598
2092588065958607289;2021-09;0.00024110006424151023
8004409125524742779;2021-08;0.0005888263565879658
8004409125524742779;2021-09;0.00043783112835212495
8004409125524742779;2021-09;0.00043783112835212495
8004409125524742779;2021-09;0.0003758000561062771
1308019675417057675;2021-08;0.00179798015334029
1308019675417057675;2021-08;0.00179798015334029
1308019675417057675;2021-09;0.0248937274964189
1308019675417057675;2021-09;0.0018258454962799928
1687017009357941608;2021-08;0.012215388855520915
5220206408301580591;2021-08;0.032881878894192626
1088268935649917461;2021-08;0.013092194208735761
1088268935649917461;2021-08;0.009882963430784007
683445437387317282;2021-08;0.0007405326991904888
683445437387317282;2021-08;0.00046948635558898493
683445437387317282;2021-09;0.0005527345755940053
3447213159487287154;2021-08;0.12240343637719736
2499050168966442376;2021-08;0.09805989449182743
2499050168966442376;2021-09;0.9033611775671054
8529899700094903171;2021-08;0.004250444904245957
8529899700094903171;2021-08;0.004974574031556592
8529899700094903171;2021-08;0.004250444904245957
8529899700094903171;2021-08;0.003813615428804228
8529899700094903171;2021-08;0.004919051906019287
8529899700094903171;2021-08;0.0051739630020940135
8529899700094903171;2021-08;0.004825830533025385
8529899700094903171;2021-08;0.004825830533025385
8529899700094903171;2021-08;0.004825830533025385
8529899700094903171;2021-08;0.005086693110618413
8529899700094903171;2021-08;0.006231440460719082
8529899700094903171;2021-08;0.004250444904245957
8529899700094903171;2021-08;0.003666456952833761
8529899700094903171;2021-08;0.004729439741023492
8529899700094903171;2021-08;0.004825830533025385
8529899700094903171;2021-08;0.005086693110618413
8529899700094903171;2021-08;0.005086693110618413
8529899700094903171;2021-08;0.005086693110618413
8529899700094903171;2021-09;0.0045699815955668605
8529899700094903171;2021-09;0.00484498343161857
8529899700094903171;2021-09;0.00484498343161857
8529899700094903171;2021-09;0.0047381666587789605
8529899700094903171;2021-09;0.00484498343161857
8529899700094903171;2021-09;0.0047381666587789605
8529899700094903171;2021-09;0.0045699815955668605
8529899700094903171;2021-09;0.004716217068772746
8529899700094903171;2021-09;0.004694798961552547
8529899700094903171;2021-09;0.004716217068772746
8529899700094903171;2021-09;0.0047381666587789605
7221446976321358973;2021-08;0.0024767669140744863
7221446976321358973;2021-09;0.001502099291975745
7221446976321358973;2021-09;0.0017119312532161914
6594970822995540982;2021-08;0.38042211782956215
6594970822995540982;2021-09;0.014237804128612627
1156053485989336481;2021-08;0.012127030631892523
1156053485989336481;2021-08;0.030548243843613383
1156053485989336481;2021-08;0.012106961690379526
1156053485989336481;2021-08;0.030548243843613383
1156053485989336481;2021-08;0.012106961690379526
1156053485989336481;2021-08;0.012106961690379526
1156053485989336481;2021-08;0.012106961690379526
1156053485989336481;2021-08;0.012106961690379526
1156053485989336481;2021-08;0.012106961690379526
1156053485989336481;2021-08;0.012106961690379526
1156053485989336481;2021-08;0.012106961690379526
1156053485989336481;2021-08;0.012106961690379526
1156053485989336481;2021-08;0.012106961690379526
1156053485989336481;2021-08;0.012106961690379526
1156053485989336481;2021-08;0.012106961690379526
1156053485989336481;2021-08;0.012106961690379526
1156053485989336481;2021-08;0.012106961690379526
1156053485989336481;2021-08;0.012614573991129304
1156053485989336481;2021-08;0.012106961690379526
1156053485989336481;2021-08;0.012106961690379526
1156053485989336481;2021-08;0.010620966724382223
1156053485989336481;2021-08;0.012106961690379526
1156053485989336481;2021-08;0.012614573991129304
1156053485989336481;2021-08;0.012106961690379526
1156053485989336481;2021-08;0.012106961690379526
1156053485989336481;2021-08;0.012106961690379526
1156053485989336481;2021-08;0.012106961690379526
1156053485989336481;2021-08;0.012106961690379526
1156053485989336481;2021-08;0.012106961690379526
1156053485989336481;2021-08;0.012106961690379526
1156053485989336481;2021-08;0.012106961690379526
1156053485989336481;2021-08;0.012106961690379526
1156053485989336481;2021-08;0.012106961690379526
1156053485989336481;2021-09;0.020569884094919014
1156053485989336481;2021-09;0.020569884094919014
1156053485989336481;2021-09;0.020569884094919014
1156053485989336481;2021-09;0.01922510183524166
1156053485989336481;2021-09;0.020569884094919014
1156053485989336481;2021-09;0.020569884094919014
1156053485989336481;2021-09;0.020569884094919014
1156053485989336481;2021-09;0.020569884094919014
1156053485989336481;2021-09;0.020569884094919014
1156053485989336481;2021-09;0.7781491701490105
1156053485989336481;2021-09;0.020569884094919014
1156053485989336481;2021-09;0.020569884094919014
1156053485989336481;2021-09;0.020569884094919014
1156053485989336481;2021-09;0.7874782921124251
1156053485989336481;2021-09;0.7874782921124251
1156053485989336481;2021-09;0.020569884094919014
1156053485989336481;2021-09;0.020569884094919014
1156053485989336481;2021-09;0.34257763569754696
1156053485989336481;2021-09;0.020569884094919014
1156053485989336481;2021-09;0.020569884094919014
1156053485989336481;2021-09;0.020569884094919014
1156053485989336481;2021-09;0.020569884094919014
1156053485989336481;2021-09;0.01922510183524166
1156053485989336481;2021-09;0.020569884094919014
1156053485989336481;2021-09;0.020569884094919014
1156053485989336481;2021-09;0.020569884094919014
1156053485989336481;2021-09;0.020989991727866888
1156053485989336481;2021-09;0.020569884094919014
1156053485989336481;2021-09;0.020569884094919014
1156053485989336481;2021-09;0.020569884094919014
8926565682509268383;2021-08;0.0006050006462260803
8926565682509268383;2021-08;0.0006004330823127609
8926565682509268383;2021-08;0.0006075311915665081
8926565682509268383;2021-08;0.0005931785690739
8926565682509268383;2021-08;0.0006004330823127609
8926565682509268383;2021-08;0.0005741713891221008
8926565682509268383;2021-08;0.0006050006462260803
8926565682509268383;2021-09;0.0013360688004031757
8926565682509268383;2021-09;0.0013971297636438177
8926565682509268383;2021-09;0.0013802627480822656
8926565682509268383;2021-09;0.001371248099214216
8926565682509268383;2021-09;0.0021506331441762576
8926565682509268383;2021-09;0.001365540795852569
8926565682509268383;2021-09;0.0013822281559863663
8926565682509268383;2021-09;0.0013971297636438177
8926565682509268383;2021-09;0.7457373093552543
8926565682509268383;2021-09;0.002430263546487448
8926565682509268383;2021-09;0.0013971297636438177
5517114603826429870;2021-08;0.005513932640951049
5517114603826429870;2021-08;0.0027324391634836304
1118514612547157551;2021-08;0.015803343752567478
1118514612547157551;2021-08;0.015378611889274932
1118514612547157551;2021-09;0.023293716770822395
1118514612547157551;2021-09;0.023293716770822395
5108407319813072955;2021-08;0.0037125127629006553
5108407319813072955;2021-08;0.0026972584774813254
5108407319813072955;2021-08;0.003177187420576563
5108407319813072955;2021-09;0.00757945517357978
5481711897502154955;2021-08;0.0025453985994004545
5481711897502154955;2021-08;0.0027113444101078054
5481711897502154955;2021-08;0.0024271777423033477
5481711897502154955;2021-09;0.003516633750490964
5481711897502154955;2021-09;0.003516633750490964
5481711897502154955;2021-09;0.002204573372613227
5880041582322293710;2021-08;0.002059523632021129
5880041582322293710;2021-08;0.0017835090228734084
5880041582322293710;2021-08;0.0019489112167850394
5880041582322293710;2021-08;0.002677399328673631
5880041582322293710;2021-08;0.002677399328673631
5880041582322293710;2021-08;0.0019489112167850394
5880041582322293710;2021-08;0.0019489112167850394
5880041582322293710;2021-08;0.0017835090228734084
5880041582322293710;2021-09;0.003050160681517316
5880041582322293710;2021-09;0.0023286121245221737
5880041582322293710;2021-09;0.003098027542156801
4862285428951244424;2021-08;4.725992310072854e-05
4862285428951244424;2021-08;3.961312007174925e-05
4862285428951244424;2021-08;4.3812108156273115e-05
4862285428951244424;2021-08;4.434822389768365e-05
4862285428951244424;2021-09;6.54514060101764e-05
4862285428951244424;2021-09;6.704265320133596e-05
4850722092974676955;2021-08;0.016062141892366426
4850722092974676955;2021-08;0.004335455518050783
4850722092974676955;2021-09;0.004655720180510954
8163895533020293251;2021-08;0.6583693715344995
8163895533020293251;2021-08;0.6619669997377274
8163895533020293251;2021-08;0.6583693715344995
8163895533020293251;2021-08;0.6058853435992342
8163895533020293251;2021-08;0.6377859694462812
8163895533020293251;2021-08;0.6058853435992342
8163895533020293251;2021-08;0.6377859694462812
8163895533020293251;2021-09;0.5151652958627204
8163895533020293251;2021-09;0.5310514513872782
8163895533020293251;2021-09;0.5186498858630102
5761480994209806499;2021-08;0.000248937288939858
5761480994209806499;2021-08;0.00027122522358680445
5761480994209806499;2021-08;0.00014137940911256478
5761480994209806499;2021-08;0.00030768737408420655
5761480994209806499;2021-08;0.00029782535849199655
5761480994209806499;2021-08;0.00029782535849199655
5761480994209806499;2021-08;0.00023641821905719267
5761480994209806499;2021-08;0.00023641821905719267
5761480994209806499;2021-08;0.00015035842603225728
5761480994209806499;2021-08;0.0004516878137251216
5761480994209806499;2021-08;0.0004363457435069787
5761480994209806499;2021-08;0.0005202109052754198
5761480994209806499;2021-08;0.00015634375031086767
5761480994209806499;2021-08;0.00014137940911256478
5761480994209806499;2021-08;0.00028668076800682436
5761480994209806499;2021-08;0.00016283393834614
5761480994209806499;2021-08;0.000248937288939858
5761480994209806499;2021-08;0.00015049258826904332
5761480994209806499;2021-08;0.00016283393834614
5761480994209806499;2021-09;0.00033834847540917224
5761480994209806499;2021-09;0.000477529764545826
5761480994209806499;2021-09;0.0005218142778562934
5761480994209806499;2021-09;0.00018580079237399792
5761480994209806499;2021-09;0.06864621246508963
5761480994209806499;2021-09;0.00018580079237399792
5761480994209806499;2021-09;0.00015285717593691966
5761480994209806499;2021-09;0.0004665580832578208
5761480994209806499;2021-09;0.00015285717593691966
5761480994209806499;2021-09;0.0006573282150128997
5761480994209806499;2021-09;0.0010517151933265541
5761480994209806499;2021-09;0.0002745383978766997
5761480994209806499;2021-09;0.0010052570802323694
5761480994209806499;2021-09;0.0004794386198760891
5761480994209806499;2021-09;0.00016084113883852783
5761480994209806499;2021-09;0.0003734981260384108
5761480994209806499;2021-09;0.00016064151138597507
5761480994209806499;2021-09;0.0005610289989069635
5761480994209806499;2021-09;0.00048399863035138705
5761480994209806499;2021-09;0.00045966374789859366
5761480994209806499;2021-09;0.0005610289989069635
5761480994209806499;2021-09;0.0010052570802323694
5761480994209806499;2021-09;0.000823696010846813
4935929591787890253;2021-08;0.00024750162355338873
4935929591787890253;2021-08;0.00028474886377323754
4935929591787890253;2021-08;0.0003184908919596914
4935929591787890253;2021-09;0.0017980058420745662
4935929591787890253;2021-09;0.0024879251827133577
4935929591787890253;2021-09;0.0017541120625656137
5522764880180045081;2021-08;0.0038216341065752065
5522764880180045081;2021-08;0.0038216341065752065
5522764880180045081;2021-08;0.004203260346141152
5522764880180045081;2021-09;0.0026847552783782515
8409181491723988567;2021-08;0.0026966875694142954
8409181491723988567;2021-08;0.002154894410491422
8409181491723988567;2021-08;0.0010678935722106032
8409181491723988567;2021-09;0.0010451622349595881
6582676833651678345;2021-08;0.0002546794456249555
6582676833651678345;2021-08;0.00046464235736726504
6582676833651678345;2021-08;0.00025490141078691856
6582676833651678345;2021-09;0.00023430048997727734
6582676833651678345;2021-09;0.00025598985716452955
6582676833651678345;2021-09;0.00043333786280291457
6582676833651678345;2021-09;0.00043333786280291457
6582676833651678345;2021-09;0.00027559461249829117
6582676833651678345;2021-09;0.00043946438505945376
8487807876567995441;2021-08;0.00573771044558003
8487807876567995441;2021-08;0.005979737583958804
8487807876567995441;2021-09;0.0024803260256905327
8487807876567995441;2021-09;0.0025158248483297097
8733525963966339207;2021-08;0.42010660123478155
8733525963966339207;2021-08;0.3899644685262985
8733525963966339207;2021-08;0.48059806619131756
8733525963966339207;2021-09;0.47024565015525643
8733525963966339207;2021-09;0.47024565015525643
4045739494965095560;2021-08;0.0007579335940224847
4045739494965095560;2021-08;0.0008050055377123636
4045739494965095560;2021-08;0.0008150379417427108
4045739494965095560;2021-08;0.0008113260619291853
4045739494965095560;2021-08;0.0008113260619291853
4045739494965095560;2021-09;0.0008207944756433111
4045739494965095560;2021-09;0.0009240938622506621
4045739494965095560;2021-09;0.0009198857726616286
4045739494965095560;2021-09;0.0008117030253317178
4045739494965095560;2021-09;0.000845884782948878
4045739494965095560;2021-09;0.0008554118669479775
4045739494965095560;2021-09;0.0008207944756433111
4045739494965095560;2021-09;0.0008509166640997306
4045739494965095560;2021-09;0.0008117030253317178
4045739494965095560;2021-09;0.0008095913285630521
1613152204777372951;2021-08;0.00500635543385418
1613152204777372951;2021-08;0.00482363015894447
8826489829259520138;2021-08;0.0001645035114397731
8826489829259520138;2021-08;0.00016481584632848674
8826489829259520138;2021-08;0.00016773463022303994
8826489829259520138;2021-09;0.00021209873411663695
8826489829259520138;2021-09;0.00020260181076603746
3382624494518753363;2021-08;0.3276913312201306
3382624494518753363;2021-09;0.24534526913778265
8564920972266217847;2021-08;0.002341502814491974
8564920972266217847;2021-09;0.001854670899408693
5794903898038236832;2021-08;0.009600575511346937
5794903898038236832;2021-08;0.008082399843043571
5794903898038236832;2021-09;0.016251247500879227
3118152790263512426;2021-08;0.002141092357754359
3118152790263512426;2021-08;0.0006917702898684992
3118152790263512426;2021-08;0.0011072825128174363
3118152790263512426;2021-08;0.0010691845526778127
3118152790263512426;2021-08;0.0010562725069552066
3118152790263512426;2021-09;0.001983664709381157
3118152790263512426;2021-09;0.0028833548078810397
8348574220426911086;2021-08;0.0015624532934554788
8348574220426911086;2021-08;0.0028136284048355287
8348574220426911086;2021-08;0.0015624532934554788
8348574220426911086;2021-09;0.005276339966952615
8464809590757561185;2021-08;0.0007844061469519696
8464809590757561185;2021-08;0.0007704301437506721
8464809590757561185;2021-08;0.0009107359281173038
8464809590757561185;2021-08;0.0009107359281173038
8464809590757561185;2021-08;0.0007844061469519696
8464809590757561185;2021-09;0.0014607711268119791
7707459425750676368;2021-08;0.025521092355282084
7707459425750676368;2021-08;0.8216073511992217
7707459425750676368;2021-09;0.04487444673996511
2025898153078562640;2021-08;0.004372925431646161
2025898153078562640;2021-08;0.0042689126153592155
7910340581026492945;2021-08;0.0012632167719397024
7910340581026492945;2021-08;0.0012632167719397024
7910340581026492945;2021-08;0.0012632167719397024
7910340581026492945;2021-08;0.0013213051543130789
7910340581026492945;2021-09;0.1798052174905597
7910340581026492945;2021-09;0.0013564038912851943
7910340581026492945;2021-09;0.00124381553714327
8505870778358741102;2021-08;0.021607889786570394
8505870778358741102;2021-08;0.004376290383407702
8505870778358741102;2021-09;0.01130454725254038
8505870778358741102;2021-09;0.0033774181386085375
6145308913889808258;2021-08;0.04255819846296659
9184785003280841216;2021-08;0.003554090011579917
9184785003280841216;2021-08;0.0034694415735492252
9184785003280841216;2021-08;0.002985593644064909
9184785003280841216;2021-08;0.0029885080515048416
9184785003280841216;2021-08;0.0034694415735492252
9184785003280841216;2021-08;0.0034728266472523225
9184785003280841216;2021-09;0.0033866325035424765
9184785003280841216;2021-09;0.0038992514962202583
7177785309735471560;2021-08;0.00029543668724492904
7177785309735471560;2021-08;0.00035105777114083695
7177785309735471560;2021-08;0.000317277631043077
7177785309735471560;2021-09;0.0003562298025262421
7177785309735471560;2021-09;0.030603316516007204
7177785309735471560;2021-09;0.0003564904294895819
7177785309735471560;2021-09;0.00033189486378407314
7177785309735471560;2021-09;0.00036009682746711844
8835646476961190471;2021-08;0.015254733465368434
8835646476961190471;2021-08;0.015254733465368434
8835646476961190471;2021-09;0.01521456578862801
6061850657256270336;2021-08;0.0029189200355318563
6061850657256270336;2021-08;0.0029189200355318563
6061850657256270336;2021-09;0.0011695331885184983
6061850657256270336;2021-09;0.0011695331885184983
6061850657256270336;2021-09;0.005440952744427629
4679462479444735708;2021-08;0.00183232078147033
4679462479444735708;2021-08;0.0021045075160390798
4679462479444735708;2021-08;0.00183232078147033
4679462479444735708;2021-08;0.00183232078147033
4679462479444735708;2021-08;0.001962925254267964
4679462479444735708;2021-08;0.0013416589994782176
4679462479444735708;2021-08;0.001962925254267964
4679462479444735708;2021-09;0.001619950722821097
4679462479444735708;2021-09;0.0016397419515151964
4679462479444735708;2021-09;0.0018817476736407543
4679462479444735708;2021-09;0.001619950722821097
7818340804682162328;2021-08;0.00627561484450601
7818340804682162328;2021-08;0.013632811941015682
7818340804682162328;2021-09;0.11849665264648349
7818340804682162328;2021-09;0.00411557052408079
7818340804682162328;2021-09;0.008729634786392952
5757271354816214865;2021-08;0.7868546580609385
5757271354816214865;2021-08;0.7395286236211317
5757271354816214865;2021-09;0.7144227904916053
8784237149961904;2021-08;0.0010392898339238845
8784237149961904;2021-08;0.0015818797342646255
8784237149961904;2021-08;0.0015818797342646255
8784237149961904;2021-08;0.0010383611147011492
8784237149961904;2021-08;0.0009738997400514167
8784237149961904;2021-09;0.0009496864079500386
8784237149961904;2021-09;0.0008624211525614545
4414438591613884911;2021-08;0.0034730166120393135
4414438591613884911;2021-08;0.002930647204892021
4414438591613884911;2021-08;0.003022707914691457
4414438591613884911;2021-09;0.003929650335288673
4414438591613884911;2021-09;0.008001927709687592
3970610368027129821;2021-08;0.0004435755974035191
3970610368027129821;2021-09;0.00028047272319986326
3829967475074118757;2021-08;0.18852122941916977
3829967475074118757;2021-08;0.15286334397761248
3829967475074118757;2021-08;0.1765487455091824
3829967475074118757;2021-08;0.1565563628551618
3829967475074118757;2021-08;0.15286334397761248
3829967475074118757;2021-08;0.17949813098375633
3829967475074118757;2021-09;0.48548067752016677
8889055492416898333;2021-08;0.038472897469325334
8889055492416898333;2021-08;0.006594130873537049
8889055492416898333;2021-09;0.0031793701269772707
8889055492416898333;2021-09;0.03290990903164241
8889055492416898333;2021-09;0.005440656455615014
7436628409157313756;2021-08;0.007504694088043259
7436628409157313756;2021-08;0.007504694088043259
7436628409157313756;2021-09;0.012838927362495327
7436628409157313756;2021-09;0.005633475027154852
2191990606593345695;2021-08;0.0061763958092253225
2191990606593345695;2021-08;0.008178735371673894
2191990606593345695;2021-08;0.0061763958092253225
3408536439470975134;2021-08;0.0001587162591551717
3408536439470975134;2021-08;0.00016675290188527397
3408536439470975134;2021-08;0.00016774556034228737
3408536439470975134;2021-08;0.00016675290188527397
3408536439470975134;2021-08;0.00016774556034228737
3408536439470975134;2021-09;0.00016232146748881
3408536439470975134;2021-09;0.00014136154512252766
3408536439470975134;2021-09;0.00015713225345652393
3408536439470975134;2021-09;0.00015713225345652393
3408536439470975134;2021-09;0.00015115484871151903
3408536439470975134;2021-09;0.00015713225345652393
3408536439470975134;2021-09;0.00015713225345652393
3408536439470975134;2021-09;0.00015713225345652393
3408536439470975134;2021-09;0.00014133954842228828
170089315547146305;2021-08;0.04271290236004239
170089315547146305;2021-08;0.11487800591951099
170089315547146305;2021-08;0.1124030228211274
170089315547146305;2021-08;0.11380392483701417
170089315547146305;2021-08;0.038260085050798524
170089315547146305;2021-08;0.08097595273936936
170089315547146305;2021-08;0.08097595273936936
170089315547146305;2021-08;0.04053908017535362
170089315547146305;2021-09;0.017661912057468723
170089315547146305;2021-09;0.02270274204270604
3161361581909316305;2021-08;0.01449198406068816
8535586342375301953;2021-08;0.0028474748020249426
8535586342375301953;2021-08;0.0019686625496436027
8535586342375301953;2021-08;0.0005422111506519894
8535586342375301953;2021-09;0.0004766094638709154
8939476669690489534;2021-08;0.006008648338685326
8939476669690489534;2021-08;0.006008648338685326
8939476669690489534;2021-08;0.006008648338685326
8939476669690489534;2021-09;0.002996043992512764
7457803471605010846;2021-08;0.001456421305636925
7457803471605010846;2021-08;0.0018185966350025545
7457803471605010846;2021-08;0.0018479839477123013
7457803471605010846;2021-09;0.0011656194462622681
3192341047315717823;2021-08;0.0347016319016823
3192341047315717823;2021-08;0.03949198746456068
3263212305228307743;2021-08;0.0003728082131957705
3263212305228307743;2021-08;0.00026631770730596273
3263212305228307743;2021-08;0.0005535493396010211
3263212305228307743;2021-08;0.0002755185521498418
3263212305228307743;2021-08;0.0002755185521498418
3263212305228307743;2021-08;0.0002755185521498418
3263212305228307743;2021-08;0.0003728082131957705
3263212305228307743;2021-09;0.00035161422615084933
3263212305228307743;2021-09;0.0002937348877841946
4050525344257805036;2021-08;0.08253720470240289
1292049196559782171;2021-08;0.0012127604782073303
1292049196559782171;2021-08;0.0012288263132469997
1292049196559782171;2021-08;0.0012288263132469997
1292049196559782171;2021-09;0.0011839143976799856
4956614249204803652;2021-08;0.44965621009248524
4956614249204803652;2021-08;0.003648003200097609
4956614249204803652;2021-08;0.003624271710107261
4956614249204803652;2021-08;0.003624271710107261
4956614249204803652;2021-09;0.015438458937804926
4956614249204803652;2021-09;0.015438458937804926
4956614249204803652;2021-09;0.01621786193577535
5465001651966355821;2021-08;0.0029769462919397426
5465001651966355821;2021-08;0.00249602490437818
5465001651966355821;2021-08;0.0029675372642438773
5465001651966355821;2021-09;0.004628804643032215
4723919748432185874;2021-08;0.0005930985250935165
4723919748432185874;2021-08;0.0005554283940076699
4723919748432185874;2021-08;0.0006066186196614055
4723919748432185874;2021-08;0.0006166499722996447
4723919748432185874;2021-09;0.00041133286880682654
4723919748432185874;2021-09;0.0003968074709782189
4723919748432185874;2021-09;0.000460745685477583
4723919748432185874;2021-09;0.0004414897272631901
8173830874846355280;2021-08;0.00028981818171234234
8173830874846355280;2021-08;0.0002888582572188009
8173830874846355280;2021-08;0.0002798630444077458
8173830874846355280;2021-08;0.0002798630444077458
8173830874846355280;2021-08;0.0002733360742821965
8173830874846355280;2021-08;0.00028478527768004255
8173830874846355280;2021-08;0.0007938650057678449
8173830874846355280;2021-08;0.0002798630444077458
8173830874846355280;2021-08;0.00044653994339080414
8173830874846355280;2021-08;0.00028981818171234234
8173830874846355280;2021-08;0.0006482212867170323
8173830874846355280;2021-08;0.0002798630444077458
8173830874846355280;2021-09;0.0003034431039999442
8173830874846355280;2021-09;0.0002963663623980998
8173830874846355280;2021-09;0.0003034431039999442
8173830874846355280;2021-09;0.00029302009330257753
8173830874846355280;2021-09;0.00029302009330257753
8173830874846355280;2021-09;0.0003083277497929342
8173830874846355280;2021-09;0.0007092693599347117
8173830874846355280;2021-09;0.0002963663623980998
8173830874846355280;2021-09;0.0002917596530906982
8173830874846355280;2021-09;0.0003034431039999442
4489904752023469353;2021-08;0.03377395527312227
4489904752023469353;2021-08;0.039867448306874505
4489904752023469353;2021-09;0.041780442772535266
4489904752023469353;2021-09;0.0360207549515413
1658487213084590146;2021-08;0.2220941080610528
2290083177086946553;2021-08;0.003579016581600477
2290083177086946553;2021-08;0.003597479262781637
2290083177086946553;2021-09;0.006040176292049854
2290083177086946553;2021-09;0.007403620769642175
1253437108265925705;2021-08;0.0006470295500364321
1253437108265925705;2021-09;0.0006355534307266411
5122095358293179297;2021-08;0.4950146922758008
5122095358293179297;2021-08;0.11952451619234637
5122095358293179297;2021-08;0.059762345052734006
5122095358293179297;2021-08;0.0007838240711149944
5122095358293179297;2021-08;0.00067589344804734
7708030042671632236;2021-08;0.0036138418349091735
8376902089871279815;2021-08;0.0006200551938445821
8376902089871279815;2021-09;0.0004902809120728211
8376902089871279815;2021-09;0.0006972539892652906
8343941262792249232;2021-08;0.008552742544649392
8343941262792249232;2021-08;0.008148425804840336
8343941262792249232;2021-08;0.008298125798170257
8343941262792249232;2021-09;0.01793587165579686
8343941262792249232;2021-09;0.011554577539105782
4717717003637613480;2021-08;0.0021691488596672056
4717717003637613480;2021-08;0.0018210138859707564
4717717003637613480;2021-08;0.0020346258996802933
4717717003637613480;2021-08;0.002068635496278304
4717717003637613480;2021-09;0.0017066197873625002
2408009918678280470;2021-08;0.005111936847834903
2408009918678280470;2021-08;0.004801402080137835
2408009918678280470;2021-09;0.007506995315409662
2408009918678280470;2021-09;0.013371786677526386
2408009918678280470;2021-09;0.007908572212624525
2408009918678280470;2021-09;0.007506995315409662
2408009918678280470;2021-09;0.007506995315409662
2408009918678280470;2021-09;0.007908572212624525
2408009918678280470;2021-09;0.008323972838927746
2408009918678280470;2021-09;0.007908572212624525
2408009918678280470;2021-09;0.010148254303682222
6276792736652545216;2021-08;0.0014580059595109588
6276792736652545216;2021-09;0.00098344746843121
6276792736652545216;2021-09;0.0009767579441505483
6276792736652545216;2021-09;0.0009767579441505483
6276792736652545216;2021-09;0.0010269708215231445
3750579377644235511;2021-08;0.08043335309278786
3750579377644235511;2021-08;0.37123343372605505
69766362497027920;2021-08;0.016106831207386492
69766362497027920;2021-09;0.01466948959273007
69766362497027920;2021-09;0.01466948959273007
69766362497027920;2021-09;0.020032994975878758
7325545718770538459;2021-08;0.00034264180007020944
7325545718770538459;2021-08;0.0003385009008161216
7325545718770538459;2021-08;0.0003385009008161216
7325545718770538459;2021-08;0.0003480731201321658
7325545718770538459;2021-08;0.0003385009008161216
7325545718770538459;2021-08;0.0003480731201321658
7325545718770538459;2021-08;0.0003523310755756006
7325545718770538459;2021-08;0.0005100382929420467
7325545718770538459;2021-09;0.00029008739745630015
7325545718770538459;2021-09;0.0002984182553220226
7325545718770538459;2021-09;0.0002815450353187639
7325545718770538459;2021-09;0.00030375641179640267
7325545718770538459;2021-09;0.00030375641179640267
7325545718770538459;2021-09;0.00029008739745630015
7325545718770538459;2021-09;0.00030747241062561916
7325545718770538459;2021-09;0.00030375641179640267
7325545718770538459;2021-09;0.00029008739745630015
7325545718770538459;2021-09;0.00028546515865108456
7325545718770538459;2021-09;0.00029008739745630015
7325545718770538459;2021-09;0.00030747241062561916
3997247264680905799;2021-08;0.0005282354188321282
3997247264680905799;2021-08;0.0016033436678660833
3997247264680905799;2021-08;0.0016033436678660833
3997247264680905799;2021-08;0.0012969650735923746
3997247264680905799;2021-09;0.000600601594635672
3997247264680905799;2021-09;0.0007102237595351507
3997247264680905799;2021-09;0.0005668495291526654
7710364735942975505;2021-08;0.0037269444204542754
7710364735942975505;2021-08;0.00423962467411241
7710364735942975505;2021-09;0.007623932198242185
6100972975033180377;2021-08;0.0013464181678962048
6100972975033180377;2021-09;0.0009854696068386933
1276604410881911401;2021-08;0.018619814733902288
1276604410881911401;2021-08;0.015293818811728139
1276604410881911401;2021-08;0.020535288358873208
1276604410881911401;2021-08;0.018619814733902288
1276604410881911401;2021-08;0.015293818811728139
1276604410881911401;2021-08;0.018619814733902288
1276604410881911401;2021-08;0.017619785137603202
1276604410881911401;2021-08;0.01865082508953289
1276604410881911401;2021-08;0.018619814733902288
1276604410881911401;2021-08;0.016873020437053517
1276604410881911401;2021-08;0.016873020437053517
1276604410881911401;2021-08;0.018619814733902288
1276604410881911401;2021-09;0.016124029087897937
1276604410881911401;2021-09;0.014036323810807542
1276604410881911401;2021-09;0.018664938691309422
1276604410881911401;2021-09;0.018664938691309422
1276604410881911401;2021-09;0.0146138860090758
1276604410881911401;2021-09;0.018664938691309422
1276604410881911401;2021-09;0.014825193748951842
4661684997487171886;2021-08;0.001177021452781454
4661684997487171886;2021-08;0.0006465281509735928
4661684997487171886;2021-09;0.0009239863366440521
4661684997487171886;2021-09;0.0016355227034987986
4661684997487171886;2021-09;0.001709520339371183
4661684997487171886;2021-09;0.0014672617101936039
7590999900861381526;2021-08;0.0015834001922888053
7590999900861381526;2021-09;0.0020277706742200317
819552547620904652;2021-08;0.10711895682461575
819552547620904652;2021-08;0.10457341701890288
819552547620904652;2021-08;0.10457341701890288
819552547620904652;2021-08;0.10711895682461575
3156852928909455203;2021-08;0.003743080712355116
3156852928909455203;2021-08;0.003743080712355116
3156852928909455203;2021-09;0.0038681306963017693
2598475569074240783;2021-08;0.006168745684380279
6030285068945261052;2021-08;0.0005162797116802857
6030285068945261052;2021-08;0.0005423268365933182
6030285068945261052;2021-08;0.0005110968706167711
6030285068945261052;2021-08;0.0005036558875829364
6030285068945261052;2021-09;0.0004779469718153236
6030285068945261052;2021-09;0.0004819459235160898
6030285068945261052;2021-09;0.00043259444641038843
8843432852270832388;2021-08;0.0019518474426153969
8843432852270832388;2021-09;0.0013423478677243564
1033361676287635885;2021-08;0.00858857471182543
1033361676287635885;2021-08;0.00858857471182543
1033361676287635885;2021-08;0.00858857471182543
1033361676287635885;2021-09;0.008724537512238405
1033361676287635885;2021-09;0.00891657001562259
1956406515279457110;2021-08;0.02751883287301373
1956406515279457110;2021-08;0.031579864476214116
1956406515279457110;2021-08;0.02751883287301373
1956406515279457110;2021-08;0.031579864476214116
1956406515279457110;2021-09;0.04100544608663081
1956406515279457110;2021-09;0.03771166232186136
1956406515279457110;2021-09;0.04100544608663081
4795152981525833467;2021-08;0.001513201195051524
4795152981525833467;2021-08;0.0013322748597922908
4795152981525833467;2021-08;0.0017498810473821533
4795152981525833467;2021-08;0.001220203254743022
4795152981525833467;2021-09;0.0013710390470017552
4795152981525833467;2021-09;0.0013772899487176265
4795152981525833467;2021-09;0.0013942426743678
314309872114206760;2021-08;0.004261974368370785
314309872114206760;2021-08;0.004261974368370785
314309872114206760;2021-08;0.004261974368370785
314309872114206760;2021-08;0.003996519026620865
314309872114206760;2021-09;0.003861014154385182
314309872114206760;2021-09;0.0034358276033475445
314309872114206760;2021-09;0.003861014154385182
314309872114206760;2021-09;0.003861014154385182
314309872114206760;2021-09;0.003861014154385182
2407532237672094312;2021-08;0.013183669139505739
2407532237672094312;2021-08;0.010840038014284431
792560389712312178;2021-08;0.0007998709266724479
792560389712312178;2021-08;0.0008234459672620184
792560389712312178;2021-09;0.0006224600735324025
792560389712312178;2021-09;0.0006492608304127227
6238903426443761049;2021-08;0.006190008860949168
6238903426443761049;2021-08;0.006190008860949168
6238903426443761049;2021-08;0.006190008860949168
6238903426443761049;2021-08;0.0037596188725267316
6238903426443761049;2021-08;0.003553167241373346
6238903426443761049;2021-09;0.060904102189647855
6238903426443761049;2021-09;0.00373489955752923
6238903426443761049;2021-09;0.003932402324035786
6238903426443761049;2021-09;0.010735717522165997
531805620371082364;2021-08;0.004750073081317665
531805620371082364;2021-09;0.3853670788643694
2771214050521171719;2021-08;0.0002887754404902216
2771214050521171719;2021-08;0.00030300163852558463
2771214050521171719;2021-09;0.000238194573740884
4995217181024687397;2021-08;0.002305016078245563
4995217181024687397;2021-08;0.0005641899739754443
4995217181024687397;2021-09;0.0005358463342702273
4995217181024687397;2021-09;0.0008599067319014207
4995217181024687397;2021-09;0.0008704204622475134
4995217181024687397;2021-09;0.0008405382833227414
4995217181024687397;2021-09;0.0008405382833227414
8107542605807471599;2021-08;0.7918702983349056
8107542605807471599;2021-09;0.8040620570927407
7908414709866823255;2021-08;0.002514058348301551
7908414709866823255;2021-08;0.004583083069792753
7908414709866823255;2021-08;0.0017633341440067751
7908414709866823255;2021-08;0.002514058348301551
7908414709866823255;2021-08;0.002514058348301551
7908414709866823255;2021-08;0.0024635218261641867
7908414709866823255;2021-09;0.005875451854067995
7908414709866823255;2021-09;0.0035633784331677762
7908414709866823255;2021-09;0.005757736068736011
6349142675790687765;2021-08;0.4008801139968387
6349142675790687765;2021-08;0.5283752217489844
6349142675790687765;2021-08;0.4008801139968387
6349142675790687765;2021-08;0.5283752217489844
6349142675790687765;2021-08;0.7050783904638939
6349142675790687765;2021-08;0.4008801139968387
6349142675790687765;2021-08;0.4429961403090083
6349142675790687765;2021-09;0.32036247235396315
6349142675790687765;2021-09;0.3752163357167118
7911162482760986289;2021-08;0.22970710943085237
7911162482760986289;2021-09;0.2201612546314982
6817075905797098547;2021-08;0.0068183614253436746
6817075905797098547;2021-08;0.009434751207672086
6471448246085839373;2021-08;0.0009878874475488728
6471448246085839373;2021-08;0.0006031290992328829
6471448246085839373;2021-08;0.0006031290992328829
6471448246085839373;2021-09;0.0006509653367676571
4863405965754103821;2021-08;0.005919996170616381
4863405965754103821;2021-08;0.004689535783253748
4863405965754103821;2021-09;0.012768359463323308
4863405965754103821;2021-09;0.008835331863064495
2022367282554149730;2021-08;0.0009952418721718916
2022367282554149730;2021-08;0.0010833765845368736
2022367282554149730;2021-08;0.0010692722055210603
2022367282554149730;2021-08;0.0010083707298418672
2022367282554149730;2021-08;0.0010083707298418672
2022367282554149730;2021-09;0.0008867913219673889
2022367282554149730;2021-09;0.0009736324008485495
5067621068959932809;2021-08;0.04432105027490514
5067621068959932809;2021-08;0.04645367249788642
5067621068959932809;2021-08;0.0574313701099128
5067621068959932809;2021-09;0.020560701084074085
5067621068959932809;2021-09;0.020560701084074085
5067621068959932809;2021-09;0.021626172966385845
5067621068959932809;2021-09;0.0669027042327098
5067621068959932809;2021-09;0.020560701084074085
5067621068959932809;2021-09;0.021626172966385845
8123515208041701633;2021-08;0.00930937711084615
8123515208041701633;2021-08;0.021530123880189066
8123515208041701633;2021-08;0.010149343983805676
5974858472822751652;2021-08;0.0018292227211570097
5974858472822751652;2021-09;0.00110303899556128
5974858472822751652;2021-09;0.0011486491680913625
6715993871935527857;2021-08;0.22687676409384044
6715993871935527857;2021-08;0.22687676409384044
1553628056929342565;2021-08;0.005029554157147871
1553628056929342565;2021-08;0.005102986036781309
1553628056929342565;2021-09;0.0070668252489025545
7403979270048469991;2021-08;0.0006951544460275239
7403979270048469991;2021-08;0.0006951544460275239
7403979270048469991;2021-09;0.0007822784218597424
7403979270048469991;2021-09;0.00068931563283422
7403979270048469991;2021-09;0.0008045921508399861
2083323809219952960;2021-08;0.0018175386249566863
2083323809219952960;2021-08;0.0013419091344838415
2083323809219952960;2021-08;0.0015372818379784667
2083323809219952960;2021-08;0.0014008734189684994
2083323809219952960;2021-08;0.002434413270881761
2083323809219952960;2021-08;0.0013518481479036044
2083323809219952960;2021-09;0.002069363929354446
2083323809219952960;2021-09;0.002069363929354446
2083323809219952960;2021-09;0.0017011008542920784
2083323809219952960;2021-09;0.0013427176788988091
2083323809219952960;2021-09;0.0013427176788988091
4166581859919473627;2021-08;0.006788579415496758
4166581859919473627;2021-08;0.006788579415496758
4166581859919473627;2021-08;0.0032302409842197887
4166581859919473627;2021-08;0.0032302409842197887
7215093571368368138;2021-08;0.3646587173590964
7215093571368368138;2021-08;0.2332783225491565
7215093571368368138;2021-08;0.3399471365597614
7215093571368368138;2021-08;0.3513241961570543
7215093571368368138;2021-09;0.37463408774691437
7215093571368368138;2021-09;0.37463408774691437
7215093571368368138;2021-09;0.3496185019305978
7215093571368368138;2021-09;0.38939419865064245
7957786135641291906;2021-08;0.5948017473772359
7957786135641291906;2021-08;0.6014517608586463
4008627434689715639;2021-08;0.08957419985022667
4008627434689715639;2021-08;0.12349946243525099
4008627434689715639;2021-08;0.11758413548485115
4008627434689715639;2021-09;0.09475605312504418
4008627434689715639;2021-09;0.12236912470485072
4008627434689715639;2021-09;0.0715820876210562
4008627434689715639;2021-09;0.13230395640830395
4008627434689715639;2021-09;0.13234857690667653
1003144834589372198;2021-08;0.0010775699837425618
1003144834589372198;2021-08;0.0008117949006749054
1003144834589372198;2021-08;0.0012498998059332683
1003144834589372198;2021-09;0.001166461348225662
1003144834589372198;2021-09;0.0017478204987246852
1003144834589372198;2021-09;0.0016040989646703813
1003144834589372198;2021-09;0.0011701313320918215
226405871752897670;2021-08;0.0002440455097008621
226405871752897670;2021-08;0.0002440455097008621
226405871752897670;2021-08;0.00026057834440340084
226405871752897670;2021-08;0.0002809528820436187
226405871752897670;2021-09;0.000232840882020325
226405871752897670;2021-09;0.00021703055956383857
8013668117699219722;2021-08;0.010378512793396725
8013668117699219722;2021-08;0.004798246331637247
8013668117699219722;2021-08;0.010141384563162048
8013668117699219722;2021-09;0.00934702385532961
8013668117699219722;2021-09;0.015885826399881307
2943087245123311166;2021-08;0.003797559148873991
2943087245123311166;2021-08;0.003842893307614041
2943087245123311166;2021-08;0.004602979273872214
2943087245123311166;2021-09;0.00717300868655164
2214132103234633622;2021-08;0.00500237573624298
2214132103234633622;2021-09;0.0016736349635275431
2214132103234633622;2021-09;0.002232352588845392
2214132103234633622;2021-09;0.0016736349635275431
2214132103234633622;2021-09;0.0016736349635275431
2214132103234633622;2021-09;0.0016736349635275431
1953058402621337677;2021-08;0.0033471442597458783
1953058402621337677;2021-08;0.0018869032923453412
1953058402621337677;2021-09;0.0031854799109285116
6486277549325701534;2021-08;0.0008967523023992834
6486277549325701534;2021-08;0.0008967523023992834
6486277549325701534;2021-09;0.0006348878733912467
6486277549325701534;2021-09;0.0006348878733912467
6486277549325701534;2021-09;0.0006348878733912467
6486277549325701534;2021-09;0.0005995454156292552
4850936440093751199;2021-08;0.001462218556199521
4850936440093751199;2021-08;0.0015529811152894095
4850936440093751199;2021-08;0.0015164539603616113
4820852183212661131;2021-08;0.03856134862358889
4820852183212661131;2021-08;0.017494260179411636
4820852183212661131;2021-09;0.013025246775888032
4820852183212661131;2021-09;0.4412563669248555
4820852183212661131;2021-09;0.012535559923707503
8729164666041467296;2021-08;0.010381204184919937
8729164666041467296;2021-08;0.014403287623251835
924957821424248698;2021-08;0.0003091134107648272
924957821424248698;2021-08;0.0003011141087025018
924957821424248698;2021-09;0.0003439583083979551
7787306805605072964;2021-08;0.7642579292514444
2532435113844289043;2021-08;0.000816493221299275
2532435113844289043;2021-08;0.00035461682959970125
2532435113844289043;2021-08;0.0007709533007632248
2532435113844289043;2021-08;0.0007509172329482432
2532435113844289043;2021-08;0.0007709533007632248
2532435113844289043;2021-08;0.00035461682959970125
2532435113844289043;2021-08;0.0007709533007632248
2532435113844289043;2021-09;0.0007131412951168324
2532435113844289043;2021-09;0.0007131412951168324
2532435113844289043;2021-09;0.0010418791413221997
2532435113844289043;2021-09;0.0007803260238995294
2532435113844289043;2021-09;0.0007600465565491868
2532435113844289043;2021-09;0.0010418791413221997
2532435113844289043;2021-09;0.0007803260238995294
2532435113844289043;2021-09;0.0018845233249786494
2532435113844289043;2021-09;0.0010418791413221997
2532435113844289043;2021-09;0.0007803260238995294
2532435113844289043;2021-09;0.0010418791413221997
2532435113844289043;2021-09;0.0010418791413221997
3931892303497206092;2021-08;0.012952692796524001
3931892303497206092;2021-08;0.010982547176336604
3931892303497206092;2021-08;0.009094945488369999
3931892303497206092;2021-09;0.00887437232912612
3931892303497206092;2021-09;0.006905846345187213
324916756972236008;2021-08;0.0012784682939213847
324916756972236008;2021-08;0.0010586205542992943
324916756972236008;2021-09;0.001604359829216252
324916756972236008;2021-09;0.001604359829216252
324916756972236008;2021-09;0.001732710383048663
3634047863995720708;2021-08;0.0016103032801881173
7442192566700924647;2021-08;0.00015853208915894007
5613825020130267729;2021-08;0.0003675564596155093
5613825020130267729;2021-08;0.0003697580447026538
5613825020130267729;2021-09;0.00038853882505468696
5613825020130267729;2021-09;0.0003771768298990672
6098833389547425063;2021-08;0.005005320877420676
6098833389547425063;2021-08;0.0037064997793140246
6098833389547425063;2021-08;0.004833898276367858
6098833389547425063;2021-09;0.0020297428062922554
3660744270380078352;2021-08;0.10741056852069869
3660744270380078352;2021-08;0.052740373764653105
3660744270380078352;2021-08;0.05092649580233952
3660744270380078352;2021-08;0.053485532384866724
3660744270380078352;2021-09;0.058359974255674275
3660744270380078352;2021-09;0.021848766268711385
3660744270380078352;2021-09;0.058633980753018504
3660744270380078352;2021-09;0.048198412179061394
1454789421854453615;2021-08;0.008331768339111196
1454789421854453615;2021-08;0.00758660837206584
1454789421854453615;2021-08;0.002997264850655984
1454789421854453615;2021-09;0.04825417098253215
1454789421854453615;2021-09;0.0065503627073525104
1454789421854453615;2021-09;0.0072674460565386725
1454789421854453615;2021-09;0.006689537694132392
1454789421854453615;2021-09;0.007182322131593477
1454789421854453615;2021-09;0.0058127967765884934
2128970218770090704;2021-08;0.0012411907557630354
2128970218770090704;2021-09;0.001950042536255226
2128970218770090704;2021-09;0.0018272756985222127
2128970218770090704;2021-09;0.0018272756985222127
2128970218770090704;2021-09;0.0018272756985222127
2128970218770090704;2021-09;0.002758059240985405
3807130563335796378;2021-08;0.05638277356889653
3807130563335796378;2021-08;0.05638277356889653
968199235777440720;2021-08;0.001613285300629376
968199235777440720;2021-08;0.0015193572481365704
968199235777440720;2021-08;0.0012292716262027584
968199235777440720;2021-08;0.0017842807832476975
968199235777440720;2021-08;0.0014436873616455507
968199235777440720;2021-09;0.001949325342953076
968199235777440720;2021-09;0.001949325342953076
968199235777440720;2021-09;0.0017049827228378747
968199235777440720;2021-09;0.001949325342953076
968199235777440720;2021-09;0.0022890486189157838
968199235777440720;2021-09;0.001744198102873791
968199235777440720;2021-09;0.0022899963724459307
8609938720215175911;2021-08;0.008031983475866448
8609938720215175911;2021-08;0.005739644603370973
8609938720215175911;2021-08;0.006265479277000662
8609938720215175911;2021-08;0.015152848909193247
8609938720215175911;2021-09;0.005513551056945387
8609938720215175911;2021-09;0.007069563016758954
8609938720215175911;2021-09;0.017153319208916034
988707525807573448;2021-08;0.0008840549818013627
2903869860445366876;2021-08;0.0018023355722968678
2903869860445366876;2021-08;0.0019311076271658623
2903869860445366876;2021-08;0.0018046540604055067
2903869860445366876;2021-08;0.0020294060221474866
2903869860445366876;2021-08;0.0017499608505331628
6969348581033924947;2021-08;0.00221518171373572
6969348581033924947;2021-08;0.00221518171373572
6969348581033924947;2021-08;0.00227510829491587
6969348581033924947;2021-08;0.00221518171373572
6969348581033924947;2021-08;0.002581938812293449
6969348581033924947;2021-08;0.002100629751324842
6969348581033924947;2021-08;0.00247631993815006
6969348581033924947;2021-09;0.002591715092472721
6969348581033924947;2021-09;0.002691283551645835
6969348581033924947;2021-09;0.002620242419345022
6969348581033924947;2021-09;0.002591715092472721
6969348581033924947;2021-09;0.0026804526660988395
3536704882799524586;2021-08;0.012840614816169814
3536704882799524586;2021-08;0.0160139633311751
3631603567749349715;2021-08;0.0007192055369614989
3631603567749349715;2021-08;0.0016672703788643565
5029701292539093910;2021-08;0.025814277522681516
5029701292539093910;2021-08;0.00782198340178907
5029701292539093910;2021-09;0.012282293367023146
8332840690177201182;2021-08;0.3636395991112488
2302464746243069589;2021-08;0.0007627533594101156
2302464746243069589;2021-08;0.00081659966365077
2302464746243069589;2021-09;0.001667056662678448
6964108750473070287;2021-08;0.0012611341477583534
6964108750473070287;2021-08;0.0012414102918763576
6964108750473070287;2021-08;0.0012414102918763576
6964108750473070287;2021-08;0.0012119570945420257
6964108750473070287;2021-08;0.0013519413831855549
6964108750473070287;2021-08;0.0012119570945420257
6964108750473070287;2021-08;0.0012119570945420257
6964108750473070287;2021-08;0.0012414102918763576
6964108750473070287;2021-08;0.0010512908442816952
6964108750473070287;2021-08;0.0011349373660616466
6964108750473070287;2021-08;0.0010432317084084176
6964108750473070287;2021-08;0.0012119570945420257
6964108750473070287;2021-08;0.0012611341477583534
6964108750473070287;2021-08;0.0012119570945420257
6964108750473070287;2021-09;0.001187048560014516
6964108750473070287;2021-09;0.0013677139456157237
6964108750473070287;2021-09;0.001291523442476618
6964108750473070287;2021-09;0.001291523442476618
6964108750473070287;2021-09;0.004658959243540468
6964108750473070287;2021-09;0.0016957894841079025
6964108750473070287;2021-09;0.001135417579435484
6964108750473070287;2021-09;0.0015946142514362933
6964108750473070287;2021-09;0.001291523442476618
6964108750473070287;2021-09;0.001291523442476618
6964108750473070287;2021-09;0.001187048560014516
6964108750473070287;2021-09;0.0012765779901866379
6964108750473070287;2021-09;0.0012657793902843553
6964108750473070287;2021-09;0.0011962173742339104
6964108750473070287;2021-09;0.0013811955218633748
6964108750473070287;2021-09;0.0011962173742339104
6964108750473070287;2021-09;0.001187048560014516
6964108750473070287;2021-09;0.001291523442476618
6964108750473070287;2021-09;0.001291523442476618
6964108750473070287;2021-09;0.001291523442476618
6964108750473070287;2021-09;0.001187048560014516
6964108750473070287;2021-09;0.001187048560014516
3960251564708868781;2021-08;0.0018164999044311425
3960251564708868781;2021-08;0.0011832358818978151
3960251564708868781;2021-09;0.002166811680102175
3960251564708868781;2021-09;0.001231568797501341
4740535838297269949;2021-08;0.0005774771800870729
4740535838297269949;2021-09;0.0010757305512727085
4740535838297269949;2021-09;0.048569547616655336
4740535838297269949;2021-09;0.00501419659322445
5440313607363845188;2021-08;0.0006794076583959801
5440313607363845188;2021-08;0.0006096274367814287
5440313607363845188;2021-09;0.0006253036283010691
5810778736737569699;2021-08;0.01521854201235549
5810778736737569699;2021-08;0.0317066688999667
8185063234515056194;2021-08;0.0009064538784172712
8185063234515056194;2021-09;0.0009639596374070585
8185063234515056194;2021-09;0.0009964022466829778
682352428813668634;2021-08;0.0041677906570179914
682352428813668634;2021-08;0.0041677906570179914
682352428813668634;2021-08;0.0041677906570179914
682352428813668634;2021-08;0.0041677906570179914
682352428813668634;2021-08;0.003335292822490023
682352428813668634;2021-09;0.0031854672599578157
682352428813668634;2021-09;0.0031854672599578157
682352428813668634;2021-09;0.0031854672599578157
682352428813668634;2021-09;0.0031854672599578157
682352428813668634;2021-09;0.0031854672599578157
682352428813668634;2021-09;0.0040234081517289445
682352428813668634;2021-09;0.0031854672599578157
696014079855281037;2021-08;0.02782497912739659
696014079855281037;2021-09;0.01573817763806261
696014079855281037;2021-09;0.01573817763806261
696014079855281037;2021-09;0.019079255052520963
696014079855281037;2021-09;0.022732051787404676
6842075380768862290;2021-08;0.014533538689261681
6842075380768862290;2021-08;0.015535772685120658
1117184216453911295;2021-08;0.003305082645502189
1117184216453911295;2021-08;0.002693995912873163
1117184216453911295;2021-09;0.27454893060168867
3838562409581494430;2021-08;0.0007754554690567768
2346482557594782345;2021-08;0.0041444049270718195
2346482557594782345;2021-09;0.005391159724137652
2346482557594782345;2021-09;0.0050768027335742925
2346482557594782345;2021-09;0.005122021774078945
2346482557594782345;2021-09;0.005358728355631566
1430896989654626045;2021-08;0.0028256970847783396
1430896989654626045;2021-08;0.0023929250781597267
7696655736121386405;2021-08;0.009566320922382097
2493688222671282470;2021-08;0.0036478029951241492
2493688222671282470;2021-08;0.0032921077608122256
2493688222671282470;2021-09;0.0032921077608122256
2493688222671282470;2021-09;0.0031492599120839073
5082813456193598086;2021-08;0.0007809051020918314
5082813456193598086;2021-08;0.0009452549689902015
5082813456193598086;2021-09;0.0006384023702138778
5082813456193598086;2021-09;0.0010122060669913167
5082813456193598086;2021-09;0.0013152178418130377
7398738404146260251;2021-08;0.00033533461296783774
7398738404146260251;2021-09;0.0004641179520351248
7398738404146260251;2021-09;0.0003270812746280336
7398738404146260251;2021-09;0.00038694490477196103
7398738404146260251;2021-09;0.000339263253929204
4556737702757145073;2021-08;0.0011118736773635392
4556737702757145073;2021-09;0.025854822164826798
4556737702757145073;2021-09;0.0013542541043539147
4556737702757145073;2021-09;0.0017955081230283348
4556737702757145073;2021-09;0.002314836659752763
6091519986999196884;2021-08;0.0006929486994166201
6091519986999196884;2021-08;0.0010789027330375986
6091519986999196884;2021-08;0.0009067076953533247
8716163053080758848;2021-08;0.0018201025855541072
8716163053080758848;2021-08;0.0010305524952369345
8716163053080758848;2021-08;0.000996247379897266
8716163053080758848;2021-08;0.001195592244978022
8716163053080758848;2021-09;0.0009516079226065847
8716163053080758848;2021-09;0.019481492729931205
8716163053080758848;2021-09;0.000870087450727071
8716163053080758848;2021-09;0.0009516079226065847
8716163053080758848;2021-09;0.0014767825660923608
8716163053080758848;2021-09;0.0009610118541776115
4524147234488547993;2021-08;0.003684882130159186
4524147234488547993;2021-08;0.0030932056549033368
5606267905834401873;2021-08;0.0007904530370306121
5606267905834401873;2021-08;0.0006637984354894041
5606267905834401873;2021-08;0.0007792595524853384
5606267905834401873;2021-09;0.00047118681792938385
5606267905834401873;2021-09;0.0006924837548223557
5606267905834401873;2021-09;0.00048277100845768204
6213213514675778388;2021-08;0.009634641216474737
1343530446996409207;2021-08;0.0018126738763192699
1343530446996409207;2021-08;0.0015937025145493988
1343530446996409207;2021-08;0.0015937025145493988
1343530446996409207;2021-09;0.0021635257844401304
6164364689409425900;2021-08;0.00038877025812172227
3355881107559250653;2021-08;0.0002714489911276729
3355881107559250653;2021-08;0.00027993314598810453
3355881107559250653;2021-08;0.0002919833622660729
3355881107559250653;2021-08;0.0002836589712874068
3355881107559250653;2021-08;0.0002919833622660729
3355881107559250653;2021-08;0.00027993314598810453
3355881107559250653;2021-08;0.0002833577859129051
3355881107559250653;2021-08;0.00029555537827715485
3355881107559250653;2021-08;0.0002714489911276729
3355881107559250653;2021-08;0.0002833577859129051
3355881107559250653;2021-09;0.0002739666124408361
3355881107559250653;2021-09;0.0002585959607648029
3355881107559250653;2021-09;0.0002585959607648029
3355881107559250653;2021-09;0.0002646563219884681
3355881107559250653;2021-09;0.0002646563219884681
3355881107559250653;2021-09;0.0002554705138359335
3355881107559250653;2021-09;0.00027065544277198034
66220087398241662;2021-08;0.0011263230571246462
66220087398241662;2021-09;0.0008109436029831791
66220087398241662;2021-09;0.0008109436029831791
66220087398241662;2021-09;0.0008109436029831791
2645324649046215594;2021-08;0.000653784855633243
2645324649046215594;2021-08;0.0006710067032991119
2645324649046215594;2021-08;0.0007246997856621334
2645324649046215594;2021-08;0.000653784855633243
2645324649046215594;2021-09;0.0005251721398429503
2645324649046215594;2021-09;0.0005320523722517237
7330131219998265639;2021-08;0.0005885450637722607
7330131219998265639;2021-08;0.0012236818883176396
7330131219998265639;2021-09;0.038213772442407354
7330131219998265639;2021-09;0.0006352098302787262
7330131219998265639;2021-09;0.0007077682051061614
8080988579391900405;2021-08;0.0008093354157550954
8080988579391900405;2021-09;0.0006974475614037005
5999145415800242177;2021-08;0.006261594884028903
5999145415800242177;2021-08;0.004280047452678885
5999145415800242177;2021-09;0.002639536360848706
5999145415800242177;2021-09;0.0025607267939502174
7395696797140470088;2021-08;0.0004806510283755076
7395696797140470088;2021-08;0.0004567374790163868
7395696797140470088;2021-08;0.0005535830977631577
7395696797140470088;2021-09;0.0005686996426376572
7395696797140470088;2021-09;0.0006600207638609173
7395696797140470088;2021-09;0.0005717207898714798
7395696797140470088;2021-09;0.0005786631236398049
417157680860985231;2021-08;0.00032810943234819147
417157680860985231;2021-08;0.0002650217108252037
417157680860985231;2021-09;0.0002441568596670412
417157680860985231;2021-09;0.00023879151035471774
417157680860985231;2021-09;0.00027136640457099215
417157680860985231;2021-09;0.0002606419265515802
7485107528960607346;2021-08;0.014648812377694236
7485107528960607346;2021-08;0.036970923479748154
7485107528960607346;2021-09;0.02554925038247734
7485107528960607346;2021-09;0.12274395193790957
7485107528960607346;2021-09;0.011372159925291538
8350724667410677464;2021-08;0.006259481723724693
8350724667410677464;2021-08;0.006259481723724693
8350724667410677464;2021-08;0.006259481723724693
8350724667410677464;2021-08;0.006259481723724693
8350724667410677464;2021-09;0.3006778883656371
8350724667410677464;2021-09;0.06627345263404008
5078284853636449041;2021-08;0.005001379856482786
5577659616907513811;2021-08;0.6970634019992566
5577659616907513811;2021-08;0.6799374431920032
5577659616907513811;2021-08;0.5795289180679764
5577659616907513811;2021-08;0.6182286953161304
5577659616907513811;2021-09;0.7486457076148172
1299146298565441811;2021-08;0.003943485521958096
3093415403379897112;2021-08;0.0007098645747633123
3093415403379897112;2021-08;0.0005698776069782081
3093415403379897112;2021-08;0.0009997286789667156
3093415403379897112;2021-09;0.001051922129057415
1357573192598249600;2021-08;0.0027028221604493093
1357573192598249600;2021-08;0.0025768226183946145
1357573192598249600;2021-09;0.005337320004970291
1357573192598249600;2021-09;0.005337320004970291
1357573192598249600;2021-09;0.005784873192562438
4527499691197377217;2021-08;0.002394633058884987
2673576168790933175;2021-08;0.011211582132593077
3140918607946425426;2021-08;0.0013896467295226428
3140918607946425426;2021-08;0.0014789532291639986
3140918607946425426;2021-09;0.0010410978346223822
3140918607946425426;2021-09;0.0010931506138873793
2983174282784691273;2021-08;0.000980723243478503
2983174282784691273;2021-08;0.0010417350432861028
2983174282784691273;2021-08;0.000980723243478503
2983174282784691273;2021-08;0.0011034136010603132
2983174282784691273;2021-09;0.0014949696259753554
2983174282784691273;2021-09;0.0013725738401571316
2983174282784691273;2021-09;0.001394337167295398
7347715771145302549;2021-08;0.0002651735317492931
7347715771145302549;2021-08;0.00024668740627668557
7347715771145302549;2021-08;0.000248367023112626
7347715771145302549;2021-09;0.00024120381858506684
7347715771145302549;2021-09;0.011863323730388353
4831939798545673038;2021-08;0.012373556365703779
5409960473983330744;2021-08;0.005086280376386597
5409960473983330744;2021-09;0.4996565841209306
5409960473983330744;2021-09;0.017072104463358672
6916556752218696485;2021-08;0.0009123706258989012
6916556752218696485;2021-08;0.0006733865336350627
6916556752218696485;2021-08;0.0006306201980213368
6916556752218696485;2021-08;0.0006529854651646537
6916556752218696485;2021-08;0.0009408679731223887
6916556752218696485;2021-08;0.0004159434614840697
6916556752218696485;2021-09;0.0006926213351476494
6916556752218696485;2021-09;0.00045983882229643565
6916556752218696485;2021-09;0.00045428221566919347
6916556752218696485;2021-09;0.00045428221566919347
6916556752218696485;2021-09;0.00045428221566919347
6916556752218696485;2021-09;0.00042894569008523415
6916556752218696485;2021-09;0.0006842537536426137
6916556752218696485;2021-09;0.0006926213351476494
6916556752218696485;2021-09;0.0015244210677653127
6916556752218696485;2021-09;0.0008109550155928073
6916556752218696485;2021-09;0.0006842537536426137
6916556752218696485;2021-09;0.0008109550155928073
6916556752218696485;2021-09;0.0006926213351476494
6916556752218696485;2021-09;0.0004332291900685757
6615694774618628402;2021-08;0.03916744447826465
6615694774618628402;2021-08;0.04431054193834118
6615694774618628402;2021-08;0.038752738601401965
6615694774618628402;2021-09;0.025294603211651227
7692330898726665144;2021-08;0.0006495495581223921
7692330898726665144;2021-08;0.0007588716676174976
7692330898726665144;2021-09;0.0010317791229821273
7692330898726665144;2021-09;0.0005863219725454354
7692330898726665144;2021-09;0.0005863219725454354
7646606457278894341;2021-08;0.0014596490350953818
7646606457278894341;2021-08;0.0023275979320714494
7646606457278894341;2021-09;0.002627445959131704
3382609338395832683;2021-08;0.06350130458660838
3382609338395832683;2021-08;0.058035316390348334
8067924767167570288;2021-08;0.0046723156927240515
8067924767167570288;2021-09;0.005523829339023196
8480109508191086169;2021-08;0.00047090663160982997
8480109508191086169;2021-09;0.026896906646323684
8480109508191086169;2021-09;0.0005870802616074007
2573553293518763494;2021-08;0.0008648421263087369
2573553293518763494;2021-08;0.00213018653718286
2573553293518763494;2021-09;0.000762340795656282
2573553293518763494;2021-09;0.002617241738521191
2573553293518763494;2021-09;0.002375177067819334
2573553293518763494;2021-09;0.002617241738521191
2573553293518763494;2021-09;0.004635917903894836
2573553293518763494;2021-09;0.0008141783627357443
2573553293518763494;2021-09;0.002617241738521191
2573553293518763494;2021-09;0.002375177067819334
660382477567765256;2021-08;0.0048165554760176196
660382477567765256;2021-09;0.002614586255752675
660382477567765256;2021-09;0.002624075497174502
660382477567765256;2021-09;0.004467647201201847
660382477567765256;2021-09;0.002535787661003129
8049805689946244047;2021-08;0.0020391519589972027
8049805689946244047;2021-08;0.002480185945188601
8049805689946244047;2021-09;0.0030835042603203603
7968118679747232249;2021-08;0.16363638184569596
7968118679747232249;2021-09;0.09015027540377428
459290606780222306;2021-08;0.00019791285251178267
459290606780222306;2021-08;0.0001795498268582518
459290606780222306;2021-08;0.00022481919931210002
459290606780222306;2021-08;0.0002213800647279749
459290606780222306;2021-08;0.00021572798362519017
459290606780222306;2021-09;0.0005780030646390197
459290606780222306;2021-09;0.0006151395188157011
459290606780222306;2021-09;0.0008295903158401217
459290606780222306;2021-09;0.0005780030646390197
459290606780222306;2021-09;0.0006151395188157011
459290606780222306;2021-09;0.0004736374871054082
6978269497652315763;2021-08;0.018414171676525724
1536087798470875922;2021-08;0.06776751262102623
1536087798470875922;2021-09;0.08714810147793817
1536087798470875922;2021-09;0.09083768386386942
1129657311668961746;2021-08;0.03482751069116619
1129657311668961746;2021-09;0.016168521559489047
1129657311668961746;2021-09;0.018133220829756977
7895753719321668294;2021-08;0.000622136753243461
7895753719321668294;2021-09;0.0006924618028134576
7895753719321668294;2021-09;0.0008628902433205317
524026009392362402;2021-08;0.008397740675377586
524026009392362402;2021-08;0.00889576813235231
7776069961364493674;2021-08;0.007846391470971216
7776069961364493674;2021-09;0.0037622627881639817
4530631557358349711;2021-08;0.0013874198075263294
4530631557358349711;2021-08;0.001190637977979496
4530631557358349711;2021-09;0.001146561297345919
1273229638516517354;2021-08;0.06945573104014612
1273229638516517354;2021-08;0.05993873592311345
1273229638516517354;2021-09;0.01634043861901524
187117706370645370;2021-08;0.13640529708547947
187117706370645370;2021-08;0.04702146568958923
187117706370645370;2021-08;0.050665771702143224
187117706370645370;2021-09;0.010469766682550865
187117706370645370;2021-09;0.037156694258008605
187117706370645370;2021-09;0.036965878298548686
187117706370645370;2021-09;0.027721439275224465
187117706370645370;2021-09;0.04082230560301671
187117706370645370;2021-09;0.037696331104701934
187117706370645370;2021-09;0.038223344046544865
4569866309119931805;2021-08;0.01016047630832755
4569866309119931805;2021-09;0.002059878381710629
2382123267535341265;2021-08;0.0036792073742324106
2382123267535341265;2021-08;0.004133634105544148
2382123267535341265;2021-08;0.0036792073742324106
2382123267535341265;2021-09;0.003015375136638469
5799279645678609726;2021-08;0.011650632848105679
5799279645678609726;2021-09;0.027148709083890075
5726178124659661019;2021-08;0.0006646914966161
5726178124659661019;2021-08;0.0014485081759370675
5726178124659661019;2021-08;0.0003824033374813849
5726178124659661019;2021-08;0.0003681962017489939
5726178124659661019;2021-08;0.0003698721532909685
5726178124659661019;2021-08;0.00035924487162933825
5726178124659661019;2021-08;0.0003698721532909685
5726178124659661019;2021-08;0.00035924487162933825
5726178124659661019;2021-08;0.0003681962017489939
5726178124659661019;2021-08;0.00035924487162933825
5726178124659661019;2021-09;0.0004149278514348113
5726178124659661019;2021-09;0.0004037663149681441
5726178124659661019;2021-09;0.00043809681347268083
5726178124659661019;2021-09;0.0004260858300474223
5726178124659661019;2021-09;0.00043809681347268083
257162352336759783;2021-08;0.0008080493765204281
257162352336759783;2021-08;0.0008080493765204281
257162352336759783;2021-08;0.0008080493765204281
7269781193318890653;2021-08;0.0013969896051217441
835441927760881602;2021-08;0.11880837634612566
835441927760881602;2021-08;0.11880837634612566
835441927760881602;2021-09;0.10702204204904812
835441927760881602;2021-09;0.10702204204904812
835441927760881602;2021-09;0.10702204204904812
5714540197488862003;2021-08;0.18726156598382446
5714540197488862003;2021-09;0.047822068652291765
5714540197488862003;2021-09;0.06965261779796389
7751080728852739823;2021-08;0.004005791045962381
7751080728852739823;2021-08;0.0016000116848724404
7751080728852739823;2021-08;0.002045558797601717
7751080728852739823;2021-09;0.0015620136078717192
5687511145009775604;2021-08;0.035480244382953025
5687511145009775604;2021-09;0.033129930806939614
3204108603682323936;2021-08;0.00039139437412525306
6053752047545474051;2021-08;0.0021976719353537025
6053752047545474051;2021-08;0.001742024657069723
6053752047545474051;2021-08;0.0018758057715935516
6053752047545474051;2021-08;0.001994849958528912
6053752047545474051;2021-09;0.001989565783941837
6053752047545474051;2021-09;0.0024281061999520803
6053752047545474051;2021-09;0.0020933258477122594
6053752047545474051;2021-09;0.001943337737229731
6053752047545474051;2021-09;0.0021748649965261132
6053752047545474051;2021-09;0.0018204935456448063
6053752047545474051;2021-09;0.0020350108694554446
6053752047545474051;2021-09;0.0020834150810843406
8292458529987016717;2021-08;0.0014135960898961455
2333404192508932057;2021-08;0.0026159724176155258
2333404192508932057;2021-08;0.0026760848077616102
2333404192508932057;2021-09;0.0010487752139785728
2333404192508932057;2021-09;0.0018637534776407378
2333404192508932057;2021-09;0.0018637534776407378
2333404192508932057;2021-09;0.0016037712898076379
2333404192508932057;2021-09;0.001295431278174629
9156666134024889730;2021-08;0.0043872229290616155
9156666134024889730;2021-08;0.004132567126934701
9156666134024889730;2021-08;0.00460166577762542
9156666134024889730;2021-08;0.004132567126934701
9156666134024889730;2021-09;0.0048856269588146905
9156666134024889730;2021-09;0.27882683125519847
837142477962609471;2021-08;0.003255839757768776
837142477962609471;2021-08;0.0029321403653105515
837142477962609471;2021-09;0.0029314191116761733
837142477962609471;2021-09;0.0027698073523671775
6528158819463595826;2021-08;0.0009075522653608977
6528158819463595826;2021-08;0.0007135360479876851
6528158819463595826;2021-09;0.0010005605425201197
4347826483121154490;2021-08;0.0006143495777400038
4347826483121154490;2021-08;0.0006693963301810308
4347826483121154490;2021-08;0.0005756240996585214
4347826483121154490;2021-08;0.0005897734767341143
4347826483121154490;2021-08;0.0005794118248841015
4347826483121154490;2021-08;0.0016342711053677998
4347826483121154490;2021-08;0.0005897734767341143
4347826483121154490;2021-08;0.000573436914562775
4347826483121154490;2021-09;0.00048820426366013404
4347826483121154490;2021-09;0.0005450790839910573
4347826483121154490;2021-09;0.0005450790839910573
4347826483121154490;2021-09;0.0005450790839910573
4347826483121154490;2021-09;0.0005450790839910573
4347826483121154490;2021-09;0.0009692045911878441
4347826483121154490;2021-09;0.0006386382002918304
4347826483121154490;2021-09;0.0025349005007985433
4347826483121154490;2021-09;0.0005450790839910573
4347826483121154490;2021-09;0.0006754833406181967
7478791630746523220;2021-08;0.0966040721272478
7478791630746523220;2021-08;0.09976851398161296
7478791630746523220;2021-09;0.10733282492424047
7478791630746523220;2021-09;0.1039561651533052
3045840317107313913;2021-08;0.0005365489571058852
3045840317107313913;2021-09;0.0004028151643877591
3045840317107313913;2021-09;0.010441337843795879
3045840317107313913;2021-09;0.0004028151643877591
2687720147676132707;2021-08;0.003404613745762256
2687720147676132707;2021-08;0.003404613745762256
4980232475645447238;2021-08;0.000990557140246125
4980232475645447238;2021-08;0.0007919897978847561
4980232475645447238;2021-09;0.0017496270149441558
6759864637454708017;2021-08;0.005848089321409031
6759864637454708017;2021-08;0.00577612997143488
6759864637454708017;2021-08;0.00577612997143488
6759864637454708017;2021-09;0.0073231214752243114
6759864637454708017;2021-09;0.0073231214752243114
5162636608292907782;2021-08;0.019175016203356467
5162636608292907782;2021-08;0.011691845333878148
5162636608292907782;2021-09;0.020188138034958045
5162636608292907782;2021-09;0.020188138034958045
5162636608292907782;2021-09;0.020188138034958045
8994944800097997361;2021-08;0.004744531894714467
8994944800097997361;2021-08;0.004852420327132477
8994944800097997361;2021-09;0.0018881313410644763
8994944800097997361;2021-09;0.0020714107954420587
8994944800097997361;2021-09;0.0021453813367584445
8994944800097997361;2021-09;0.0018460284772282287
8994944800097997361;2021-09;0.0018881313410644763
7665801401860589626;2021-08;0.002902420420988572
7665801401860589626;2021-08;0.002902420420988572
7665801401860589626;2021-09;0.0037967203613670916
49632905576538927;2021-08;0.0008140845228374181
621182491555347581;2021-08;0.0065239482180832475
621182491555347581;2021-08;0.0065239482180832475
621182491555347581;2021-08;0.007140476723333146
621182491555347581;2021-09;0.00912677510513938
621182491555347581;2021-09;0.009223041488078267
7492389223353246125;2021-08;0.0346961236590117
7492389223353246125;2021-08;0.033947327409291704
7492389223353246125;2021-09;0.0515280827735215
7492389223353246125;2021-09;0.0384633729520571
7492389223353246125;2021-09;0.04103898208900987
8060154314331993193;2021-08;0.005193537723287947
8060154314331993193;2021-08;0.004591214293450703
7930925883736021864;2021-08;0.0002108266386596454
7930925883736021864;2021-08;0.0002108266386596454
7930925883736021864;2021-08;0.00020141896832225664
7930925883736021864;2021-08;0.00041992654351753186
7930925883736021864;2021-08;0.00020226178812131104
7930925883736021864;2021-09;0.00027356183611002824
7930925883736021864;2021-09;0.0001935163986592584
7930925883736021864;2021-09;0.00027690855243481027
7930925883736021864;2021-09;0.00036108829068083294
4724876423989598202;2021-08;0.0014062098024221338
4724876423989598202;2021-08;0.0011695656190681121
4724876423989598202;2021-08;0.0004865869212420505
4724876423989598202;2021-08;0.0009335399848299531
4724876423989598202;2021-09;0.001332059367188438
4724876423989598202;2021-09;0.001240246848056105
4724876423989598202;2021-09;0.0005557394567052518
3977861004707764824;2021-08;0.004100934840833485
3977861004707764824;2021-08;0.003644583720800918
3977861004707764824;2021-08;0.004837622172368185
3977861004707764824;2021-08;0.006052757983276373
3977861004707764824;2021-08;0.006973624598049708
3977861004707764824;2021-09;0.005116151073491131
3977861004707764824;2021-09;0.00268584666907721
3977861004707764824;2021-09;0.0025962515358397037
3977861004707764824;2021-09;0.0028647472655326622
3977861004707764824;2021-09;0.00554485397188733
3977861004707764824;2021-09;0.0027815053806125195
3977861004707764824;2021-09;0.003280256589773534
6448234172949059931;2021-08;0.10089027021697468
8287608084245946173;2021-08;0.00029197791648759346
8287608084245946173;2021-08;0.0002980250837448475
8287608084245946173;2021-08;0.00036477080751906647
8287608084245946173;2021-09;0.00034151851780951306
8287608084245946173;2021-09;0.00034151851780951306
8287608084245946173;2021-09;0.00034100947014528737
8287608084245946173;2021-09;0.00034100947014528737
8287608084245946173;2021-09;0.0020369000116362327
8229446069655666941;2021-08;0.01562294097533615
8229446069655666941;2021-08;0.8606883533355945
1998941557906036376;2021-08;0.014494025424349301
1998941557906036376;2021-09;0.005886076595874053
1998941557906036376;2021-09;0.006479495289397514
4104959289203999917;2021-08;0.0006558439244418434
1036256411320325774;2021-08;0.0012738768102996667
1036256411320325774;2021-08;0.0012942768647413569
1036256411320325774;2021-08;0.0017594204849632653
1036256411320325774;2021-08;0.0017254046155705575
1036256411320325774;2021-09;0.0013227970252642544
1036256411320325774;2021-09;0.0016182685178277598
1036256411320325774;2021-09;0.002570650314242638
1036256411320325774;2021-09;0.0016182685178277598
1036256411320325774;2021-09;0.0033123532495212904
3543162424793477785;2021-08;0.01872219842281581
3543162424793477785;2021-08;0.0137492955842349
3543162424793477785;2021-09;0.01581036434801429
3543162424793477785;2021-09;0.026041189400311377
5048392903148444335;2021-08;0.007640159219294496
5048392903148444335;2021-08;0.007130164923346933
5048392903148444335;2021-08;0.007150728471657904
5048392903148444335;2021-09;0.00767185358569222
8646472172649019955;2021-08;0.20903430205410586
8646472172649019955;2021-08;0.24657342915622715
8646472172649019955;2021-09;0.29497571879469875
8646472172649019955;2021-09;0.3513326495079752
2012477868296377155;2021-08;0.00571806673393577
2012477868296377155;2021-08;0.0025491893026905895
2929243640075785940;2021-08;0.0019060448063228147
2929243640075785940;2021-08;0.002033152541541
2451708306555441014;2021-08;0.004017840367709984
2451708306555441014;2021-08;0.0038110836961377102
2451708306555441014;2021-09;0.0031449540245997404
2451708306555441014;2021-09;0.0043276595868345005
2451708306555441014;2021-09;0.004142605798455298
2451708306555441014;2021-09;0.003244312321371074
2250817603281429928;2021-08;0.0002299354068333764
2250817603281429928;2021-08;0.00023274852792676864
2250817603281429928;2021-09;0.00023216790423696092
8271604276097280304;2021-08;0.0019304548731762712
4593070249039532001;2021-08;0.00036382734008401715
4593070249039532001;2021-08;0.00036343232650467563
4593070249039532001;2021-09;0.0002281011514331295
5897410907783139228;2021-08;0.00046035083338226375
5897410907783139228;2021-08;0.0011644736456356511
5897410907783139228;2021-09;0.0009836599195378135
5897410907783139228;2021-09;0.0004590975630273626
2530707686830644666;2021-08;0.007248151952020128
2530707686830644666;2021-09;0.0035992697687181694
340285351737204923;2021-08;0.017234271265256746
340285351737204923;2021-09;0.0160410250407195
340285351737204923;2021-09;0.0160410250407195
340285351737204923;2021-09;0.0160410250407195
340285351737204923;2021-09;0.012398636747827435
340285351737204923;2021-09;0.0160410250407195
7067471043900250355;2021-08;0.006675626780075852
7067471043900250355;2021-08;0.8807466025761385
7067471043900250355;2021-08;0.9109439411957414
7067471043900250355;2021-08;0.00637112392392809
7067471043900250355;2021-08;0.006675626780075852
3248432590399829766;2021-08;0.002013625208076515
3248432590399829766;2021-08;0.0012982814020707125
3248432590399829766;2021-08;0.0013869227612726678
7176848230239877915;2021-08;0.00046768020015276187
761746217261797478;2021-08;0.0005682098113358158
761746217261797478;2021-09;0.0004885972155870492
761746217261797478;2021-09;0.0006363170720132488
761746217261797478;2021-09;0.000568408925377339
7041489327620930099;2021-08;0.002543730959059929
7041489327620930099;2021-09;0.008140549320443275
5958664040344043635;2021-08;0.0028366004424123835
5958664040344043635;2021-09;0.0032228701329221673
4327694790333781288;2021-08;8.456524980916103e-05
1078687383992817574;2021-08;0.28961749862164105
1078687383992817574;2021-08;0.3355395421806663
1078687383992817574;2021-08;0.28961749862164105
1078687383992817574;2021-08;0.3364757606236783
1078687383992817574;2021-09;0.14747365730078518
1078687383992817574;2021-09;0.23735867596853688
1078687383992817574;2021-09;0.23042309483638332
1078687383992817574;2021-09;0.23477411817133173
2619109825960703851;2021-08;0.008019006194810453
2619109825960703851;2021-08;0.008019006194810453
2619109825960703851;2021-09;0.00871525119157764
2619109825960703851;2021-09;0.008600466611812527
175003104385133396;2021-08;0.0009877108078723115
175003104385133396;2021-09;0.003398601965097717
2397171153213063761;2021-08;0.0017321704539515117
2397171153213063761;2021-08;0.0017790913285658375
2397171153213063761;2021-08;0.0032912682534608877
2397171153213063761;2021-08;0.0017790913285658375
2397171153213063761;2021-09;0.0017817514387477513
2397171153213063761;2021-09;0.0016868852681175028
2397171153213063761;2021-09;0.14654968296415236
2397171153213063761;2021-09;0.001661846664125505
2397171153213063761;2021-09;0.001661846664125505
5176940320835464459;2021-08;0.0008336652732244885
5176940320835464459;2021-08;0.0010614197987575717
5176940320835464459;2021-08;0.0007587247110495611
5176940320835464459;2021-08;0.0007898480581806987
5176940320835464459;2021-08;0.0010774216931225262
5176940320835464459;2021-08;0.0007898480581806987
5176940320835464459;2021-08;0.0013914317148357618
5176940320835464459;2021-09;0.0011050911537277715
5176940320835464459;2021-09;0.0008789865340339808
5176940320835464459;2021-09;0.0008269903894467222
5176940320835464459;2021-09;0.0007196547113248381
5176940320835464459;2021-09;0.0008789865340339808
5176940320835464459;2021-09;0.002368500317196996
5176940320835464459;2021-09;0.0010361438645879757
5176940320835464459;2021-09;0.0007196547113248381
5176940320835464459;2021-09;0.0007923959172270102
2768068015169423097;2021-08;0.017929386232826534
2768068015169423097;2021-08;0.017929386232826534
7970976988071755401;2021-08;0.08673007433592379
7970976988071755401;2021-08;0.07230068266774414
7970976988071755401;2021-08;0.08364299855502368
7970976988071755401;2021-09;0.09226215777536179
7970976988071755401;2021-09;0.09872135872960211
7930644815080409701;2021-08;0.0033689053889956236
7930644815080409701;2021-09;0.0034126005303175785
8874257794774679816;2021-08;0.0005255363974233443
8874257794774679816;2021-08;0.0005255363974233443
8874257794774679816;2021-09;0.0005955881722486196
8874257794774679816;2021-09;0.0005883637583640781
8874257794774679816;2021-09;0.0005955881722486196
8874257794774679816;2021-09;0.0005895399048049643
7949169060790541229;2021-08;0.001048489788127317
7949169060790541229;2021-09;0.0010038020269681584
7949169060790541229;2021-09;0.0009356948386040926
4210463673385510745;2021-08;0.028058296660150247
4210463673385510745;2021-08;0.009319370084461298
4210463673385510745;2021-09;0.013593099852123001
4210463673385510745;2021-09;0.047921533362928787
5855956854975734380;2021-08;0.009829668140594777
5753677550753111444;2021-08;6.709042235214405e-05
5753677550753111444;2021-08;6.08740624267869e-05
5753677550753111444;2021-09;6.380541663239178e-05
8909740532547211288;2021-08;0.00236871888309932
8909740532547211288;2021-08;0.0023010078388156292
8909740532547211288;2021-09;0.002267404853114514
8909740532547211288;2021-09;0.00144121100268302
8909740532547211288;2021-09;0.0015203966232914272
345447888460137901;2021-08;0.013604334402640021
345447888460137901;2021-09;0.010088797190892786
6662531979151878793;2021-08;0.00156251589976655
6662531979151878793;2021-09;0.00174208807267304
1616952665234409442;2021-08;0.07113705228087062
1616952665234409442;2021-08;0.052782634081099046
1616952665234409442;2021-08;0.08148864907258206
2808145376905474927;2021-08;0.007901596081144985
2808145376905474927;2021-08;0.009552148727940421
2808145376905474927;2021-09;0.006540923049941204
2808145376905474927;2021-09;0.007790868892799261
7471183491728700531;2021-08;0.1870155603367305
7471183491728700531;2021-08;0.187526608422211
5373371196946859811;2021-08;0.014678339864644683
5373371196946859811;2021-08;0.016489504173143647
5373371196946859811;2021-08;0.016826602848426075
5373371196946859811;2021-09;0.016999569398208687
5373371196946859811;2021-09;0.011732434597842203
6941381638534728190;2021-08;0.00041388498224471715
6941381638534728190;2021-08;0.0003229734489004563
6941381638534728190;2021-09;0.00024491128854488325
8213533889694327948;2021-08;0.0006795558297291389
8213533889694327948;2021-08;0.0005210505756342992
8213533889694327948;2021-08;0.0005210505756342992
8213533889694327948;2021-08;0.0006417661600584665
8213533889694327948;2021-09;0.0004714375870400161
8213533889694327948;2021-09;0.0005678341243504532
8213533889694327948;2021-09;0.0005037601148032764
6020593949794792044;2021-08;0.02024896478383161
6020593949794792044;2021-09;0.07289817885010495
3285246914299291124;2021-08;0.0003919918366245625
3285246914299291124;2021-09;0.0002934936066043535
3285246914299291124;2021-09;0.0002934936066043535
3285246914299291124;2021-09;0.00025086599940520515
3285246914299291124;2021-09;0.0002764588174948009
3511416927745338332;2021-08;0.0006125805329742482
3511416927745338332;2021-09;0.00044417063983246595
1997130697107291654;2021-08;0.027362061389118286
864510931144626280;2021-08;0.003589053894009365
5726884001073147293;2021-08;0.0013512228760052503
8559143756893267192;2021-08;0.03440773552585514
8559143756893267192;2021-08;0.026391922812540478
7085295800541340563;2021-08;0.001554738209338923
7085295800541340563;2021-08;0.001554738209338923
7085295800541340563;2021-08;0.001697264188279574
7085295800541340563;2021-09;0.04074212905743459
1958660709350677213;2021-08;0.14623807723402177
1958660709350677213;2021-09;0.15129688097116004
1958660709350677213;2021-09;0.14610774462920456
1958660709350677213;2021-09;0.10807236906761424
1958660709350677213;2021-09;0.08068726967352889
312543480920432545;2021-08;0.0004087969583369143
312543480920432545;2021-08;0.00027730251603249733
312543480920432545;2021-08;0.0005410521537466052
312543480920432545;2021-08;0.00030223536836336773
312543480920432545;2021-08;0.00030223536836336773
312543480920432545;2021-09;0.0003028627379647336
312543480920432545;2021-09;0.0005870209725310385
312543480920432545;2021-09;0.00027648303346798517
312543480920432545;2021-09;0.00029473987828444655
312543480920432545;2021-09;0.0001698538243242173
5786895437851445408;2021-08;0.034359636819384635
6914631631926429447;2021-08;0.005580903744828285
274692171162531764;2021-08;0.010651940326422513
274692171162531764;2021-08;0.010651940326422513
274692171162531764;2021-08;0.009722014361642557
274692171162531764;2021-09;0.010491616181535577
274692171162531764;2021-09;0.010353680273645166
274692171162531764;2021-09;0.010353680273645166
274692171162531764;2021-09;0.010353680273645166
274692171162531764;2021-09;0.010353680273645166
2088532321693492263;2021-08;0.0071796711757672205
2088532321693492263;2021-08;0.007516175363861502
2088532321693492263;2021-09;0.6021136784657737
2088532321693492263;2021-09;0.010426010302361344
4335865859049992260;2021-08;0.0011940182918330896
4335865859049992260;2021-09;0.0016439968767784797
4335865859049992260;2021-09;0.0012467042369343297
2209806355660046187;2021-08;0.0013527905376629636
3218226066162129945;2021-08;0.005997669874754848
3218226066162129945;2021-09;0.47361510111844496
3218226066162129945;2021-09;0.4805169636819588
6985631100944640910;2021-08;0.03409613782921108
5358243820364010940;2021-08;0.0016845134243674486
5358243820364010940;2021-08;0.0018194296424313605
5358243820364010940;2021-08;0.0016845134243674486
4588313530969303734;2021-08;0.023104565751825713
4588313530969303734;2021-08;0.022389788025383904
4588313530969303734;2021-09;0.030927666449462224
2033394215069562776;2021-08;0.0154893441984401
2033394215069562776;2021-08;0.0154893441984401
2033394215069562776;2021-09;0.0151050828071721
2033394215069562776;2021-09;0.019390671537846835
662944582644865942;2021-08;0.011267999294241245
662944582644865942;2021-09;0.012866603105281541
662944582644865942;2021-09;0.01910379725818558
662944582644865942;2021-09;0.014192387651719192
662944582644865942;2021-09;0.014192387651719192
662944582644865942;2021-09;0.012551835094204333
4874157215501489741;2021-08;0.0005569754627640151
4874157215501489741;2021-08;0.0005569754627640151
4874157215501489741;2021-08;0.0005800490504698337
4874157215501489741;2021-09;0.0008026239688595031
2371917341091102894;2021-08;0.012683505213251454
2819054834565698513;2021-08;0.004100988829992819
2819054834565698513;2021-08;0.004100988829992819
2819054834565698513;2021-09;0.00670400166508124
2819054834565698513;2021-09;0.0028937741658565438
2819054834565698513;2021-09;0.004437808205088309
4675067298171588603;2021-08;0.03331422468964927
4675067298171588603;2021-08;0.044463535260897406
4675067298171588603;2021-08;0.04883014356983258
3118683330911759410;2021-08;0.0415239340568508
3118683330911759410;2021-09;0.051176068452172485
5460280878923715699;2021-08;0.004950434581931592
5460280878923715699;2021-08;0.0024263482679896613
5460280878923715699;2021-09;0.0017409468364477671
7268895973869107930;2021-08;0.0007788332054072531
7268895973869107930;2021-08;0.0008191426976161118
7268895973869107930;2021-09;0.0003501285742728782
7268895973869107930;2021-09;0.0003501285742728782
1141681690629134039;2021-08;0.001535784253450919
8715120689636420963;2021-08;0.0015293271983635422
940214356651040716;2021-08;0.0817443181064959
940214356651040716;2021-09;0.06074454230623954
940214356651040716;2021-09;0.06074454230623954
295375823203017296;2021-08;0.0006694531059449096
295375823203017296;2021-09;0.0009731696037863103
5528372913947954503;2021-08;0.005752441243757068
5528372913947954503;2021-09;0.004222360147637023
9108733472015251498;2021-08;0.0002020866995688772
3591324331706630867;2021-08;0.008514672451667857
3591324331706630867;2021-08;0.010374486153397734
3591324331706630867;2021-09;0.008330295358439857
8603678028264007695;2021-08;0.0026008383777119297
8603678028264007695;2021-09;0.0029912940216165976
8603678028264007695;2021-09;0.001786577865625487
6858769421191999702;2021-08;0.0026171849668418265
6858769421191999702;2021-08;0.0026171849668418265
6858769421191999702;2021-09;0.002969593163011304
6858769421191999702;2021-09;0.0037712727562558956
8596605705893456305;2021-08;0.5122733036420258
8596605705893456305;2021-09;0.5536372010219653
8596605705893456305;2021-09;0.6041612330707807
8596605705893456305;2021-09;0.6063746483140661
8596605705893456305;2021-09;0.4743722779550307
8596605705893456305;2021-09;0.5486509409892895
8596605705893456305;2021-09;0.5536372010219653
8596605705893456305;2021-09;0.5536372010219653
5888474320320735000;2021-08;0.6708270812525962
5888474320320735000;2021-08;0.645192590916454
5888474320320735000;2021-09;0.513190757185148
5888474320320735000;2021-09;0.6623567706865804
5888474320320735000;2021-09;0.6678407432331904
6795467882769787169;2021-08;0.0028873891413754792
6795467882769787169;2021-08;0.0028873891413754792
6795467882769787169;2021-09;0.0025222937403882135
6795467882769787169;2021-09;0.0004895449646334999
6795467882769787169;2021-09;0.0005069330939468795
6828316696355015040;2021-08;0.001282177901861133
6828316696355015040;2021-08;0.001282177901861133
6828316696355015040;2021-08;0.0014164751984935577
6828316696355015040;2021-09;0.001335369738100555
6828316696355015040;2021-09;0.0011954685045206315
1477629972594346481;2021-08;0.015527074562748145
1477629972594346481;2021-08;0.014665341125050057
1477629972594346481;2021-09;0.00847896202693177
1543875954928694094;2021-08;0.0002369162662889337
1543875954928694094;2021-08;0.0003543081930772514
1543875954928694094;2021-08;0.00025047727456408683
1543875954928694094;2021-09;0.0002470536870129877
5477900120643078645;2021-08;0.00937858672119851
5477900120643078645;2021-08;0.00816544713789573
5477900120643078645;2021-08;0.008872479840723771
5432443358006556295;2021-08;0.0013884270518765478
5462970244186515758;2021-08;0.0003824977456520653
5462970244186515758;2021-08;0.0004453156502663355
5462970244186515758;2021-09;0.0002623253813378645
5462970244186515758;2021-09;0.00027399292821307723
5462970244186515758;2021-09;0.00029208033309925603
5462970244186515758;2021-09;0.0002623253813378645
5462970244186515758;2021-09;0.0003207792016200556
665854826624598350;2021-08;0.0015976994124709558
665854826624598350;2021-08;0.0015976994124709558
665854826624598350;2021-08;0.0021188258404911883
665854826624598350;2021-08;0.0015976994124709558
665854826624598350;2021-08;0.0015976994124709558
665854826624598350;2021-09;0.0013594744419742268
665854826624598350;2021-09;0.0023741314123112756
1738460583932152602;2021-08;0.2625246296542715
5864443060004179363;2021-08;0.0006199362882485071
5864443060004179363;2021-08;0.0007117998981537836
5864443060004179363;2021-09;0.004472117754018878
5864443060004179363;2021-09;0.0007480051583504159
5864443060004179363;2021-09;0.0005386440959159369
5864443060004179363;2021-09;0.0005350526048533223
5864443060004179363;2021-09;0.0005350526048533223
5864443060004179363;2021-09;0.0007451784915126243
2508429106201166689;2021-08;0.0005889350179834437
2508429106201166689;2021-09;0.0005040662309460839
2508429106201166689;2021-09;0.000535015074290284
1272921915900711149;2021-08;0.00029956782555925316
1272921915900711149;2021-08;0.0002808070871957605
1272921915900711149;2021-09;0.00026959933777844555
7719481195372677540;2021-08;0.0009326040070754076
7719481195372677540;2021-09;0.0008747493494417499
7719481195372677540;2021-09;0.0010133679961865604
1097345589386012260;2021-08;0.00039775425440523337
5166128847048245697;2021-08;0.0013406785455796048
5166128847048245697;2021-09;0.0028927967374463475
5166128847048245697;2021-09;0.002980302482793374
1192891347324061812;2021-08;0.0011618448505868139
1192891347324061812;2021-08;0.00124894978449886
1192891347324061812;2021-08;0.00124894978449886
1192891347324061812;2021-09;0.0008781635271329062
1192891347324061812;2021-09;0.0008781635271329062
1192891347324061812;2021-09;0.000878512380920106
1192891347324061812;2021-09;0.0008781635271329062
1192891347324061812;2021-09;0.0008781635271329062
1192891347324061812;2021-09;0.0009206541154105145
1192891347324061812;2021-09;0.0009136595886054377
1683619849073499603;2021-08;0.002728955792761898
1683619849073499603;2021-08;0.0027559527041586284
1683619849073499603;2021-08;0.00261137800298574
1683619849073499603;2021-08;0.0027559527041586284
1683619849073499603;2021-09;0.002312382650684705
1683619849073499603;2021-09;0.002213423117630009
1683619849073499603;2021-09;0.002312382650684705
8195468623809753777;2021-08;0.0016249119086427929
8195468623809753777;2021-09;0.00062094914125455
5883155883105348987;2021-08;0.01349237410496973
5883155883105348987;2021-08;0.009110230706154927
5883155883105348987;2021-09;0.22296241580912254
5883155883105348987;2021-09;0.010109238976565094
5883155883105348987;2021-09;0.009858097967860132
4571290108043699959;2021-08;0.0011856245160333258
4571290108043699959;2021-08;0.0007111866511889324
4571290108043699959;2021-09;0.0004916589442329015
4571290108043699959;2021-09;0.0006612686535860876
4571290108043699959;2021-09;0.0005742677426295444
4571290108043699959;2021-09;0.0005393124300836175
4571290108043699959;2021-09;0.0006132148075402131
4571290108043699959;2021-09;0.0007118447269507637
465309249432033993;2021-08;0.002193417363052437
465309249432033993;2021-08;0.0019976695400577517
465309249432033993;2021-08;0.002193417363052437
465309249432033993;2021-08;0.0019680786370364156
465309249432033993;2021-08;0.007597153498300547
465309249432033993;2021-09;0.04701443784158404
9206030810342980458;2021-08;0.0006614500755478534
9206030810342980458;2021-08;0.0006238197308926802
9206030810342980458;2021-08;0.000667925332461446
9206030810342980458;2021-09;0.0005345841733259058
9206030810342980458;2021-09;0.0005345841733259058
6330043096034525408;2021-08;0.10012881720478595
6330043096034525408;2021-08;0.10931636672067108
6330043096034525408;2021-08;0.09179689708710659
6330043096034525408;2021-08;0.10931636672067108
6330043096034525408;2021-09;0.2829056172064097
6330043096034525408;2021-09;0.03429864161491649
6330043096034525408;2021-09;0.5753261294807416
6330043096034525408;2021-09;0.03429864161491649
6330043096034525408;2021-09;0.03429864161491649
6330043096034525408;2021-09;0.036116462428393045
3724562776372632620;2021-08;0.006215586328197857
3724562776372632620;2021-09;0.010827703161761307
7142043104834932013;2021-08;0.014644643895281428
7142043104834932013;2021-09;0.011205883576337828
6681781879793693802;2021-08;0.00040698711744590146
7535160686416710323;2021-08;0.0009492839214881409
7535160686416710323;2021-08;0.0009252680628227643
7535160686416710323;2021-08;0.001051665439745352
7535160686416710323;2021-09;0.0007488535352362104
7770458886439606839;2021-08;0.017147776869291444
7770458886439606839;2021-08;0.014501695495672248
7770458886439606839;2021-08;0.015353035007112527
7770458886439606839;2021-09;0.06625567025248946
7770458886439606839;2021-09;0.10149412555625349
7770458886439606839;2021-09;0.09705472261015602
7770458886439606839;2021-09;0.07560176966595031
7770458886439606839;2021-09;0.07510578960073774
7770458886439606839;2021-09;0.07560176966595031
5304536516981778801;2021-08;0.0018501723430901173
5304536516981778801;2021-08;0.0008430580418223449
5304536516981778801;2021-08;0.0008430580418223449
5304536516981778801;2021-08;0.0008174116345849245
5304536516981778801;2021-09;0.0007162669176145482
5304536516981778801;2021-09;0.0016445167703106214
5304536516981778801;2021-09;0.0007162669176145482
5304536516981778801;2021-09;0.0015716156841314806
3279078057358159966;2021-08;0.014426955214561152
3279078057358159966;2021-08;0.01545596594714495
3279078057358159966;2021-09;0.015139320090408956
6337915293429442229;2021-08;0.03349086938803471
7992317448197179816;2021-08;0.0014927754256433632
7992317448197179816;2021-08;0.0014987364916644067
7992317448197179816;2021-09;0.001301531214414964
710593997981520423;2021-08;0.00365156120237739
5611787644735474299;2021-08;0.0005954712085516952
5611787644735474299;2021-08;0.0006759993552926221
5611787644735474299;2021-08;0.0005954712085516952
5611787644735474299;2021-08;0.0006692514387819417
5611787644735474299;2021-08;0.0006692514387819417
5611787644735474299;2021-08;0.0005915790837764947
5611787644735474299;2021-09;0.0007202334307781541
5611787644735474299;2021-09;0.0007202334307781541
5611787644735474299;2021-09;0.0006867839869441737
5611787644735474299;2021-09;0.0007274950133992906
5611787644735474299;2021-09;0.0007121299700557551
5611787644735474299;2021-09;0.0007274950133992906
5611787644735474299;2021-09;0.0006145647929801989
5611787644735474299;2021-09;0.0007202334307781541
5611787644735474299;2021-09;0.0007065585786961287
3822753345985951756;2021-08;0.006695169971647075
3822753345985951756;2021-08;0.00693618799070249
3822753345985951756;2021-08;0.007129481851850008
3822753345985951756;2021-09;0.004026773412546665
1028630885537616736;2021-08;0.003529301861711293
6217788509719675691;2021-08;0.0018928241402207063
6217788509719675691;2021-09;0.0015864606405162852
6217788509719675691;2021-09;0.08582340324548493
6217788509719675691;2021-09;0.001922944957049592
6217788509719675691;2021-09;0.001922944957049592
6217788509719675691;2021-09;0.0018947443761915845
1827463638348028912;2021-08;0.002198512090832815
3095686599956852697;2021-08;0.0032828785077342257
3095686599956852697;2021-08;0.006193005225093702
2951563549197799278;2021-08;0.0014665870891276945
7944852965555666513;2021-08;0.001741651051862351
7944852965555666513;2021-09;0.0021854247956322884
7963861799566207637;2021-08;0.00028535444260142353
7963861799566207637;2021-08;0.00022607803036087508
7963861799566207637;2021-09;0.00030469695103639506
7963861799566207637;2021-09;0.00027030393679490413
7963861799566207637;2021-09;0.00031189676158568133
2735662700719640627;2021-08;0.018550220434025436
6271697692808086495;2021-08;0.0015186246438496705
6271697692808086495;2021-09;0.004156984939273611
6271697692808086495;2021-09;0.004103300333806911
6885171468891031140;2021-08;0.0006746242941586912
6885171468891031140;2021-08;0.0005687212742603822
6885171468891031140;2021-09;0.0006076971451293937
6885171468891031140;2021-09;0.0006019062902621319
6754039979151386401;2021-08;0.004495915414303745
8609211777002937758;2021-08;0.0018112432576067763
8609211777002937758;2021-08;0.0017491192204497669
8609211777002937758;2021-09;0.0009260854688077238
1044946691507317745;2021-08;0.00167518398472047
1044946691507317745;2021-08;0.0020086305369007283
1044946691507317745;2021-09;0.0016624921398656989
1044946691507317745;2021-09;0.0016624921398656989
1044946691507317745;2021-09;0.0021028664465714414
107343823625119033;2021-08;0.0016692954101925103
107343823625119033;2021-09;0.010316643705423956
9052787288251876909;2021-08;0.00012658969121269445
9052787288251876909;2021-09;0.00023695113694735732
8090492548102964782;2021-08;0.01679600790021652
8090492548102964782;2021-09;0.025270485835309612
8196449005061156808;2021-08;0.0016262452665042723
8196449005061156808;2021-09;0.0014948578744737968
5635781225931111684;2021-08;0.002991863079248449
5635781225931111684;2021-09;0.0036483403899647223
5635781225931111684;2021-09;0.0036928211582052586
5635781225931111684;2021-09;0.0036483403899647223
5635781225931111684;2021-09;0.003509544493087572
4071158585850879204;2021-08;0.04158490284334563
4071158585850879204;2021-09;0.04532352632428616
4071158585850879204;2021-09;0.03392584074724623
4071158585850879204;2021-09;0.03392584074724623
1617695035450525647;2021-08;0.00012416864078075072
1617695035450525647;2021-09;0.00030099792432628647
1617695035450525647;2021-09;0.00035694379766394745
1617695035450525647;2021-09;0.00019313686156465054
1617695035450525647;2021-09;0.0004515252755806904
1617695035450525647;2021-09;0.00019914727810339851
1617695035450525647;2021-09;0.00019914727810339851
1617695035450525647;2021-09;0.00019905087406705895
5986344948775572227;2021-08;0.48103201770468895
1977574645216036803;2021-08;0.18654898496072342
1977574645216036803;2021-09;0.17781359391027432
8918635099296971351;2021-08;0.011015085781177677
2310272650667756227;2021-08;0.7010050061848659
5303720405946805990;2021-08;0.0008983386049881951
5303720405946805990;2021-08;0.0005716319892227626
5303720405946805990;2021-08;0.0003585637164376427
5303720405946805990;2021-08;0.0008900030495748661
5303720405946805990;2021-08;0.000879417756146089
5303720405946805990;2021-09;0.0003882289258551842
2763141362035716801;2021-08;0.0013591990137165923
2763141362035716801;2021-09;0.0015972624577181695
2763141362035716801;2021-09;0.0014771096939014807
3036967290595689189;2021-08;0.0005187200910030692
3036967290595689189;2021-08;0.0005187200910030692
3036967290595689189;2021-09;0.0005570076363342918
1115703227712697214;2021-08;0.0028886210186594595
1115703227712697214;2021-08;0.0019585962948724073
1115703227712697214;2021-09;0.002317483220895843
1115703227712697214;2021-09;0.0023456999206755776
1115703227712697214;2021-09;0.0023456999206755776
7141263195360679278;2021-08;0.02973907761618806
7141263195360679278;2021-08;0.032779943894165
7141263195360679278;2021-08;0.03076415429166425
6462952350255736003;2021-08;0.002468363112479776
6462952350255736003;2021-08;0.0024903287692918134
6462952350255736003;2021-08;0.002468363112479776
6462952350255736003;2021-09;0.0028758643576502953
472772897496154354;2021-08;0.0008855110701759222
472772897496154354;2021-08;0.0009332133783836238
472772897496154354;2021-09;0.0007769728504503458
472772897496154354;2021-09;0.0007729197359834528
8248484932270772248;2021-08;0.2980961081019446
8895896724713458749;2021-08;0.0003701783381516269
8895896724713458749;2021-08;0.0003701783381516269
8895896724713458749;2021-08;0.0004031462470725878
8895896724713458749;2021-08;0.0003701783381516269
8895896724713458749;2021-08;0.0003701783381516269
8895896724713458749;2021-09;0.0003905146555577313
8895896724713458749;2021-09;0.0004150526931473791
8895896724713458749;2021-09;0.0004252929368032843
5732713959930509093;2021-08;0.007749430388208271
4365965554261111250;2021-08;0.0445406827590559
4365965554261111250;2021-09;0.07977052572209326
4365965554261111250;2021-09;0.07500207184780724
5430917218683822543;2021-08;0.0070812757740279595
5430917218683822543;2021-08;0.008074745121197371
5430917218683822543;2021-09;0.013055786680523263
5430917218683822543;2021-09;0.009526137200409377
717981637594591016;2021-08;0.0003694386400571256
717981637594591016;2021-09;0.0002698950398380421
511305041047444825;2021-08;0.002762186581944901
511305041047444825;2021-09;0.14229964372265547
511305041047444825;2021-09;0.002695791932769946
511305041047444825;2021-09;0.002695791932769946
2208316821038817776;2021-08;0.1998558855917676
2201150681962815877;2021-08;0.0011891848150856138
2201150681962815877;2021-08;0.0011427659832237143
2201150681962815877;2021-09;0.0012275722194723324
2201150681962815877;2021-09;0.004681405667464826
3480297543931395935;2021-08;0.02755279686153425
3480297543931395935;2021-08;0.04914595123527369
8915958534285799867;2021-08;0.2173409823521423
652740132671309295;2021-08;0.01907878718560545
652740132671309295;2021-09;0.017605746067753964
7595945751692012281;2021-08;0.0017318044256955008
7595945751692012281;2021-08;0.0027093064546164997
7595945751692012281;2021-09;0.0020657204955197134
7468724002190465812;2021-08;0.000901422127370644
3281617395243454427;2021-08;0.018955474281771682
1551531256789550891;2021-08;0.0006388213285804699
1551531256789550891;2021-09;0.00043309543891408475
8570963260597299378;2021-08;9.819844087643152e-05
8570963260597299378;2021-09;0.00037868327331260583
8570963260597299378;2021-09;0.0003144783460360951
8570963260597299378;2021-09;0.0003179430776357835
8570963260597299378;2021-09;0.0002820958917745144
8570963260597299378;2021-09;0.0003004468430308709
8570963260597299378;2021-09;0.00029855901594202786
7613717984547031729;2021-08;0.0005914528799388498
7613717984547031729;2021-08;0.0008205096704348126
7613717984547031729;2021-09;0.0006602576877745168
7613717984547031729;2021-09;0.0005901017933328739
7613717984547031729;2021-09;0.0008475841397878777
7613717984547031729;2021-09;0.00040525192350433683
7613717984547031729;2021-09;0.0006074514893298973
3258345688897172820;2021-08;0.061554784100179366
3258345688897172820;2021-09;0.13469968295644455
3258345688897172820;2021-09;0.060078859784336684
3258345688897172820;2021-09;0.06030377990307178
843896882208504179;2021-08;0.3686227137398035
7870373680211625064;2021-08;0.004193938314305493
410843023337872279;2021-08;0.3271962657767555
410843023337872279;2021-09;0.26277386153078586
410843023337872279;2021-09;0.0013988465370412483
5225029212547588718;2021-08;0.017726236472325223
5225029212547588718;2021-08;0.028870876606688377
5225029212547588718;2021-09;0.011879571901905672
5225029212547588718;2021-09;0.1284237549776443
5225029212547588718;2021-09;0.009696618526222821
5225029212547588718;2021-09;0.014898601371351418
5225029212547588718;2021-09;0.009050216907731605
5225029212547588718;2021-09;0.008832059205617046
7686361238195690925;2021-08;0.0009177954556947092
7686361238195690925;2021-09;0.048593146464364474
873223039957991123;2021-08;0.0010044515065092522
873223039957991123;2021-09;0.0007419754789549214
3027683745465216663;2021-08;0.003460508531468228
2003221759676247813;2021-08;0.0005183779095001575
2322847438374159400;2021-08;0.00029965803117344513
2322847438374159400;2021-09;0.0005826099837140991
1696462947583294958;2021-08;0.00018067640535044462
1696462947583294958;2021-09;0.007222730458158643
6987942592445950913;2021-08;0.00047083482574138797
6987942592445950913;2021-08;0.0005071916504481749
6987942592445950913;2021-09;0.0005700825405787342
6987942592445950913;2021-09;0.0005841755510318306
8854680481766219396;2021-08;0.08133891355820685
8854680481766219396;2021-08;0.08133891355820685
8854680481766219396;2021-08;0.08955114221936877
8854680481766219396;2021-09;0.15220340274232386
2870813069335519467;2021-08;0.009374754825953926
2870813069335519467;2021-09;0.008683797238360465
1000372849175668062;2021-08;0.07193066500295282
1000372849175668062;2021-08;0.0014043693311410297
7031913170099381454;2021-08;0.06156506461114826
7031913170099381454;2021-09;0.11332501900890804
1106971614386004604;2021-08;0.0128366032190982
3472934456083131714;2021-08;0.0008499021403881616
3472934456083131714;2021-08;0.0007386575889928577
3472934456083131714;2021-09;0.0008362768899581134
2032592272238235730;2021-08;0.0029596686448491783
2032592272238235730;2021-09;0.0034176701098770877
7637066986811047950;2021-08;0.0029805933154618473
7637066986811047950;2021-09;0.001059727725652765
2347028805684088098;2021-08;0.00015162275636635303
2347028805684088098;2021-08;0.00016072537412465697
2347028805684088098;2021-09;0.0016437387205551154
2347028805684088098;2021-09;0.00012527744966648116
2347028805684088098;2021-09;0.0001302598229315218
2347028805684088098;2021-09;0.0001743548939240041
2347028805684088098;2021-09;0.00011297416418419081
2347028805684088098;2021-09;0.00014824703485304868
2347028805684088098;2021-09;0.00014906800782844696
2634859679238614382;2021-08;0.0014649377680903113
2634859679238614382;2021-09;0.0010024627965598228
2634859679238614382;2021-09;0.001006119020852089
2634859679238614382;2021-09;0.0009903557196750496
2634859679238614382;2021-09;0.0009903557196750496
2634859679238614382;2021-09;0.0010024627965598228
1661240395903230676;2021-08;0.04007316687897448
1661240395903230676;2021-09;0.05820938426996642
1661240395903230676;2021-09;0.05820938426996642
8748106677402909629;2021-08;0.010013803761270468
4495596792165551705;2021-08;0.03545852003548851
6242636379248496392;2021-08;0.0023193877615252517
6242636379248496392;2021-08;0.0017532470330439928
6242636379248496392;2021-08;0.0022351839311730037
6242636379248496392;2021-09;0.0017983606071042134
6242636379248496392;2021-09;0.0017983606071042134
2535803443850893368;2021-08;0.05922555967262105
7529137091657891207;2021-08;0.03376981226097539
5136739522477907100;2021-08;0.0029427975501700775
5136739522477907100;2021-08;0.003202394665211654
5136739522477907100;2021-09;0.0021958393650395266
5274777191770957761;2021-08;0.11175627157682098
5274777191770957761;2021-09;0.4951180944500805
5274777191770957761;2021-09;0.1921798839066514
5091704914816802802;2021-08;0.019236829651485637
8919892162361650175;2021-08;0.04418810858257536
8919892162361650175;2021-09;0.03768520668624592
8919892162361650175;2021-09;0.03768520668624592
6547872039250784411;2021-08;0.5764445940980598
4465150716052427320;2021-08;0.001301721993220863
4465150716052427320;2021-09;0.3591805220961478
4465150716052427320;2021-09;0.0017502278588192072
4465150716052427320;2021-09;0.0021660743122413257
4465150716052427320;2021-09;0.0013499745065203943
4465150716052427320;2021-09;0.0019176031485880014
4465150716052427320;2021-09;0.0018944645765431082
4465150716052427320;2021-09;0.0017534437556487993
4183921942053157552;2021-08;0.011914351738300744
4183921942053157552;2021-09;0.006403285435257914
4183921942053157552;2021-09;0.006403285435257914
963687627963462983;2021-08;0.00021820328043885347
2778852475840838977;2021-08;0.056774033858518966
8041261093764417881;2021-08;0.000498056780571064
3538481420098344176;2021-08;0.2396884522709721
8174633018998080168;2021-08;0.0019222626236630388
39547025441582855;2021-08;0.003385071859827208
39547025441582855;2021-09;0.018077660046157185
8901696535927078963;2021-08;0.0014160983769020232
8901696535927078963;2021-09;0.002155258548440396
8901696535927078963;2021-09;0.0022842883168838917
8901696535927078963;2021-09;0.0022617332631143278
8901696535927078963;2021-09;0.0022842883168838917
8901696535927078963;2021-09;0.002500458727440252
6367769402148499693;2021-08;0.0020753688695426533
6367769402148499693;2021-09;0.001350468443983279
8503092146854371576;2021-08;0.0002083608791081477
8503092146854371576;2021-09;0.00018341682964346945
8512214463586144353;2021-08;0.0024441292907599788
8512214463586144353;2021-09;0.0026486092788304987
8512214463586144353;2021-09;0.002074093210219703
8512214463586144353;2021-09;0.001846539702894716
9175443729335908760;2021-08;0.03439869298007646
3632378524835692731;2021-08;0.0006946623144993536
4018182555897034052;2021-08;0.0007443405742785325
4018182555897034052;2021-08;0.0006273902425458851
4018182555897034052;2021-09;0.0006349901739292808
4018182555897034052;2021-09;0.016372563259824755
6394935036014530592;2021-08;0.0011486830470951472
6394935036014530592;2021-09;0.0015152293318283856
5078307295214858596;2021-08;0.004389678899639502
903093877129717133;2021-08;0.000884980522850906
903093877129717133;2021-08;0.000951213998297683
903093877129717133;2021-08;0.000929016337030538
903093877129717133;2021-08;0.000951213998297683
903093877129717133;2021-09;0.0008883468347271752
903093877129717133;2021-09;0.0008523761271767887
903093877129717133;2021-09;0.0008727441679864143
903093877129717133;2021-09;0.000867614976203997
5042877476420217533;2021-08;0.0014311684712441652
5042877476420217533;2021-08;0.0009611410435824759
5042877476420217533;2021-09;0.0011648838852891682
2006188298374001315;2021-08;0.0009054992762915734
2006188298374001315;2021-09;0.001077078427580444
2006188298374001315;2021-09;0.001077078427580444
6926309382371178621;2021-08;0.0005974059499359937
5689766561863956319;2021-08;0.0055360640442359286
5689766561863956319;2021-08;0.0051722496639676815
5689766561863956319;2021-09;0.004700232982962641
5689766561863956319;2021-09;0.004700232982962641
2773493808492482979;2021-08;0.001008242325402715
2773493808492482979;2021-09;0.0004168821930493084
6731795019313479942;2021-08;0.0004820608803023132
7451017400765373278;2021-08;0.00022911709682708537
7451017400765373278;2021-09;0.00023427722921312596
3357976326879346012;2021-08;0.09811807294955859
3357976326879346012;2021-09;0.08723081627811752
3357976326879346012;2021-09;0.08723081627811752
6722781660631652440;2021-08;0.004961018057542875
6056959220685085102;2021-08;0.010493559242881433
3281818438120834833;2021-08;0.0006280594823596643
3281818438120834833;2021-09;0.0006886608735891588
6055278873962623670;2021-08;0.004590457885044246
6055278873962623670;2021-08;0.0030192802403443486
8374461419511631785;2021-08;0.0030612272018911402
8374461419511631785;2021-09;0.0028060616847296604
8374461419511631785;2021-09;0.0028060616847296604
5301988619224057921;2021-08;0.4741402136188921
5301988619224057921;2021-09;0.37299759287870715
5301988619224057921;2021-09;0.3553334802463576
5301988619224057921;2021-09;0.8544989121661065
5301988619224057921;2021-09;0.7737907565768359
5301988619224057921;2021-09;0.30917939568646435
5301988619224057921;2021-09;0.30917939568646435
1235244772550233980;2021-08;0.001941700263548617
1235244772550233980;2021-08;0.001776238880965305
1235244772550233980;2021-09;0.0015786130211285986
1235244772550233980;2021-09;0.001560439704382424
2780030912070252968;2021-08;0.28520732603112936
4090195792518021727;2021-08;0.002319515766408437
1778014915038250584;2021-08;0.10662540422855996
1778014915038250584;2021-09;0.1823350078941667
2658946240987854807;2021-08;0.00046666044225507553
2658946240987854807;2021-08;0.0004764839625278613
2658946240987854807;2021-09;0.0008003368556036985
2658946240987854807;2021-09;0.0008178708058687446
4566920105008626302;2021-08;0.008847416596162342
7628167057144760589;2021-08;0.002046115246051338
7628167057144760589;2021-09;0.0016168670070544225
7628167057144760589;2021-09;0.001519192825852425
5893903674205161232;2021-08;0.000730216867110863
4769364850030443969;2021-08;0.042185678500654716
3682570285558758138;2021-08;0.0020354513568756434
6950439982480713649;2021-08;0.1392786792448863
6950439982480713649;2021-09;0.06828214459069022
6950439982480713649;2021-09;0.07565633354015908
6784879562354696650;2021-08;0.03330641220499493
6784879562354696650;2021-09;0.004364890244886556
6784879562354696650;2021-09;0.004657713977667877
6784879562354696650;2021-09;0.0045023622940228636
8464769152264029983;2021-08;0.0015602749525446943
5735794880899687600;2021-08;0.002369959582027856
5735794880899687600;2021-09;0.004060137803337706
5735794880899687600;2021-09;0.004060137803337706
6545052034269841737;2021-08;0.0009389189011655754
6545052034269841737;2021-09;0.002447116153797691
6545052034269841737;2021-09;0.0025658080480872856
6545052034269841737;2021-09;0.10913168752521293
4762256864594914240;2021-08;0.003945601992794734
4762256864594914240;2021-09;0.003774662468513389
4762256864594914240;2021-09;0.0026126442088424636
4762256864594914240;2021-09;0.003774662468513389
6865071386683133124;2021-08;0.012191423360863455
7105441534376526569;2021-08;0.03750949451650596
1574054842704135993;2021-08;0.006243089878670528
2335982750277990437;2021-08;0.04177937460076784
2335982750277990437;2021-09;0.027887810105872657
5511113649464808344;2021-08;0.07074157942143265
8400764778654490278;2021-08;0.01339924120526152
8400764778654490278;2021-09;0.011821543150461187
8400764778654490278;2021-09;0.09012387835112216
8400764778654490278;2021-09;0.014207443310784449
6546850858912852316;2021-08;0.8772662985740141
6546850858912852316;2021-08;0.3349526170342552
6546850858912852316;2021-09;0.3467144468815441
2432667449154431819;2021-08;0.6256580138644343
2432667449154431819;2021-09;0.5535191128342745
1368430815953333691;2021-08;0.1054251609989126
4717593620120611957;2021-08;0.0011904601254694126
4717593620120611957;2021-09;0.0014346943260690262
15070048310374146;2021-08;0.02093341443568146
15070048310374146;2021-08;0.02093341443568146
15070048310374146;2021-09;0.02993899783475298
3668905663669864663;2021-08;0.00035929637431492264
3668905663669864663;2021-09;0.000856278605557313
180672270337706285;2021-08;0.42542527795056373
4532469127306079736;2021-08;0.000972173695245221
4532469127306079736;2021-09;0.025483738082954992
4532469127306079736;2021-09;0.0009263481266759841
4532469127306079736;2021-09;0.0009421268458720094
9060693308980292489;2021-08;0.04352137450802403
9127318190908282126;2021-08;0.0004626304543509034
4296149971687628223;2021-08;0.0031022671838773627
4342146186255136598;2021-08;0.0008471595921029137
4342146186255136598;2021-09;0.0012117188583653479
4342146186255136598;2021-09;0.0005688384048416743
3095408468798675621;2021-08;0.00044210589966083713
3095408468798675621;2021-09;0.0004662849941327325
3095408468798675621;2021-09;0.0003900295350775074
8083157716178259762;2021-09;0.0011774850516425618
3713742318997880410;2021-09;0.000906852133475475
3713742318997880410;2021-09;0.000906852133475475
1044568737046072781;2021-09;0.009112992681474526
1044568737046072781;2021-09;0.007091529081823776
798425422240919854;2021-09;0.00033235787563410193
798425422240919854;2021-09;0.00032361402592846983
798425422240919854;2021-09;0.00033235787563410193
5369576709077493659;2021-09;0.00744921341973791
5369576709077493659;2021-09;0.00744921341973791
5369576709077493659;2021-09;0.007664336133069975
984915269987074754;2021-09;0.00028922538405200124
984915269987074754;2021-09;0.00030401503142778576
984915269987074754;2021-09;0.010373794513412247
984915269987074754;2021-09;0.00028922538405200124
984915269987074754;2021-09;0.00030401503142778576
2678966409665050034;2021-09;0.0004943656026995516
2678966409665050034;2021-09;0.0004828384168264887
2678966409665050034;2021-09;0.0004943656026995516
2678966409665050034;2021-09;0.0004828384168264887
4898797487317475277;2021-09;0.0067715984460071715
4898797487317475277;2021-09;0.0067715984460071715
6547707428090179960;2021-09;0.006565874719125544
6547707428090179960;2021-09;0.006407215491111002
6547707428090179960;2021-09;0.0056081266022575205
8859064595603380512;2021-09;0.0013143243846929123
1234611356650812259;2021-09;0.027037413127951476
4334472256949955221;2021-09;0.002511112096316953
4334472256949955221;2021-09;0.0014846900456802552
2900002014851776114;2021-09;0.19243415945642137
6368582840625614207;2021-09;0.0004792524734299865
4993499380140734678;2021-09;0.0029990155914594806
4993499380140734678;2021-09;0.0029990155914594806
4993499380140734678;2021-09;0.0028242697272308414
4993499380140734678;2021-09;0.003363235621295918
18719614953021044;2021-09;0.13946600885590835
3228830386980584958;2021-09;0.0003145177167675061
3228830386980584958;2021-09;0.00036694779777860046
5263285038415073073;2021-09;0.30920282758363443
5263285038415073073;2021-09;0.3005095996810409
5263285038415073073;2021-09;0.3005095996810409
3137879241768961145;2021-09;0.00041629754774523365
3137879241768961145;2021-09;0.0004539164709536638
4714214581184951490;2021-09;0.0027412310147440252
4714214581184951490;2021-09;0.0025757501683623066
4714214581184951490;2021-09;0.0020482995997194143
4781265535199914934;2021-09;0.015099764662308746
4781265535199914934;2021-09;0.7515862428008337
4781265535199914934;2021-09;0.8627551578504323
4919908458022265747;2021-09;0.002032349179676837
4919908458022265747;2021-09;0.0019311151217163863
6198047969028248384;2021-09;0.0009259864989280581
6198047969028248384;2021-09;0.0009344039920286434
5860276371789140450;2021-09;0.08574318761631056
5791518044186095039;2021-09;0.0006465790988306794
5791518044186095039;2021-09;0.0006102007144489734
4061297388883391410;2021-09;0.0007533479949466227
2814790209436551216;2021-09;0.0009042718532888723
2814790209436551216;2021-09;0.0023056794318936607
2106875407768047316;2021-09;0.0004776637455049497
1192810733461560329;2021-09;0.00032328209083070644
1192810733461560329;2021-09;0.00026230362654336035
1192810733461560329;2021-09;0.00026230362654336035
1192810733461560329;2021-09;0.0002486644545857392
1192810733461560329;2021-09;0.0002779137577632645
1192810733461560329;2021-09;0.00020260425878878085
5540361570968095722;2021-09;0.0011510981287607101
8548612698724688238;2021-09;0.0055953837217245055
2455576782104041698;2021-09;0.011842810611942735
2455576782104041698;2021-09;0.014588755636712698
3421433989501830226;2021-09;0.02214622961798697
3421433989501830226;2021-09;0.02214622961798697
2233850024349336054;2021-09;0.004073995386690034
1088521227159442264;2021-09;0.011830416554293543
1088521227159442264;2021-09;0.0060956250215472765
1088521227159442264;2021-09;0.01678598644357144
1088521227159442264;2021-09;0.0179857660404525
1088521227159442264;2021-09;0.01678598644357144
1088521227159442264;2021-09;0.008142031588561211
1002362614649347438;2021-09;0.018081170948396418
1002362614649347438;2021-09;0.018081170948396418
6284433051333854194;2021-09;0.0008644729571229949
8828303152301461681;2021-09;0.020048033248686092
8828303152301461681;2021-09;0.028374657925858516
6927178425683104769;2021-09;0.00040154810951727724
6927178425683104769;2021-09;0.000386902531568058
6927178425683104769;2021-09;0.00043710148343967345
7182085930008391174;2021-09;0.0055206286584635585
7182085930008391174;2021-09;0.005193772740796425
7182085930008391174;2021-09;0.008228539184007904
8398000036517692656;2021-09;0.009032616476346601
4972567100282306577;2021-09;0.0037836492639045224
4972567100282306577;2021-09;0.0037836492639045224
4972567100282306577;2021-09;0.003973640428294857
8750634267020436314;2021-09;0.49561904723326994
3275327267689584006;2021-09;0.24978906526418868
3275327267689584006;2021-09;0.769742843256679
255928150711119413;2021-09;0.15926892710252263
4995679129936981612;2021-09;0.3949687991067333
4995679129936981612;2021-09;0.4193762011450887
7664272163315705419;2021-09;0.0037934684820351856
7664272163315705419;2021-09;0.0018605357434519397
1611146298923153842;2021-09;0.016955075365279085
1611146298923153842;2021-09;0.006579931838159825
8961924617442201922;2021-09;0.0009451712608124037
8961924617442201922;2021-09;0.01852519746555695
8961924617442201922;2021-09;0.00043455894765807656
7671566034617837932;2021-09;0.0005726472164110484
7671566034617837932;2021-09;0.0006185220510754785
6643358471662528195;2021-09;0.0003554228868147902
1698828605814171242;2021-09;0.003413254518323454
1698828605814171242;2021-09;0.0035040782979591876
1182975716201409626;2021-09;0.0008015543950565971
1182975716201409626;2021-09;0.0007963452982724296
1182975716201409626;2021-09;0.0007963452982724296
6871485876456523363;2021-09;0.00614227368644914
2549266739079962864;2021-09;0.8505217554634159
4537982850248578883;2021-09;0.000958320981623263
4537982850248578883;2021-09;0.0010053650548723302
4537982850248578883;2021-09;0.0008247516592395346
4537982850248578883;2021-09;0.0009790750800064826
5694881483989656694;2021-09;0.2346769505484424
1788369195969129749;2021-09;0.0007289898226688584
1788369195969129749;2021-09;0.0024776087107909396
4235078665660987689;2021-09;0.0045154778591171675
4235078665660987689;2021-09;0.0045154778591171675
86110062990790869;2021-09;0.10686886162433594
86110062990790869;2021-09;0.013471853901809884
86110062990790869;2021-09;0.01871719416050267
2805743565496207618;2021-09;0.02426237323908144
2805743565496207618;2021-09;0.010702671559634681
4395946187332973749;2021-09;0.00209680008804458
7920896580423665241;2021-09;0.0015765109035775235
7920896580423665241;2021-09;0.027430846794679248
7920896580423665241;2021-09;0.0018598952590523734
5271591321704178730;2021-09;0.33598229410574026
5271591321704178730;2021-09;0.004574676782875511
8680213253228719510;2021-09;0.004990366847405572
3832944730982767714;2021-09;0.0016554820244408903
7231408738455755015;2021-09;0.8736449118026619
7231408738455755015;2021-09;0.6348982494228955
4537268360654655629;2021-09;0.02814914952613931
3888528635045328222;2021-09;0.14952309836997657
3888528635045328222;2021-09;0.015148281836350102
8552039412779393821;2021-09;0.008034831330069414
3970572142453508637;2021-09;0.192831908901885
7367321179169390502;2021-09;0.6009900797755419
2380458252615213706;2021-09;0.014743420133076432
2380458252615213706;2021-09;0.014743420133076432
2380458252615213706;2021-09;0.01438716750116216
5055200744384119654;2021-09;0.004051775420253491
4858887739802767402;2021-09;0.003854096348958297
2772135008486239291;2021-09;0.0753645019314766
6617479989097680138;2021-09;0.1071093399352908
6617479989097680138;2021-09;0.011533418236043574
1668564607105585557;2021-09;0.2300952555625265
345033315379741874;2021-09;0.006366883507723386
1423952977138155129;2021-09;0.0009386365636966528
1423952977138155129;2021-09;0.0009386365636966528
1637960623843047520;2021-09;0.375379266377009
1637960623843047520;2021-09;0.05395145751212227
1637960623843047520;2021-09;0.054706888725403
7444686668183702737;2021-09;0.00042180892089198026
7444686668183702737;2021-09;0.0004003010458975593
7444686668183702737;2021-09;0.00039933900906847147
510795635145114083;2021-09;0.003569854582441136
510795635145114083;2021-09;0.003970627719439414
510795635145114083;2021-09;0.003927953701415718
510795635145114083;2021-09;0.0042177620899063305
904857901361577913;2021-09;0.002415628210682163
7692335720341018458;2021-09;0.0006234834638120343
1507697130807703164;2021-09;0.0002787632550424492
1507697130807703164;2021-09;0.00027262950375584437
1507697130807703164;2021-09;0.00039754792100314744
8706851346184249504;2021-09;0.0008134181889299279
9099218788416728596;2021-09;0.9014494406673006
3605652314611460806;2021-09;0.0018575398806945666
5058298901476893676;2021-09;0.001985558652706863
3555655653190753786;2021-09;0.34856466272950837
4392369075438855735;2021-09;0.0055976993076264124
4392369075438855735;2021-09;0.0055976993076264124
8255085612985072878;2021-09;0.0006665758907908731
8255085612985072878;2021-09;0.0006394393766272689
8255085612985072878;2021-09;0.0006665758907908731
8255085612985072878;2021-09;0.0006665758907908731
8255085612985072878;2021-09;0.0006665758907908731
1741049493106216406;2021-09;0.0048105847429736935
5562543665139612149;2021-09;0.1416946479140883
5562543665139612149;2021-09;0.14125569701011528
7200509200540839533;2021-09;0.0019181399622931502
5503391736465275980;2021-09;0.0016994336571363523
4662079815415471798;2021-09;0.04261820985507738
5931905128207886847;2021-09;0.027877716149783505
5795100045494475994;2021-09;0.004917124512942021
5503073374822479037;2021-09;0.0029783136440307565
5503073374822479037;2021-09;0.917374622442634
5503073374822479037;2021-09;0.0028562837568719903
7750874287225529604;2021-09;0.009857220438163524
93982185886107798;2021-09;0.001420616635972675
93982185886107798;2021-09;0.0014095562132740496
968400235888951633;2021-09;0.000450088716875995
7816319470107777265;2021-09;0.019951181678507478
7816319470107777265;2021-09;0.019094060524052773
3283662016127058429;2021-09;0.0029403869692864815
7815839878620843192;2021-09;0.643884068967583
8385636129786687263;2021-09;0.005318117867980273
9016049685460415544;2021-09;0.3131238153424604
1334091158016312155;2021-09;0.0072800183242738145
4165983075385227812;2021-09;0.0008468086608235255
4165983075385227812;2021-09;0.001481039880397158
4817816966382229074;2021-09;0.0028003583856974754
4817816966382229074;2021-09;0.0037090170634661913
4817816966382229074;2021-09;0.0028003583856974754
7120090169052575663;2021-09;0.00028108437494966747
7120090169052575663;2021-09;0.0002950548787575094
7120090169052575663;2021-09;0.0002950548787575094
5162621729453966204;2021-09;0.004670570594111488
1059336566956767188;2021-09;0.0014887223007317234
4284129442855564250;2021-09;0.0034445597915759656
5376084855227654309;2021-09;0.05447318225712529
5376084855227654309;2021-09;0.056055714193250006
7171835894416689226;2021-09;0.0011600055036391187
234898976850399181;2021-09;0.0044644897610784185
5448628641564935127;2021-09;0.013183455842584044
4043546053926060305;2021-09;0.4420607434301112
4541506527938763361;2021-09;0.022731771787215947
4541506527938763361;2021-09;0.029534322040841318
1874387298050692165;2021-09;0.001574352562563474
2119292203323657032;2021-09;0.0009306012442074637
2119292203323657032;2021-09;0.0005177517452260479
8724731934863284019;2021-09;0.009296501180348476
8724731934863284019;2021-09;0.009296501180348476
7246466789138290692;2021-09;0.00221877842428014
3812760626052898456;2021-09;0.000664312856611523
5198904647759787695;2021-09;0.005210718257116914
8511588642284189303;2021-09;0.029900875330852866
7462607259426026440;2021-09;0.00324425518137202
3022528659032597047;2021-09;0.007075744438420858
3022528659032597047;2021-09;0.003872920797134348
4228701400180066884;2021-09;0.8391596248774199
3915426102465954493;2021-09;0.0009584182755639952
1040994770557588198;2021-09;0.38874408433029145
8313765100460016738;2021-09;0.2554061839296445
6134696632487351445;2021-09;0.0005583766466261233
6134696632487351445;2021-09;0.0005284601188534747
7215053254854713098;2021-09;0.000993323767106509
4614484019183480654;2021-09;0.00021419584022523705
3183208564139585182;2021-09;0.7495257005935965
6532139198609901627;2021-09;0.00037964827108481443
5706551050445880395;2021-09;0.6318572152453289
493667100055938118;2021-09;0.7826857896388096
4351694415353093046;2021-09;0.6209334046444223
5993765508162121762;2021-09;0.04885009649793331
3698481516392183789;2021-09;0.0016731711689959997
665505091521986356;2021-09;0.0005485563010508513
4559400286159883576;2021-09;0.002382653286310827
7236776406341522879;2021-09;0.0004381926469962078
1414132620714431952;2021-09;0.21846767622249536
5255460548789019114;2021-09;0.002496711419548881
4095739077267179172;2021-09;0.9221180619425835
2988042199057874759;2021-09;0.0016992069200241437
1462395707491634845;2021-09;0.8395239006153875
6721448955097663572;2021-09;0.0022267854404399733
6721448955097663572;2021-09;0.0022267854404399733
4052557282157719526;2021-09;0.0025081037581963237
8684964138237894839;2021-09;0.0028148886756725207
4189705495607963592;2021-09;0.10064327862883843
3592461881055047578;2021-09;0.016810027805696518
2307201111381758912;2021-09;0.002706297764427675
5547032541615425352;2021-09;0.0032599139218417905
7779268298304613772;2021-09;0.0021890793620169442
5574997762710520717;2021-09;0.0010350960271483538
7754936094607992857;2021-09;0.007890550131254646
8829286411654484379;2021-09;0.04043581989530962
6012031176108922616;2021-09;0.004631280396492075
8245393384938410770;2021-09;0.0009833611441430734
4660230701075746534;2021-09;0.20925038346420238
6352592240901579272;2021-09;0.0012521488778205116
7060969657673447359;2021-09;0.017522176004965136
4512887927067894301;2021-09;0.02817924508802745
1467843186411742274;2021-09;0.01016464170162538
4937566934664053767;2021-09;0.18261628110328146
3386019519917828299;2021-09;0.001318312182769379
4187591029730357479;2021-09;0.0019539532059598104
6999154286942764669;2021-09;0.3522707020967372
6999154286942764669;2021-09;0.3522707020967372
7662578945735335954;2021-09;0.6421166593833133
2493305884832539159;2021-09;0.12423906535542567
3592639146446725280;2021-09;0.2547999473215104
5758033363847724111;2021-09;8.430396194377162e-05
5558533999208199371;2021-09;0.328548758397257
4950871361132426979;2021-09;0.010379150834612305
1717812527056208209;2021-09;0.21423302655230533
1396078312562623766;2021-09;0.08113879308337085
1951407691087813358;2021-09;0.0013839824251787294
8536031856585966123;2021-09;0.009567956665788219
2444743522510084109;2021-09;0.0076648774965142035
4641659186059167709;2021-09;0.0182445211038614
4850722092974676955;2021-09;0.00482452090785959
4850722092974676955;2021-09;0.0031316142431457973
4850722092974676955;2021-09;0.0030663375210922784
4850722092974676955;2021-10;0.0024650687170738182
4850722092974676955;2021-10;0.0024988744657325826
8409181491723988567;2021-09;0.0010905537761233457
8409181491723988567;2021-09;0.0010905537761233457
8409181491723988567;2021-10;0.028383231725829374
8409181491723988567;2021-10;0.0009632527613630607
1329553496073467331;2021-09;0.0032768655933414826
1329553496073467331;2021-10;0.0032170410237642704
6615694774618628402;2021-09;0.023392796401579864
6615694774618628402;2021-09;0.02237625652809848
6615694774618628402;2021-09;0.018634603724779097
6615694774618628402;2021-09;0.018030523748632968
8829286411654484379;2021-09;0.059724454954069056
6964108750473070287;2021-09;0.0016998996999652808
6964108750473070287;2021-09;0.0017334329942120005
6964108750473070287;2021-09;0.0016256616959926557
6964108750473070287;2021-09;0.005605490265232512
6964108750473070287;2021-09;0.0015333962825847761
6964108750473070287;2021-09;0.001858611296728479
6964108750473070287;2021-09;0.0016998996999652808
6964108750473070287;2021-09;0.0016998996999652808
6964108750473070287;2021-09;0.0015333962825847761
6964108750473070287;2021-09;0.0015333962825847761
6964108750473070287;2021-09;0.0014943377614357546
6964108750473070287;2021-09;0.001401979324923499
6964108750473070287;2021-09;0.0016382128203284363
6964108750473070287;2021-09;0.0016256616959926557
6964108750473070287;2021-09;0.0015333962825847761
6964108750473070287;2021-09;0.0016256616959926557
6964108750473070287;2021-09;0.0016998996999652808
6964108750473070287;2021-09;0.0016256616959926557
6964108750473070287;2021-09;0.0016256616959926557
6964108750473070287;2021-10;0.001726127119570139
6964108750473070287;2021-10;0.001726127119570139
6964108750473070287;2021-10;0.001726127119570139
6964108750473070287;2021-10;0.001992737424282941
6964108750473070287;2021-10;0.0016884613019292481
6964108750473070287;2021-10;0.0016884613019292481
6964108750473070287;2021-10;0.0013645483084108359
6964108750473070287;2021-10;0.0013645483084108359
6964108750473070287;2021-10;0.0016884613019292481
6964108750473070287;2021-10;0.0016884613019292481
6964108750473070287;2021-10;0.0016884613019292481
6964108750473070287;2021-10;0.0016884613019292481
6964108750473070287;2021-10;0.0013645483084108359
6964108750473070287;2021-10;0.0016884613019292481
6964108750473070287;2021-10;0.001969920797114868
6964108750473070287;2021-10;0.001969920797114868
6964108750473070287;2021-10;0.0019660217774828707
6964108750473070287;2021-10;0.001992737424282941
6964108750473070287;2021-10;0.002204394173196813
6964108750473070287;2021-10;0.0016884613019292481
6964108750473070287;2021-10;0.0016884613019292481
6964108750473070287;2021-10;0.0016884613019292481
6964108750473070287;2021-10;0.0016884613019292481
6964108750473070287;2021-10;0.0012724748378972767
6964108750473070287;2021-10;0.00128230264125214
6964108750473070287;2021-10;0.00128230264125214
6964108750473070287;2021-10;0.00128230264125214
3960251564708868781;2021-09;0.002166811680102175
3960251564708868781;2021-09;0.0007515033951751347
3960251564708868781;2021-09;0.0011793146489596715
3960251564708868781;2021-10;0.0011199752718104455
1000372849175668062;2021-09;0.00080802799070011
1000372849175668062;2021-10;0.0013697378238835072
1000372849175668062;2021-10;0.0014980873133711371
1308019675417057675;2021-09;0.0017833274168189046
1308019675417057675;2021-09;0.002000689428067616
1308019675417057675;2021-10;0.0014628601494679878
1308019675417057675;2021-10;0.0016030002338681586
1308019675417057675;2021-10;0.0014628601494679878
4714214581184951490;2021-09;0.002509139549419977
4714214581184951490;2021-09;0.0009287292699490004
4714214581184951490;2021-09;0.0020235871890489222
4714214581184951490;2021-10;0.002863775419764217
2634859679238614382;2021-09;0.0011393119737948053
2634859679238614382;2021-09;0.0010666719413168677
2634859679238614382;2021-09;0.0010008457530675684
2634859679238614382;2021-09;0.0010008457530675684
2634859679238614382;2021-09;0.0009495021704135282
2634859679238614382;2021-10;0.0013384077310201637
2634859679238614382;2021-10;0.0023220652892127326
459290606780222306;2021-09;0.0005780030646390197
459290606780222306;2021-09;0.0005780030646390197
459290606780222306;2021-09;0.0005780030646390197
459290606780222306;2021-09;0.0008295903158401217
459290606780222306;2021-09;0.0008295903158401217
459290606780222306;2021-09;0.0006798284596975507
459290606780222306;2021-09;0.0006151395188157011
459290606780222306;2021-09;0.0008295903158401217
459290606780222306;2021-09;0.0008295903158401217
459290606780222306;2021-10;0.0002969742154142359
459290606780222306;2021-10;0.0003473891232143995
459290606780222306;2021-10;0.00018212344148648465
459290606780222306;2021-10;0.00025596482544561005
459290606780222306;2021-10;0.00042684385957097656
459290606780222306;2021-10;0.0002820848225438226
7708030042671632236;2021-09;0.0019705621986578076
7708030042671632236;2021-09;0.0033963956830966265
6145308913889808258;2021-09;0.02746190483681768
6145308913889808258;2021-09;0.029815534001359896
3137879241768961145;2021-09;0.0004376856525898671
3137879241768961145;2021-09;0.0004083969093708293
3137879241768961145;2021-10;0.0006977225526978985
8919892162361650175;2021-09;0.02390029797378595
8919892162361650175;2021-09;0.03768520668624592
8919892162361650175;2021-10;0.0749173780323862
8919892162361650175;2021-10;0.06663126704365914
8919892162361650175;2021-10;0.03081585514214435
8919892162361650175;2021-10;0.0749173780323862
7141263195360679278;2021-09;0.05146993820136826
7141263195360679278;2021-09;0.038448220708241485
7141263195360679278;2021-09;0.048566515504559316
7141263195360679278;2021-09;0.047951162978049244
7141263195360679278;2021-10;0.04630797038395152
7141263195360679278;2021-10;0.046626777679851183
3285246914299291124;2021-09;0.0002879800643290394
3285246914299291124;2021-09;0.0002694611936392128
3285246914299291124;2021-09;0.0002832260806767149
3285246914299291124;2021-09;0.0002694611936392128
3285246914299291124;2021-09;0.0002694611936392128
3285246914299291124;2021-10;0.0003706540276518414
3285246914299291124;2021-10;0.0003357099109859076
7910340581026492945;2021-09;0.0012912891874510232
7910340581026492945;2021-10;0.0012628032701911182
7910340581026492945;2021-10;0.0026817832986581777
7910340581026492945;2021-10;0.0022543265090441667
7268895973869107930;2021-09;0.0003382896487564595
7268895973869107930;2021-09;0.0003382896487564595
7268895973869107930;2021-09;0.00035033410202626753
7268895973869107930;2021-09;0.00035033410202626753
7268895973869107930;2021-09;0.00034946797565829445
7268895973869107930;2021-10;0.00035348959272103975
7268895973869107930;2021-10;0.00035348959272103975
7268895973869107930;2021-10;0.0003455122686571006
274692171162531764;2021-09;0.012158931474383803
274692171162531764;2021-09;0.023978463605166173
274692171162531764;2021-09;0.01446925420428863
274692171162531764;2021-09;0.013318817365940146
274692171162531764;2021-09;0.012158931474383803
274692171162531764;2021-10;0.012330042807922392
274692171162531764;2021-10;0.013186562119423153
274692171162531764;2021-10;0.012061694480148101
274692171162531764;2021-10;0.012890453755062311
274692171162531764;2021-10;0.012108657019660123
7686361238195690925;2021-09;0.0008459804882346379
7686361238195690925;2021-10;0.0009743689280971581
7686361238195690925;2021-10;0.054250764003876246
7686361238195690925;2021-10;0.0009259568777207684
7686361238195690925;2021-10;0.0010364123265635694
5888474320320735000;2021-09;0.6061693431209534
5888474320320735000;2021-09;0.7487346148657943
5888474320320735000;2021-09;0.6061693431209534
5888474320320735000;2021-09;0.6284968657624247
5888474320320735000;2021-10;0.7342877325496857
5888474320320735000;2021-10;0.6352393603687366
5888474320320735000;2021-10;0.7943305880357056
4045739494965095560;2021-09;0.0008593252692839227
4045739494965095560;2021-09;0.0008579312753785187
4045739494965095560;2021-09;0.0008470415224310896
4045739494965095560;2021-09;0.0008605116109065456
4045739494965095560;2021-09;0.0009198857726616286
4045739494965095560;2021-09;0.0008579312753785187
4045739494965095560;2021-09;0.0008291070814474487
4045739494965095560;2021-09;0.0008470415224310896
4045739494965095560;2021-09;0.0008117030253317178
4045739494965095560;2021-09;0.0008470415224310896
4045739494965095560;2021-09;0.0008509166640997306
4045739494965095560;2021-09;0.002497935524451725
4045739494965095560;2021-09;0.0008579312753785187
4045739494965095560;2021-09;0.0008329002429966614
4045739494965095560;2021-10;0.0008971686621950474
4045739494965095560;2021-10;0.00091037659887094
4045739494965095560;2021-10;0.0009388201953226586
4045739494965095560;2021-10;0.0008101434234677694
4045739494965095560;2021-10;0.0008367428856091234
4045739494965095560;2021-10;0.0008101434234677694
4045739494965095560;2021-10;0.0008101434234677694
4045739494965095560;2021-10;0.0008101434234677694
8926565682509268383;2021-09;0.0013273424034540159
8926565682509268383;2021-09;0.0013971297636438177
8926565682509268383;2021-09;0.0021365978858171185
8926565682509268383;2021-09;0.0013360688004031757
8926565682509268383;2021-09;0.0013802627480822656
8926565682509268383;2021-10;0.001504743188104619
8926565682509268383;2021-10;0.0015204839359981394
8926565682509268383;2021-10;0.001558168244190347
8926565682509268383;2021-10;0.001558168244190347
8926565682509268383;2021-10;0.0015046610707143394
8926565682509268383;2021-10;0.0015046610707143394
8926565682509268383;2021-10;0.0015231290529717622
8926565682509268383;2021-10;0.001558168244190347
6858769421191999702;2021-09;0.0028915216683216114
6858769421191999702;2021-09;0.004593428969608609
6858769421191999702;2021-09;0.0036176138830129718
6858769421191999702;2021-09;0.0036176138830129718
6858769421191999702;2021-09;0.004454794840997136
3382624494518753363;2021-09;0.25750426301286733
3382624494518753363;2021-09;0.526963163987956
3382624494518753363;2021-09;0.2387653966439181
3382624494518753363;2021-09;0.237200831487962
3382624494518753363;2021-09;0.25750426301286733
8213533889694327948;2021-09;0.0005708382431674438
8213533889694327948;2021-09;0.0005100885750500938
8213533889694327948;2021-09;0.0006216481819041203
8213533889694327948;2021-09;0.0005100885750500938
8213533889694327948;2021-10;0.012425996632867609
8213533889694327948;2021-10;0.00026752159444337127
1551531256789550891;2021-09;0.0004117241999490826
1551531256789550891;2021-09;0.0008016848551820073
1551531256789550891;2021-09;0.0008016848551820073
1551531256789550891;2021-09;0.0016675557408461787
1551531256789550891;2021-10;0.0012215042593298852
8939476669690489534;2021-09;0.0030405478041894045
8939476669690489534;2021-09;0.003250813310865757
8939476669690489534;2021-09;0.0030405478041894045
8939476669690489534;2021-10;0.00444214551312674
5611787644735474299;2021-09;0.0006207616584638671
5611787644735474299;2021-09;0.0007202334307781541
5611787644735474299;2021-09;0.0006145647929801989
5611787644735474299;2021-09;0.0006382530372934685
5611787644735474299;2021-10;0.0006306466069163121
5611787644735474299;2021-10;0.0006118792227221848
1956406515279457110;2021-09;0.03261827056588321
1956406515279457110;2021-09;0.029821064515906076
1956406515279457110;2021-10;0.021894531229947375
1956406515279457110;2021-10;0.026470261982648246
984915269987074754;2021-09;0.0002913903731029226
984915269987074754;2021-09;0.00031790414163451514
984915269987074754;2021-09;0.00028965935025741655
984915269987074754;2021-10;0.0003290858598765585
984915269987074754;2021-10;0.0004796059090877653
984915269987074754;2021-10;0.00041321975544781904
984915269987074754;2021-10;0.0005645556174925202
968199235777440720;2021-09;0.0027950094979813803
968199235777440720;2021-09;0.0019423303912859422
968199235777440720;2021-09;0.0018426555202053579
968199235777440720;2021-09;0.002364383214826787
968199235777440720;2021-09;0.0033339958393227773
968199235777440720;2021-09;0.0033339958393227773
968199235777440720;2021-09;0.002197117275124564
968199235777440720;2021-10;0.0009606670681349508
968199235777440720;2021-10;0.0016241804813526977
968199235777440720;2021-10;0.001070339228481529
968199235777440720;2021-10;0.0023698616253852002
8173830874846355280;2021-09;0.0007092693599347117
8173830874846355280;2021-09;0.0008781223575946986
8173830874846355280;2021-09;0.0002963663623980998
8173830874846355280;2021-09;0.00028618636212562003
8173830874846355280;2021-09;0.0003034431039999442
8173830874846355280;2021-09;0.0003034431039999442
8173830874846355280;2021-09;0.0003034431039999442
8173830874846355280;2021-09;0.0002917596530906982
8173830874846355280;2021-09;0.0003083277497929342
8173830874846355280;2021-09;0.00029872642691609115
8173830874846355280;2021-10;0.00022312340805870384
8173830874846355280;2021-10;0.00023106070009799
8173830874846355280;2021-10;0.00023657841885371832
8173830874846355280;2021-10;0.00022845162796146943
8173830874846355280;2021-10;0.00022845162796146943
8173830874846355280;2021-10;0.00024049711591948644
8173830874846355280;2021-10;0.00022845162796146943
8173830874846355280;2021-10;0.00023657841885371832
8173830874846355280;2021-10;0.024355794358281828
8173830874846355280;2021-10;0.0002229167111275264
8173830874846355280;2021-10;0.00023084665192067529
8173830874846355280;2021-10;0.00024049711591948644
8173830874846355280;2021-10;0.00024774677433652846
8173830874846355280;2021-10;0.0002419686390548537
3634047863995720708;2021-09;0.0009940834595632132
3634047863995720708;2021-09;0.0021640783251786395
3634047863995720708;2021-09;0.0012785173704952916
3634047863995720708;2021-10;0.0023846281026405325
3634047863995720708;2021-10;0.0017797112415935028
3634047863995720708;2021-10;0.0023846281026405325
3634047863995720708;2021-10;0.0023846281026405325
1253437108265925705;2021-09;0.0006468267201638426
1253437108265925705;2021-09;0.00064916755392437
1253437108265925705;2021-09;0.0006692955598178748
1253437108265925705;2021-09;0.0006341600623634414
5373371196946859811;2021-09;0.011986598151054186
5373371196946859811;2021-09;0.011986598151054186
5373371196946859811;2021-10;0.01945061492705897
5373371196946859811;2021-10;0.018555150617044977
5373371196946859811;2021-10;0.025295204640733836
5373371196946859811;2021-10;0.022994783827187563
2493688222671282470;2021-09;0.0031492599120839073
2493688222671282470;2021-09;0.003040226293569517
2493688222671282470;2021-10;0.0033624291064848844
5481711897502154955;2021-09;0.002204573372613227
5481711897502154955;2021-09;0.002204573372613227
5481711897502154955;2021-09;0.003516633750490964
5481711897502154955;2021-09;0.002204573372613227
5481711897502154955;2021-10;0.002406560675289167
3095686599956852697;2021-09;0.0008643826225443434
3095686599956852697;2021-09;0.0005156455695225515
3095686599956852697;2021-09;0.0005156455695225515
3095686599956852697;2021-09;0.00046905392436602425
3095686599956852697;2021-09;0.0006882769225667563
3095686599956852697;2021-09;0.0009343959183069182
3095686599956852697;2021-10;0.00048508066945964027
3095686599956852697;2021-10;0.0008979943167694097
3095686599956852697;2021-10;0.0008747691652665158
6471448246085839373;2021-09;0.0005689208852661687
6471448246085839373;2021-09;0.0007863182559782607
6471448246085839373;2021-09;0.0007863182559782607
6471448246085839373;2021-10;0.000550290797374861
4018182555897034052;2021-09;0.0005764172588940676
4018182555897034052;2021-09;0.0005805051721062309
4018182555897034052;2021-09;0.0006929115216379716
4018182555897034052;2021-09;0.0005805051721062309
4018182555897034052;2021-10;0.0006188843190639728
4018182555897034052;2021-10;0.0006188843190639728
4018182555897034052;2021-10;0.0006811681798433267
4018182555897034052;2021-10;0.0006188843190639728
4018182555897034052;2021-10;0.0007379526919569289
4863405965754103821;2021-09;0.01042530174974581
4863405965754103821;2021-09;0.01042530174974581
4863405965754103821;2021-09;0.010287984437974807
4863405965754103821;2021-10;0.012872082859678287
4863405965754103821;2021-10;0.013761679995535552
4863405965754103821;2021-10;0.008194186006673015
6617479989097680138;2021-09;0.008767449284485581
6617479989097680138;2021-09;0.010456157024095858
6617479989097680138;2021-10;0.08446570692223332
3140918607946425426;2021-09;0.0010931506138873793
3140918607946425426;2021-09;0.0010931506138873793
3140918607946425426;2021-09;0.0010931506138873793
3140918607946425426;2021-09;0.0010410978346223822
5880041582322293710;2021-09;0.0020165276293028674
5880041582322293710;2021-09;0.002940735952904673
5880041582322293710;2021-09;0.0025666114989499724
5880041582322293710;2021-09;0.002940735952904673
5880041582322293710;2021-09;0.002940735952904673
5880041582322293710;2021-09;0.0027080443841245444
5880041582322293710;2021-10;0.0022943854790706828
5880041582322293710;2021-10;0.002997511957417591
9184785003280841216;2021-09;0.004011731610350122
9184785003280841216;2021-09;0.004011731610350122
9184785003280841216;2021-09;0.003804064726554914
9184785003280841216;2021-09;0.004050888924608138
9184785003280841216;2021-09;0.003978140866865432
9184785003280841216;2021-09;0.004011731610350122
9184785003280841216;2021-10;0.009717928663235134
9184785003280841216;2021-10;0.009436674741863762
3281617395243454427;2021-09;0.011202116199880192
3281617395243454427;2021-09;0.021041526791364788
6053752047545474051;2021-09;0.002190940177358732
6053752047545474051;2021-09;0.002157393139317251
6053752047545474051;2021-09;0.002140043180640853
6053752047545474051;2021-09;0.002157393139317251
6053752047545474051;2021-09;0.0021072738167464463
6053752047545474051;2021-10;0.0030986607133517276
6053752047545474051;2021-10;0.0030567662843886192
6053752047545474051;2021-10;0.00319583287429983
6053752047545474051;2021-10;0.0032532643323238226
6053752047545474051;2021-10;0.0031151246347956353
6053752047545474051;2021-10;0.0030567662843886192
6053752047545474051;2021-10;0.0029452162016125358
6053752047545474051;2021-10;0.0030567662843886192
6053752047545474051;2021-10;0.00319583287429983
6053752047545474051;2021-10;0.00319583287429983
6053752047545474051;2021-10;0.0030567662843886192
5714540197488862003;2021-09;0.047822068652291765
5714540197488862003;2021-09;0.09533413088153142
5714540197488862003;2021-10;0.13936504691085258
7751080728852739823;2021-09;0.0026223071832718486
7751080728852739823;2021-09;0.0012773580621367915
7751080728852739823;2021-10;0.0016410733294813962
7751080728852739823;2021-10;0.0018603772459251616
7751080728852739823;2021-10;0.002743429603129738
7751080728852739823;2021-10;0.0015102643837895213
7751080728852739823;2021-10;0.002034423349092277
7751080728852739823;2021-10;0.002034423349092277
7751080728852739823;2021-10;0.0012547301589603506
7751080728852739823;2021-10;0.0012091447940986019
1788369195969129749;2021-09;0.0003976016152702458
1788369195969129749;2021-09;0.0007253279623227288
1788369195969129749;2021-10;0.0005028616222162722
1708019696828098378;2021-09;0.4558206929277831
1708019696828098378;2021-09;0.4558206929277831
1708019696828098378;2021-09;0.4558206929277831
1708019696828098378;2021-09;0.5248255910422472
1708019696828098378;2021-09;0.4558206929277831
1708019696828098378;2021-10;0.8629272047150616
1708019696828098378;2021-10;0.6456785831079256
1708019696828098378;2021-10;0.5963991970747204
819552547620904652;2021-09;0.8237608742854016
819552547620904652;2021-09;0.10308044608137348
819552547620904652;2021-10;0.09497020965766646
819552547620904652;2021-10;0.10779824393565805
819552547620904652;2021-10;0.09497020965766646
819552547620904652;2021-10;0.09497020965766646
1192810733461560329;2021-09;0.00023739402701918966
1192810733461560329;2021-09;0.00025349923401884046
5430917218683822543;2021-09;0.010420992733812376
5430917218683822543;2021-09;0.01722883469143518
5430917218683822543;2021-10;0.012563631360192864
2451708306555441014;2021-09;0.0030589765665313138
2451708306555441014;2021-09;0.004393306618770036
2451708306555441014;2021-09;0.0043276595868345005
2451708306555441014;2021-09;0.004142605798455298
2451708306555441014;2021-10;0.0021108821452071533
5487870288449327165;2021-09;0.05540318595559158
8529899700094903171;2021-09;0.004424792925253227
8529899700094903171;2021-09;0.004287554697148568
8529899700094903171;2021-09;0.004545638906102859
8529899700094903171;2021-09;0.004545638906102859
8529899700094903171;2021-09;0.004424792925253227
8529899700094903171;2021-09;0.004545638906102859
8529899700094903171;2021-09;0.004545662942212831
8529899700094903171;2021-09;0.004545662942212831
8529899700094903171;2021-09;0.004424792925253227
8529899700094903171;2021-09;0.004424792925253227
8529899700094903171;2021-09;0.004424792925253227
8529899700094903171;2021-09;0.004424792925253227
8529899700094903171;2021-09;0.004424792925253227
8529899700094903171;2021-09;0.004545638906102859
8529899700094903171;2021-09;0.004424792925253227
8529899700094903171;2021-10;0.005279973000253587
8529899700094903171;2021-10;0.005279945101925678
8529899700094903171;2021-10;0.005279945101925678
8529899700094903171;2021-10;0.005279973000253587
8529899700094903171;2021-10;0.005279973000253587
8529899700094903171;2021-10;0.005139678356007508
8529899700094903171;2021-10;0.005279945101925678
8529899700094903171;2021-10;0.005279945101925678
8529899700094903171;2021-10;0.005393334215656569
8529899700094903171;2021-10;0.005537752860040329
660382477567765256;2021-09;0.0039480501067205905
660382477567765256;2021-09;0.004224908614837855
660382477567765256;2021-09;0.003981921785442376
660382477567765256;2021-10;0.005201645513621167
660382477567765256;2021-10;0.005957009127223889
7325545718770538459;2021-09;0.00033232852802554544
7325545718770538459;2021-09;0.0002865814472907196
7325545718770538459;2021-09;0.0003382730719666567
7325545718770538459;2021-09;0.0003382730719666567
7325545718770538459;2021-09;0.00029008739745630015
7325545718770538459;2021-09;0.0003179039953622196
7325545718770538459;2021-09;0.0005638031509643206
7325545718770538459;2021-09;0.00033232852802554544
7325545718770538459;2021-09;0.00030854275547337556
7325545718770538459;2021-10;0.00036889552489979024
7325545718770538459;2021-10;0.00036889552489979024
7325545718770538459;2021-10;0.00036241304123662047
7325545718770538459;2021-10;0.0006220299877706874
7325545718770538459;2021-10;0.0004971925547953595
7325545718770538459;2021-10;0.0005736789292175756
7325545718770538459;2021-10;0.0005736789292175756
7992317448197179816;2021-09;0.0016575184977732698
7992317448197179816;2021-10;0.0014198476163380643
7992317448197179816;2021-10;0.0016992606390777193
7992317448197179816;2021-10;0.0011929386096533826
1533755281771668509;2021-09;0.00039589456246791853
1533755281771668509;2021-09;0.00039682721010962717
1533755281771668509;2021-10;0.0004605883702745312
4495596792165551705;2021-09;0.03874416841852907
4495596792165551705;2021-10;0.02558610265106253
2407532237672094312;2021-09;0.0057508816785277585
2407532237672094312;2021-09;0.006246658770245548
2407532237672094312;2021-09;0.0072266091231672075
2407532237672094312;2021-09;0.004604127031235797
2407532237672094312;2021-10;0.01149615506693015
2407532237672094312;2021-10;0.011019175945634379
2407532237672094312;2021-10;0.6563747868011424
2407532237672094312;2021-10;0.01368798941732608
4850936440093751199;2021-09;0.0008269768459637074
4850936440093751199;2021-09;0.0007309695501522025
4850936440093751199;2021-09;0.0008469105028316599
4850936440093751199;2021-09;0.0007309695501522025
4850936440093751199;2021-09;0.0008269768459637074
4850936440093751199;2021-09;0.0008469105028316599
4850936440093751199;2021-10;0.02981216615857765
4850936440093751199;2021-10;0.0012512938019806673
4850936440093751199;2021-10;0.001273945870980083
4850936440093751199;2021-10;0.0013162016287922794
7770458886439606839;2021-09;0.08062570845440474
7770458886439606839;2021-09;0.0738769444484556
7770458886439606839;2021-09;0.0738769444484556
7770458886439606839;2021-09;0.07410755918635756
7770458886439606839;2021-09;0.07410755918635756
7770458886439606839;2021-09;0.07410755918635756
7770458886439606839;2021-10;0.032635673497854366
7770458886439606839;2021-10;0.03309713597033128
2346482557594782345;2021-09;0.004586128191698848
2346482557594782345;2021-09;0.005051021089745446
2346482557594782345;2021-09;0.008999450695741642
2346482557594782345;2021-09;0.005096011669562607
2346482557594782345;2021-09;0.004545618595128124
2346482557594782345;2021-09;0.005096011669562607
2346482557594782345;2021-10;0.005176198118044959
2346482557594782345;2021-10;0.005176198118044959
2346482557594782345;2021-10;0.005176198118044959
2346482557594782345;2021-10;0.005108541454575391
2346482557594782345;2021-10;0.005108541454575391
2346482557594782345;2021-10;0.010673829217696771
2346482557594782345;2021-10;0.005176198118044959
3454481508285917519;2021-09;0.029396160427992177
3454481508285917519;2021-09;0.02757957320220262
3454481508285917519;2021-09;0.029396160427992177
5162636608292907782;2021-09;0.020188138034958045
5162636608292907782;2021-09;0.034450802829407386
5162636608292907782;2021-09;0.020188138034958045
5162636608292907782;2021-09;0.5860455690115228
5162636608292907782;2021-10;0.025955800394726107
5162636608292907782;2021-10;0.017375143245022397
6916556752218696485;2021-09;0.00044051625430585703
6916556752218696485;2021-09;0.0005339304908048643
6916556752218696485;2021-09;0.00045983882229643565
6916556752218696485;2021-09;0.0005274790467385101
6916556752218696485;2021-09;0.000898974157659392
6916556752218696485;2021-10;0.00042001846351867416
6916556752218696485;2021-10;0.0004828730895585061
6916556752218696485;2021-10;0.00040639571437714055
6916556752218696485;2021-10;0.00037826687717260445
6916556752218696485;2021-10;0.00040375009450328375
6916556752218696485;2021-10;0.0004023684856078079
8552039412779393821;2021-09;0.014489666450928616
8350724667410677464;2021-09;0.006317839074822369
8350724667410677464;2021-09;0.0025690023825765424
8350724667410677464;2021-09;0.010987741666510066
8350724667410677464;2021-09;0.006317839074822369
8350724667410677464;2021-10;0.2722118628495366
5613825020130267729;2021-09;0.0003703090466886431
5613825020130267729;2021-09;0.0003664160775493156
5613825020130267729;2021-10;0.00037953944362039
5613825020130267729;2021-10;0.0005357178126640225
5613825020130267729;2021-10;0.0005357178126640225
1477629972594346481;2021-09;0.008349981131883535
1477629972594346481;2021-09;0.008349981131883535
1477629972594346481;2021-10;0.017759973494999595
1543875954928694094;2021-09;0.0002480335617182166
1543875954928694094;2021-09;0.0002480335617182166
1543875954928694094;2021-09;0.00033847396791257474
1543875954928694094;2021-10;0.0007412412116471084
1543875954928694094;2021-10;0.0008780524598526102
4392369075438855735;2021-09;0.005599556537014246
4392369075438855735;2021-10;0.006816395917827875
4392369075438855735;2021-10;0.007738670993897971
8784237149961904;2021-09;0.0007826176807450318
8784237149961904;2021-10;0.0011296789945671197
8784237149961904;2021-10;0.0009666577913262902
5761480994209806499;2021-09;0.0004751024955468231
5761480994209806499;2021-09;0.00014764405987361737
5761480994209806499;2021-09;0.00015403448154450625
5761480994209806499;2021-09;0.00036493055597109736
5761480994209806499;2021-09;0.0001878151060419711
5761480994209806499;2021-09;0.0008219172555897421
5761480994209806499;2021-09;0.00016002333059719702
5761480994209806499;2021-09;0.00036493055597109736
5761480994209806499;2021-09;0.0004681945035006484
5761480994209806499;2021-09;0.0004573272497578769
5761480994209806499;2021-09;0.00015403448154450625
5761480994209806499;2021-09;0.00015403448154450625
5761480994209806499;2021-09;0.00015403448154450625
5761480994209806499;2021-09;0.0001878151060419711
5761480994209806499;2021-09;0.00015389716224072723
5761480994209806499;2021-09;0.00014764405987361737
5761480994209806499;2021-09;0.0002873082048463831
5761480994209806499;2021-09;0.0002769006907047069
5761480994209806499;2021-10;0.00037985287028592245
5761480994209806499;2021-10;0.00039303284097559344
5761480994209806499;2021-10;0.0001468933784763672
5761480994209806499;2021-10;0.00013916748737321578
5761480994209806499;2021-10;0.00012882824259433144
5761480994209806499;2021-10;0.00013713249672949777
5761480994209806499;2021-10;0.00024131533551897613
5761480994209806499;2021-10;0.00024161359448052685
5761480994209806499;2021-10;0.0001468933784763672
5761480994209806499;2021-10;0.00013746562064534
5761480994209806499;2021-10;0.0001327430373050173
5761480994209806499;2021-10;0.00039303284097559344
5761480994209806499;2021-10;0.0001327430373050173
5761480994209806499;2021-10;0.00012882824259433144
5761480994209806499;2021-10;0.00013746562064534
5761480994209806499;2021-10;0.0003193054937506594
5761480994209806499;2021-10;0.00013773393785452157
5761480994209806499;2021-10;0.00013746562064534
5761480994209806499;2021-10;0.00013746562064534
5761480994209806499;2021-10;0.00024960221516029906
6582676833651678345;2021-09;0.00028822456982412876
6582676833651678345;2021-09;0.0005138510797757829
6582676833651678345;2021-09;0.0005246034351950778
6582676833651678345;2021-09;0.00044276985042943974
6582676833651678345;2021-09;0.0011806933382219997
6582676833651678345;2021-09;0.0006046016053656474
6582676833651678345;2021-10;0.00036951640665950963
6582676833651678345;2021-10;0.007999338182190617
6582676833651678345;2021-10;0.0005511187384686183
6582676833651678345;2021-10;0.0005511187384686183
6582676833651678345;2021-10;0.00036899552876653376
7403979270048469991;2021-09;0.000647530408062346
7403979270048469991;2021-09;0.0008217322599970145
696014079855281037;2021-09;0.011619924558018165
696014079855281037;2021-09;0.02220561813722588
696014079855281037;2021-09;0.017959300191662343
696014079855281037;2021-10;0.017118376657771873
696014079855281037;2021-10;0.020510877604387745
696014079855281037;2021-10;0.01825397029255193
696014079855281037;2021-10;0.01494126815837759
696014079855281037;2021-10;0.019854469792733743
1156053485989336481;2021-09;0.017582158402489504
1156053485989336481;2021-09;0.01903881741733516
1156053485989336481;2021-09;0.017582158402489504
1156053485989336481;2021-09;0.017582158402489504
1156053485989336481;2021-09;0.017582158402489504
1156053485989336481;2021-09;0.017582158402489504
1156053485989336481;2021-09;0.017582158402489504
1156053485989336481;2021-09;0.017582158402489504
1156053485989336481;2021-09;0.019124898259691554
1156053485989336481;2021-09;0.017582158402489504
1156053485989336481;2021-09;0.017582158402489504
1156053485989336481;2021-09;0.017582158402489504
1156053485989336481;2021-09;0.017582158402489504
1156053485989336481;2021-09;0.017582158402489504
1156053485989336481;2021-09;0.017582158402489504
1156053485989336481;2021-09;0.017582158402489504
1156053485989336481;2021-09;0.017582158402489504
1156053485989336481;2021-09;0.017582158402489504
1156053485989336481;2021-09;0.017582158402489504
1156053485989336481;2021-09;0.017582158402489504
1156053485989336481;2021-09;0.017582158402489504
1156053485989336481;2021-09;0.017582158402489504
1156053485989336481;2021-09;0.017582158402489504
1156053485989336481;2021-09;0.017582158402489504
1156053485989336481;2021-09;0.019124898259691554
1156053485989336481;2021-09;0.017582158402489504
1156053485989336481;2021-09;0.017582158402489504
1156053485989336481;2021-09;0.017582158402489504
1156053485989336481;2021-09;0.017582158402489504
1156053485989336481;2021-09;0.017582158402489504
1156053485989336481;2021-09;0.018772262703725215
1156053485989336481;2021-09;0.01903881741733516
1156053485989336481;2021-09;0.017582158402489504
1156053485989336481;2021-09;0.017582158402489504
1156053485989336481;2021-09;0.017582158402489504
1156053485989336481;2021-09;0.017582158402489504
1156053485989336481;2021-09;0.01903881741733516
1156053485989336481;2021-09;0.017582158402489504
1156053485989336481;2021-09;0.017582158402489504
1156053485989336481;2021-10;0.018847909730642192
1156053485989336481;2021-10;0.01992676940910232
1156053485989336481;2021-10;0.047067775851484
1156053485989336481;2021-10;0.018847909730642192
1156053485989336481;2021-10;0.018847909730642192
1156053485989336481;2021-10;0.06201874589556901
1156053485989336481;2021-10;0.018847909730642192
1156053485989336481;2021-10;0.047067775851484
1156053485989336481;2021-10;0.018847909730642192
1156053485989336481;2021-10;0.6180415203216391
1156053485989336481;2021-10;0.29786166225895466
1156053485989336481;2021-10;0.047067775851484
1156053485989336481;2021-10;0.047067775851484
1156053485989336481;2021-10;0.020121935606751223
1156053485989336481;2021-10;0.047067775851484
1156053485989336481;2021-10;0.018847909730642192
1156053485989336481;2021-10;0.020499394992918075
1156053485989336481;2021-10;0.018847909730642192
1156053485989336481;2021-10;0.047067775851484
1156053485989336481;2021-10;0.018847909730642192
1156053485989336481;2021-10;0.021748647112704904
1156053485989336481;2021-10;0.020499394992918075
1156053485989336481;2021-10;0.018847909730642192
1156053485989336481;2021-10;0.018847909730642192
1156053485989336481;2021-10;0.018847909730642192
1156053485989336481;2021-10;0.047067775851484
1156053485989336481;2021-10;0.018847909730642192
1156053485989336481;2021-10;0.018847909730642192
1156053485989336481;2021-10;0.018847909730642192
7613717984547031729;2021-09;0.00044328058648688667
7613717984547031729;2021-09;0.0006837634277153295
7613717984547031729;2021-10;0.00043479960320262645
7613717984547031729;2021-10;0.000448521247881133
5082813456193598086;2021-09;0.0008713261359261335
5082813456193598086;2021-10;0.0009754272578010424
5082813456193598086;2021-10;0.0009719240693543121
4235078665660987689;2021-09;0.008194174780309652
4235078665660987689;2021-09;0.003571662612099596
4235078665660987689;2021-09;0.0032459395750010166
4235078665660987689;2021-09;0.003112486834758153
4235078665660987689;2021-10;0.005962004478137856
4235078665660987689;2021-10;0.005536151419572442
4235078665660987689;2021-10;0.005554755140493595
5462970244186515758;2021-09;0.00025929465110998497
5462970244186515758;2021-09;0.0003207792016200556
5462970244186515758;2021-09;0.0002623253813378645
5462970244186515758;2021-09;0.0003239784584182623
5462970244186515758;2021-09;0.0003207792016200556
5462970244186515758;2021-10;0.0006240064220783426
5462970244186515758;2021-10;0.0006240064220783426
5462970244186515758;2021-10;0.005998325810494053
5462970244186515758;2021-10;0.00048698573033148236
5462970244186515758;2021-10;0.0002957373237174559
5462970244186515758;2021-10;0.000283144089084282
5462970244186515758;2021-10;0.0002957373237174559
1343530446996409207;2021-09;0.0016102085783013538
1343530446996409207;2021-09;0.0016102085783013538
1343530446996409207;2021-09;0.0020944202975595907
1343530446996409207;2021-10;0.0020449693077997694
1044568737046072781;2021-09;0.007434525567100358
1044568737046072781;2021-09;0.008594949272574775
1044568737046072781;2021-09;0.007332882648465842
1044568737046072781;2021-10;0.004716668869147498
7707459425750676368;2021-09;0.038220642145598525
7707459425750676368;2021-09;0.8148843887855679
7707459425750676368;2021-09;0.032937829213445596
7707459425750676368;2021-10;0.012473134549674136
7707459425750676368;2021-10;0.01326651042993955
761746217261797478;2021-09;0.0004321035076241372
761746217261797478;2021-09;0.0006573388327780228
761746217261797478;2021-10;0.0015820526898846284
761746217261797478;2021-10;0.0012745060220209772
1366416810235233769;2021-09;0.0007658186128159145
1366416810235233769;2021-09;0.0007897421144570461
1366416810235233769;2021-10;0.0005484507643498687
4980232475645447238;2021-09;0.0008961211351668953
4980232475645447238;2021-10;0.0008122789653764616
2870813069335519467;2021-09;0.008494916664397936
7269781193318890653;2021-09;0.0017662832557967683
7269781193318890653;2021-10;0.003144479949542414
7269781193318890653;2021-10;0.0013077371248225564
7269781193318890653;2021-10;0.0025851277292865222
9099218788416728596;2021-09;0.8469476018024014
9099218788416728596;2021-10;0.8263433531315932
2532435113844289043;2021-09;0.0010245120148790283
2532435113844289043;2021-09;0.0010245120148790283
2532435113844289043;2021-09;0.0007131412951168324
2532435113844289043;2021-09;0.0007673153883133282
2532435113844289043;2021-09;0.0010245120148790283
2532435113844289043;2021-09;0.0007131412951168324
2532435113844289043;2021-09;0.0010418791413221997
2532435113844289043;2021-09;0.0010418791413221997
2532435113844289043;2021-10;0.0009097875520588718
2532435113844289043;2021-10;0.0013315926506062914
2532435113844289043;2021-10;0.000997382530509821
2532435113844289043;2021-10;0.000997382530509821
2532435113844289043;2021-10;0.0008430004909886956
2532435113844289043;2021-10;0.000997382530509821
2532435113844289043;2021-10;0.0009714675843105911
7815839878620843192;2021-09;0.6491271541373619
7815839878620843192;2021-10;0.6427410281510056
3592461881055047578;2021-09;0.020048515286341106
3592461881055047578;2021-10;0.023308056029833803
107343823625119033;2021-09;0.0015369227390882394
107343823625119033;2021-09;0.0015369227390882394
107343823625119033;2021-09;0.0015369227390882394
107343823625119033;2021-09;0.0015369227390882394
107343823625119033;2021-10;0.0019445385874137576
4762256864594914240;2021-09;0.0025411820588559244
4762256864594914240;2021-09;0.002954449207701163
4762256864594914240;2021-10;0.09777692601064893
2083323809219952960;2021-09;0.0019412396723375127
2083323809219952960;2021-09;0.0015464118749562022
2083323809219952960;2021-09;0.0015464118749562022
2083323809219952960;2021-09;0.0015464118749562022
2083323809219952960;2021-09;0.0012205782958072853
2083323809219952960;2021-09;0.0019412396723375127
2083323809219952960;2021-09;0.0012205782958072853
2083323809219952960;2021-09;0.0012205782958072853
2083323809219952960;2021-09;0.0011918274395096007
2083323809219952960;2021-09;0.0014500005177004928
2083323809219952960;2021-09;0.0018812501893978612
2083323809219952960;2021-10;0.0015686813263365526
2083323809219952960;2021-10;0.0018407201029228197
2083323809219952960;2021-10;0.0017925833025998923
2083323809219952960;2021-10;0.0014187481669213336
2083323809219952960;2021-10;0.002465443135463234
2083323809219952960;2021-10;0.0014187481669213336
2083323809219952960;2021-10;0.0013535784461610873
2083323809219952960;2021-10;0.0018407201029228197
2083323809219952960;2021-10;0.0013663154910493695
8901696535927078963;2021-09;0.0021988223585293044
8901696535927078963;2021-09;0.002061632797757187
8901696535927078963;2021-09;0.0021988223585293044
8901696535927078963;2021-10;0.0031706769556969112
8901696535927078963;2021-10;0.00372580291281097
8901696535927078963;2021-10;0.00372580291281097
8901696535927078963;2021-10;0.003528027019001347
8901696535927078963;2021-10;0.003528027019001347
5176940320835464459;2021-09;0.0008549652798260783
5176940320835464459;2021-09;0.0006936603712363522
5176940320835464459;2021-09;0.000895080300088707
5176940320835464459;2021-09;0.0008549652798260783
5176940320835464459;2021-09;0.0006936603712363522
5176940320835464459;2021-09;0.0006660393170863893
5176940320835464459;2021-09;0.000895080300088707
5176940320835464459;2021-09;0.000908576752103385
5176940320835464459;2021-09;0.0007740513931712258
5176940320835464459;2021-09;0.0008078456264785509
5176940320835464459;2021-09;0.0006907059947676815
5176940320835464459;2021-10;0.0009018622822755873
5176940320835464459;2021-10;0.0008765014257290784
5176940320835464459;2021-10;0.0010452259943672798
5176940320835464459;2021-10;0.0008600807684123201
5176940320835464459;2021-10;0.0006746129200635721
5176940320835464459;2021-10;0.0007802063328791048
5176940320835464459;2021-10;0.0008765014257290784
5176940320835464459;2021-10;0.0009005936350431263
5176940320835464459;2021-10;0.000991269007209266
5176940320835464459;2021-10;0.0013257027528049746
5176940320835464459;2021-10;0.0008439323602903779
3977861004707764824;2021-09;0.0031029427828638354
3977861004707764824;2021-09;0.0031407949944965634
3977861004707764824;2021-09;0.002571591478790763
3977861004707764824;2021-09;0.002959746410036613
3977861004707764824;2021-09;0.0031029427828638354
3977861004707764824;2021-09;0.007502408612642593
3977861004707764824;2021-09;0.0031029427828638354
3977861004707764824;2021-09;0.0031407949944965634
3977861004707764824;2021-09;0.002995857045752062
3977861004707764824;2021-10;0.0034371581200238668
3977861004707764824;2021-10;0.0031929751867344545
3977861004707764824;2021-10;0.0026928341564255503
3977861004707764824;2021-10;0.0028759656286113347
3977861004707764824;2021-10;0.0028759656286113347
3977861004707764824;2021-10;0.005395760096141485
3977861004707764824;2021-10;0.005823412423728006
4995679129936981612;2021-09;0.41714735838649064
4995679129936981612;2021-09;0.3927819220789052
4995679129936981612;2021-09;0.394345105994349
5057726374207815794;2021-09;0.005586075644541173
6842075380768862290;2021-09;0.026102507311805
6842075380768862290;2021-10;0.014063199713222523
6842075380768862290;2021-10;0.014063199713222523
2508429106201166689;2021-09;0.000505069651214824
2508429106201166689;2021-09;0.0009713611254598286
2508429106201166689;2021-10;0.0006136940725131176
2508429106201166689;2021-10;0.0008966602342474448
5136739522477907100;2021-09;0.0032046055511632215
5136739522477907100;2021-09;0.0023543769176972216
2530707686830644666;2021-09;0.0035992697687181694
2530707686830644666;2021-09;0.008063374506580278
2530707686830644666;2021-10;0.009312226153959392
1553628056929342565;2021-09;0.002284319656288889
7930925883736021864;2021-09;0.00017254416971912776
7930925883736021864;2021-09;0.000279603088876889
7930925883736021864;2021-09;0.00028093779832006504
7930925883736021864;2021-09;0.00020213632840330992
7930925883736021864;2021-09;0.00027622381538699043
7930925883736021864;2021-09;0.00027622381538699043
7930925883736021864;2021-09;0.00027754239805526863
7930925883736021864;2021-09;0.00014598010046122195
7930925883736021864;2021-09;0.00014877537717703206
7930925883736021864;2021-09;0.00016502330776423533
7930925883736021864;2021-09;0.00020213632840330992
7930925883736021864;2021-09;0.0002573528764361646
7930925883736021864;2021-10;0.00047430481092591636
7930925883736021864;2021-10;0.0004720518665078091
7930925883736021864;2021-10;0.00018714507787016645
7930925883736021864;2021-10;0.00016053650991219607
7930925883736021864;2021-10;0.00016053650991219607
7930925883736021864;2021-10;0.0001848830421246632
7930925883736021864;2021-10;0.00014651834993229201
7458891296671174680;2021-09;0.15496039013920657
7458891296671174680;2021-10;0.18697836047816166
4327694790333781288;2021-09;5.162983745066678e-05
4327694790333781288;2021-10;0.00016822882684879053
4327694790333781288;2021-10;0.00015269251926571867
4327694790333781288;2021-10;9.209948965821611e-05
5108407319813072955;2021-09;0.0023742942986332556
5108407319813072955;2021-09;0.002312066045646293
5108407319813072955;2021-10;0.0023305446592904785
180672270337706285;2021-09;0.4165519410344495
180672270337706285;2021-09;0.41590115426281316
180672270337706285;2021-10;0.5065830911993922
180672270337706285;2021-10;0.42358003018813306
180672270337706285;2021-10;0.5208776274528644
8576047157867370630;2021-09;0.05161644402582865
8576047157867370630;2021-09;0.05619502059253213
8576047157867370630;2021-10;0.040739262286645934
8576047157867370630;2021-10;0.043319152769616995
8576047157867370630;2021-10;0.04540845471249356
6941381638534728190;2021-09;0.0005583599528251752
6941381638534728190;2021-09;0.0002562723046200074
6941381638534728190;2021-10;0.00016532643883115052
314309872114206760;2021-09;0.004276370065233209
314309872114206760;2021-09;0.004276370065233209
314309872114206760;2021-09;0.004276370065233209
314309872114206760;2021-09;0.004276370065233209
314309872114206760;2021-09;0.004276370065233209
314309872114206760;2021-09;0.004276370065233209
314309872114206760;2021-09;0.004276370065233209
314309872114206760;2021-09;0.0036342968790230197
2771214050521171719;2021-09;0.0002100373770805872
2771214050521171719;2021-09;0.2599400290384564
2771214050521171719;2021-09;0.0002163335909272219
2771214050521171719;2021-09;0.2351932866973298
2771214050521171719;2021-10;0.00034447062137808255
2814790209436551216;2021-09;0.0008327574430089805
2814790209436551216;2021-09;0.0015499663074843306
2814790209436551216;2021-10;0.0011890391573537013
7776069961364493674;2021-09;0.004582369427278091
7776069961364493674;2021-09;0.03244736818259091
7776069961364493674;2021-10;0.016762887841699263
7776069961364493674;2021-10;0.01144076487571775
7776069961364493674;2021-10;0.007043463333622596
7776069961364493674;2021-10;0.009918772177281229
3355881107559250653;2021-09;0.0003094326015086291
3355881107559250653;2021-09;0.00026393807013477794
3355881107559250653;2021-09;0.00025284522935029784
3355881107559250653;2021-10;0.0002973052511478311
3355881107559250653;2021-10;0.00027624660966929927
3355881107559250653;2021-10;0.00030094235357205917
3355881107559250653;2021-10;0.00030094235357205917
3355881107559250653;2021-10;0.00027962616194243304
3355881107559250653;2021-10;0.00026074807415195665
3355881107559250653;2021-10;0.00030094235357205917
3355881107559250653;2021-10;0.00027962616194243304
3355881107559250653;2021-10;0.00027129050462888933
3355881107559250653;2021-10;0.00027962616194243304
3355881107559250653;2021-10;0.00026787415563740653
3355881107559250653;2021-10;0.00031186713018613516
3355881107559250653;2021-10;0.00026787415563740653
3931892303497206092;2021-09;0.006905846345187213
3931892303497206092;2021-09;0.006912438941336006
3931892303497206092;2021-10;0.006296279243049503
2943087245123311166;2021-09;0.004322971471742704
2943087245123311166;2021-09;0.00858525795243798
2943087245123311166;2021-09;0.006080786517334579
2943087245123311166;2021-09;0.007354498658624641
2943087245123311166;2021-10;0.004742644740504817
7720458526816091748;2021-09;0.09381479640027772
7720458526816091748;2021-09;0.10129816593309784
7720458526816091748;2021-09;0.1132101238783662
7720458526816091748;2021-10;0.05940884780772743
324916756972236008;2021-09;0.0014665535578203305
324916756972236008;2021-09;0.001732710383048663
324916756972236008;2021-09;0.001604359829216252
324916756972236008;2021-09;0.001604359829216252
4679462479444735708;2021-09;0.001619950722821097
4679462479444735708;2021-09;0.0018414477980781675
4679462479444735708;2021-09;0.0012861410306958193
4679462479444735708;2021-10;0.0020687192105119686
4679462479444735708;2021-10;0.003037528652039928
4679462479444735708;2021-10;0.0025812253124970785
4679462479444735708;2021-10;0.003145609316233645
7347715771145302549;2021-09;0.00025863206827371515
7347715771145302549;2021-09;0.0003152533878803294
7347715771145302549;2021-09;0.00029205677298740527
7347715771145302549;2021-09;0.00025863206827371515
7347715771145302549;2021-10;0.0003682781859429971
7347715771145302549;2021-10;0.015810105255266826
7347715771145302549;2021-10;0.0002614139343690765
7347715771145302549;2021-10;0.0005543258769103903
7347715771145302549;2021-10;0.00026468670381031296
8603678028264007695;2021-09;0.0025654030107520095
8603678028264007695;2021-09;0.0028345481028802352
8603678028264007695;2021-10;0.003974512138520523
8603678028264007695;2021-10;0.0033741018751374603
8603678028264007695;2021-10;0.003808977018547782
4817816966382229074;2021-09;0.0041141131865278235
4817816966382229074;2021-10;0.0010081409217551607
5067621068959932809;2021-09;0.020560701084074085
5067621068959932809;2021-09;0.0669027042327098
5067621068959932809;2021-10;0.058866864648360884
4530631557358349711;2021-09;0.0011337952385707573
4530631557358349711;2021-09;0.0012398595979492611
4530631557358349711;2021-10;0.0011360848604667602
4530631557358349711;2021-10;0.0011230310396436304
8503092146854371576;2021-09;0.00018341682964346945
8503092146854371576;2021-10;0.00030987106542363263
6545052034269841737;2021-09;0.0025346842867518546
6545052034269841737;2021-09;0.0025346842867518546
6545052034269841737;2021-09;0.0030544064051441066
6545052034269841737;2021-09;0.0021342163933612906
6545052034269841737;2021-10;0.002292253625875087
6545052034269841737;2021-10;0.006624075997891683
6545052034269841737;2021-10;0.002292253625875087
6545052034269841737;2021-10;0.002938113831502453
6546850858912852316;2021-09;0.32884110254980714
6546850858912852316;2021-09;0.3285434950443008
6546850858912852316;2021-09;0.3525507577761536
6546850858912852316;2021-09;0.3525507577761536
2929243640075785940;2021-09;0.0013862137845740033
2929243640075785940;2021-09;0.0016634220498040258
2929243640075785940;2021-09;0.001744718332701911
2929243640075785940;2021-09;0.0011767053964063586
2929243640075785940;2021-09;0.002128847270882481
2929243640075785940;2021-10;0.001508371258919028
2929243640075785940;2021-10;0.0012462821578639667
903093877129717133;2021-09;0.0007069245022699539
903093877129717133;2021-09;0.0007069245022699539
903093877129717133;2021-09;0.0007238194068121461
903093877129717133;2021-09;0.0007238194068121461
903093877129717133;2021-09;0.0007238194068121461
903093877129717133;2021-10;0.0007189420912692678
903093877129717133;2021-10;0.0007175495593305268
903093877129717133;2021-10;0.0007189420912692678
903093877129717133;2021-10;0.0007175495593305268
903093877129717133;2021-10;0.000726468325352003
903093877129717133;2021-10;0.0007189420912692678
8826489829259520138;2021-09;0.00016973152863857945
8826489829259520138;2021-09;0.00016973152863857945
511305041047444825;2021-09;0.0025780015355111874
511305041047444825;2021-10;0.0016323699066735733
511305041047444825;2021-10;0.0016323699066735733
511305041047444825;2021-10;0.0015303313733535022
3118152790263512426;2021-09;0.0020974930417478497
3118152790263512426;2021-09;0.0015604819711548747
3118152790263512426;2021-10;0.003475748445623024
4740535838297269949;2021-09;0.0050743565413128
4740535838297269949;2021-09;0.00494939207284495
4740535838297269949;2021-09;0.00119238098188925
4740535838297269949;2021-10;0.0010201636160356439
4740535838297269949;2021-10;0.001115057283961842
4740535838297269949;2021-10;0.0010016773452117453
340285351737204923;2021-09;0.01794550732954301
340285351737204923;2021-09;0.01794550732954301
340285351737204923;2021-09;0.01794550732954301
340285351737204923;2021-10;0.01707935857483349
5166128847048245697;2021-09;0.0015466985246272507
5166128847048245697;2021-10;0.001858213783129961
792560389712312178;2021-09;0.000640809538827892
792560389712312178;2021-09;0.0006224600735324025
792560389712312178;2021-09;0.0006224600735324025
792560389712312178;2021-09;0.000640809538827892
792560389712312178;2021-10;0.00040665183216501876
792560389712312178;2021-10;0.0008122970281764864
4465150716052427320;2021-09;0.0017322825590452276
4465150716052427320;2021-09;0.0017502278588192072
4465150716052427320;2021-09;0.0023686140831431246
4465150716052427320;2021-10;0.0022644032948556645
4465150716052427320;2021-10;0.003409905025631493
5432443358006556295;2021-09;0.004757152212793315
5432443358006556295;2021-10;0.004523845714388209
5432443358006556295;2021-10;0.001609790197928817
5883155883105348987;2021-09;0.006571254215260392
5883155883105348987;2021-09;0.0033898499047651416
5883155883105348987;2021-09;0.006836307216967253
5883155883105348987;2021-09;0.007388636801644963
5883155883105348987;2021-09;0.00341385988254886
5883155883105348987;2021-10;0.004014645102392566
5883155883105348987;2021-10;0.007893959536903382
5883155883105348987;2021-10;0.003956057240853365
5883155883105348987;2021-10;0.00377783594398404
5883155883105348987;2021-10;0.007893959536903382
5883155883105348987;2021-10;0.0037135910219139746
5883155883105348987;2021-10;0.007893959536903382
5883155883105348987;2021-10;0.003916399787107774
5883155883105348987;2021-10;0.010777538006760862
5883155883105348987;2021-10;0.007893959536903382
4995217181024687397;2021-09;0.0008393721168217602
4995217181024687397;2021-09;0.0009007737964867919
4995217181024687397;2021-09;0.0011398645540994224
4995217181024687397;2021-10;0.0008515281339330848
4995217181024687397;2021-10;0.0009506516354842122
4995217181024687397;2021-10;0.0007786944812975906
8874257794774679816;2021-09;0.00033124470016096796
8874257794774679816;2021-09;0.0005873962359357323
8874257794774679816;2021-09;0.0005873962359357323
8874257794774679816;2021-09;0.0006077660385462692
8874257794774679816;2021-09;0.0005456869756169609
8874257794774679816;2021-09;0.0005127412746303055
8874257794774679816;2021-10;0.0004894439777195095
8874257794774679816;2021-10;0.000520893513288913
8874257794774679816;2021-10;0.000669314101633592
8874257794774679816;2021-10;0.0006289091436459907
8195468623809753777;2021-09;0.001280275272976764
8195468623809753777;2021-09;0.0011667661490939473
8195468623809753777;2021-09;0.0013144171591236591
8195468623809753777;2021-10;0.0024803921694656087
8195468623809753777;2021-10;0.0022920834998031705
8195468623809753777;2021-10;0.0011094636191790463
7535160686416710323;2021-09;0.0008342653635090388
7535160686416710323;2021-09;0.000869788888479494
7535160686416710323;2021-09;0.0008372922661345314
7535160686416710323;2021-10;0.0015257162269867713
7535160686416710323;2021-10;0.0013226086382458456
652740132671309295;2021-09;0.018782507029250942
652740132671309295;2021-10;0.019163455909761005
8305404138704642088;2021-09;0.025058874311446
2006188298374001315;2021-09;0.0009859597880193126
2006188298374001315;2021-09;0.0008956378622710324
2006188298374001315;2021-10;0.001319313301040591
2006188298374001315;2021-10;0.0013184608924018445
6020593949794792044;2021-09;0.013957827366050406
6020593949794792044;2021-09;0.013957827366050406
6020593949794792044;2021-09;0.014092782872971294
6020593949794792044;2021-09;0.014035090555404155
6020593949794792044;2021-09;0.011309149701775397
6020593949794792044;2021-10;0.006309221196520408
6020593949794792044;2021-10;0.007193153071951814
6020593949794792044;2021-10;0.006904054136082413
2678966409665050034;2021-09;0.000484579771604459
2678966409665050034;2021-10;0.10934108190197277
2678966409665050034;2021-10;0.013375306809018743
2678966409665050034;2021-10;0.000492557885465457
2678966409665050034;2021-10;0.0005247637159641984
1276604410881911401;2021-09;0.01472850172319755
1276604410881911401;2021-09;0.01472850172319755
1276604410881911401;2021-09;0.017883774972806018
1276604410881911401;2021-09;0.01472850172319755
1276604410881911401;2021-09;0.017883774972806018
1276604410881911401;2021-09;0.019725051970232447
1276604410881911401;2021-10;0.013864368848854901
1276604410881911401;2021-10;0.01421473032846954
1276604410881911401;2021-10;0.013864368848854901
1276604410881911401;2021-10;0.0156842827136129
5409960473983330744;2021-09;0.017072104463358672
5409960473983330744;2021-09;0.017072104463358672
5409960473983330744;2021-10;0.007189757794973636
5409960473983330744;2021-10;0.007064340984270168
5409960473983330744;2021-10;0.007189757794973636
5409960473983330744;2021-10;0.007189757794973636
8889055492416898333;2021-09;0.002710469452027614
8889055492416898333;2021-09;0.025848860641782403
8889055492416898333;2021-10;0.008630178105056615
8889055492416898333;2021-10;0.008630178105056615
8889055492416898333;2021-10;0.006581108486240846
8724731934863284019;2021-09;0.007471504931243926
8724731934863284019;2021-09;0.009262647819108485
8724731934863284019;2021-10;0.0061180997892089865
3022528659032597047;2021-09;0.004356415043321631
3022528659032597047;2021-10;0.003576713711869277
3022528659032597047;2021-10;0.4435253363109972
3022528659032597047;2021-10;0.0032468092133837068
3022528659032597047;2021-10;0.004252417730135763
7120090169052575663;2021-09;0.00034872431028392775
7120090169052575663;2021-09;0.00034619948278214797
7120090169052575663;2021-10;0.00037338508737783305
7120090169052575663;2021-10;0.0004639403159457619
963687627963462983;2021-09;0.00046235191764970314
963687627963462983;2021-09;0.000532103371544073
963687627963462983;2021-09;0.00045130664287565343
963687627963462983;2021-09;0.00045130664287565343
963687627963462983;2021-10;0.0006099718056879386
963687627963462983;2021-10;0.0006532304249462209
963687627963462983;2021-10;0.0006298082050478583
4003696935579172837;2021-09;0.7417897129786049
472772897496154354;2021-09;0.0006573731357418761
472772897496154354;2021-09;0.0008180925235105676
472772897496154354;2021-10;0.0031600454556041137
5304536516981778801;2021-09;0.0006571446803265875
5304536516981778801;2021-09;0.0006476930664483148
5304536516981778801;2021-09;0.0006476930664483148
5304536516981778801;2021-10;0.0008796497210454212
5304536516981778801;2021-10;0.0008796497210454212
5304536516981778801;2021-10;0.0013985983164374002
4972567100282306577;2021-09;0.0037836492639045224
4972567100282306577;2021-09;0.003973640428294857
4972567100282306577;2021-09;0.0037836492639045224
4972567100282306577;2021-10;0.002450902144257368
4972567100282306577;2021-10;0.002450902144257368
4972567100282306577;2021-10;0.002450902144257368
4972567100282306577;2021-10;0.002450902144257368
5301988619224057921;2021-09;0.31333587247084377
5301988619224057921;2021-09;0.31934914589135643
5301988619224057921;2021-09;0.31934914589135643
5301988619224057921;2021-09;0.3164040398936478
5301988619224057921;2021-09;0.32244854490098823
5301988619224057921;2021-09;0.3164040398936478
5301988619224057921;2021-09;0.3164040398936478
5301988619224057921;2021-09;0.3471990519676162
5301988619224057921;2021-10;0.8676231361008273
5301988619224057921;2021-10;0.34406756446863973
5301988619224057921;2021-10;0.34406756446863973
5301988619224057921;2021-10;0.34406756446863973
5301988619224057921;2021-10;0.34406756446863973
6927178425683104769;2021-09;0.000431819511878939
6927178425683104769;2021-09;0.0004513708285338734
6927178425683104769;2021-09;0.0005610249441838471
6927178425683104769;2021-10;0.0005181538221120983
6927178425683104769;2021-10;0.0006353106116507837
6927178425683104769;2021-10;0.00043197532356087365
3997247264680905799;2021-09;0.0005347963982131613
3997247264680905799;2021-09;0.0005176589851551143
3997247264680905799;2021-09;0.0005347963982131613
3997247264680905799;2021-09;0.0019065527676903424
3997247264680905799;2021-10;0.0002655554590371013
3997247264680905799;2021-10;0.0002740759547169081
3997247264680905799;2021-10;0.0002655554590371013
3997247264680905799;2021-10;0.0006234034119617255
3997247264680905799;2021-10;0.0002878536842134168
5274777191770957761;2021-09;0.20523346926306646
5274777191770957761;2021-09;0.27238795828837853
5274777191770957761;2021-09;0.10268163476464397
5274777191770957761;2021-09;0.06339311788469254
5274777191770957761;2021-09;0.16323439867780892
5274777191770957761;2021-09;0.12309990083180816
5274777191770957761;2021-09;0.08826908179679588
5274777191770957761;2021-10;0.0632624757547215
5460280878923715699;2021-09;0.0016494327120549312
5460280878923715699;2021-09;0.0016494327120549312
5460280878923715699;2021-10;0.1272498707219103
7970976988071755401;2021-09;0.06702806642557488
7970976988071755401;2021-09;0.058516362146225506
7970976988071755401;2021-10;0.03571887016415462
7970976988071755401;2021-10;0.0344296350828486
2983174282784691273;2021-09;0.001215254591319641
2983174282784691273;2021-09;0.001302979120771241
2983174282784691273;2021-10;0.0007860253850066443
2983174282784691273;2021-10;0.0007071005313286989
2983174282784691273;2021-10;0.0008017726748017628
2983174282784691273;2021-10;0.0007860253850066443
2983174282784691273;2021-10;0.0007860253850066443
2983174282784691273;2021-10;0.0007867752040581806
2983174282784691273;2021-10;0.0007511027793923626
2983174282784691273;2021-10;0.0007511027793923626
2983174282784691273;2021-10;0.0007399787626746731
5726178124659661019;2021-09;0.0003927379242634854
5726178124659661019;2021-09;0.0003927379242634854
5726178124659661019;2021-09;0.00043809681347268083
5726178124659661019;2021-09;0.0004260858300474223
5726178124659661019;2021-09;0.00043420463260172414
5726178124659661019;2021-09;0.00041656338146851227
5726178124659661019;2021-09;0.0004260858300474223
5726178124659661019;2021-10;0.00035897691390191617
5726178124659661019;2021-10;0.000722452537499755
5726178124659661019;2021-10;0.0004022608207885157
5726178124659661019;2021-10;0.0004278342755588348
7908414709866823255;2021-09;0.004828906649116073
7908414709866823255;2021-09;0.005284955582708797
7908414709866823255;2021-09;0.003101480203016843
7908414709866823255;2021-10;0.006387169348404828
7908414709866823255;2021-10;0.006472775745404083
7908414709866823255;2021-10;0.00685917805510072
7908414709866823255;2021-10;0.006472775745404083
7908414709866823255;2021-10;0.004587314825251146
7908414709866823255;2021-10;0.005616724585451525
7908414709866823255;2021-10;0.00628182999297947
8271604276097280304;2021-09;0.0018440790979694559
8271604276097280304;2021-09;0.0018440790979694559
9206030810342980458;2021-09;0.0004415604945541722
9206030810342980458;2021-09;0.0004415604945541722
2302464746243069589;2021-09;0.0007402785926640574
2302464746243069589;2021-10;0.0004003912244583673
2022367282554149730;2021-09;0.0008867913219673889
2022367282554149730;2021-09;0.0024873735155446176
2022367282554149730;2021-09;0.0009062176172841336
2022367282554149730;2021-09;0.0009736324008485495
2022367282554149730;2021-09;0.0010439333889462052
2022367282554149730;2021-10;0.001265361365010075
2022367282554149730;2021-10;0.0011801665002630973
2022367282554149730;2021-10;0.0010984669186148172
2022367282554149730;2021-10;0.0010984669186148172
2022367282554149730;2021-10;0.0010984669186148172
2022367282554149730;2021-10;0.0011801665002630973
2333404192508932057;2021-09;0.001571744747196205
2333404192508932057;2021-09;0.0012614178832932822
2333404192508932057;2021-09;0.0012456231725860194
2333404192508932057;2021-09;0.001295431278174629
2333404192508932057;2021-10;0.0035857121574333793
2333404192508932057;2021-10;0.26951554209333956
2333404192508932057;2021-10;0.002878892106252621
2333404192508932057;2021-10;0.006887711743475034
2333404192508932057;2021-10;0.0023778085057552475
2333404192508932057;2021-10;0.002854019792341991
2333404192508932057;2021-10;0.0022309100844615116
2333404192508932057;2021-10;0.0024133734318880526
2333404192508932057;2021-10;0.0027978513730670487
1234611356650812259;2021-09;0.02867223141265398
326257359176916767;2021-09;0.000347846181583154
326257359176916767;2021-09;0.000347846181583154
326257359176916767;2021-09;0.000347846181583154
6164364689409425900;2021-09;0.00043150740050270996
6164364689409425900;2021-09;0.0003886358376545938
5263285038415073073;2021-09;0.3221114193797385
5263285038415073073;2021-09;0.3179660492365796
2380458252615213706;2021-09;0.021941216398578385
2380458252615213706;2021-10;0.013678815071007702
2380458252615213706;2021-10;0.01993145200107008
5854364934896993687;2021-09;0.0017175570688265599
5854364934896993687;2021-09;0.0025308436896104604
6284433051333854194;2021-09;0.0004827772610590032
6284433051333854194;2021-09;0.0004827772610590032
6284433051333854194;2021-09;0.0007435960449330822
6284433051333854194;2021-10;0.000566009963650139
6284433051333854194;2021-10;0.000566009963650139
7590999900861381526;2021-09;0.0019368932567575168
7590999900861381526;2021-09;0.0019368932567575168
7590999900861381526;2021-10;0.0014989697584899579
9127318190908282126;2021-09;0.0005497728663609666
9127318190908282126;2021-10;0.0006396522172133986
9127318190908282126;2021-10;0.0011710522825976327
6055278873962623670;2021-09;0.0032840911933936807
8511588642284189303;2021-09;0.01699596790846391
8511588642284189303;2021-09;0.01699596790846391
8511588642284189303;2021-10;0.015853086539591464
7742008298942700792;2021-09;0.7292542905057936
7742008298942700792;2021-10;0.53964706661183
3095408468798675621;2021-09;0.0005882901857237253
3095408468798675621;2021-09;0.0005126212491532237
3095408468798675621;2021-09;0.0005126212491532237
3095408468798675621;2021-09;0.00047441301764326003
3095408468798675621;2021-10;0.00033380331847381197
3095408468798675621;2021-10;0.00026801688702232857
7231408738455755015;2021-09;0.6670673551929359
7231408738455755015;2021-10;0.6436379862827831
7231408738455755015;2021-10;0.873608449126784
8909740532547211288;2021-09;0.0017664903986008662
8909740532547211288;2021-09;0.0017664903986008662
8909740532547211288;2021-09;0.001653190737810455
8909740532547211288;2021-09;0.001653190737810455
8909740532547211288;2021-09;0.0017664903986008662
8909740532547211288;2021-09;0.00263409157076247
8909740532547211288;2021-09;0.002778636213705685
8909740532547211288;2021-10;0.0018448438774774367
8909740532547211288;2021-10;0.0017920811683879692
8909740532547211288;2021-10;0.0017920811683879692
8909740532547211288;2021-10;0.0017920811683879692
2573553293518763494;2021-09;0.002375177067819334
2573553293518763494;2021-10;0.0017719299237089522
2573553293518763494;2021-10;0.0019348541374945663
6969348581033924947;2021-09;0.0026729266354673896
6969348581033924947;2021-09;0.0026072259319825314
6969348581033924947;2021-09;0.002662169428865421
6969348581033924947;2021-09;0.002662169428865421
6969348581033924947;2021-09;0.002554017997910871
6969348581033924947;2021-09;0.0026072259319825314
6969348581033924947;2021-09;0.0029285452857954115
6969348581033924947;2021-10;0.002498400041413944
6969348581033924947;2021-10;0.002333670876020751
6969348581033924947;2021-10;0.0021661929484212226
6969348581033924947;2021-10;0.0019690225191337056
6969348581033924947;2021-10;0.0020377869977991387
6969348581033924947;2021-10;0.0025015628980943356
6969348581033924947;2021-10;0.002333670876020751
7963861799566207637;2021-09;0.00018150317825662684
7963861799566207637;2021-09;0.00031189676158568133
7963861799566207637;2021-10;0.00039310353586421884
3263212305228307743;2021-09;0.0002953236600661052
3263212305228307743;2021-10;0.00027585370891162916
6662531979151878793;2021-09;0.0019276978990705432
6662531979151878793;2021-09;0.0017594799498764392
6662531979151878793;2021-09;0.0023808925040774477
6754039979151386401;2021-09;0.00212913503355343
6754039979151386401;2021-09;0.00212913503355343
6754039979151386401;2021-10;0.005266759438887264
5689766561863956319;2021-09;0.006021523377571752
5689766561863956319;2021-09;0.005379147251147055
6061850657256270336;2021-09;0.0012496962261364076
6061850657256270336;2021-09;0.0024169726003917874
6061850657256270336;2021-10;0.002160291446847681
6061850657256270336;2021-10;0.002160291446847681
6061850657256270336;2021-10;0.0024884051710880356
6061850657256270336;2021-10;0.0010072464919578753
8374461419511631785;2021-09;0.002825596936236874
8374461419511631785;2021-09;0.0020072898303898023
2119292203323657032;2021-09;0.0009559120323238573
2119292203323657032;2021-09;0.0007883092673739761
2119292203323657032;2021-09;0.0008777127038435063
2119292203323657032;2021-10;0.0021221719357432957
2119292203323657032;2021-10;0.0019770707006741017
7787306805605072964;2021-09;0.33146410391199366
7787306805605072964;2021-09;0.3751650801749047
7787306805605072964;2021-10;0.3045473303235359
5864443060004179363;2021-09;0.0006410538734289353
5864443060004179363;2021-09;0.0005583155165134892
5864443060004179363;2021-09;0.0010488389946264809
5864443060004179363;2021-09;0.000642651169991598
5864443060004179363;2021-09;0.0006102747906869567
5864443060004179363;2021-10;0.0006846713420197681
5864443060004179363;2021-10;0.005779563271607998
5864443060004179363;2021-10;0.0007718306923573063
5864443060004179363;2021-10;0.0007551014853915138
5864443060004179363;2021-10;0.0010402209365116583
3480297543931395935;2021-09;0.03269755969077285
3480297543931395935;2021-09;0.02483836209313696
3480297543931395935;2021-09;0.03268400135745125
3480297543931395935;2021-10;0.029587449929257006
3480297543931395935;2021-10;0.09828258099661054
3480297543931395935;2021-10;0.03984468494118456
8623308321032624474;2021-09;0.07285225114321196
8623308321032624474;2021-10;0.08221608181817906
4432551314797496562;2021-09;0.8683258224029653
2658946240987854807;2021-09;0.0008079326959960524
2658946240987854807;2021-10;0.042824591120295186
312543480920432545;2021-09;0.0002573112561468765
312543480920432545;2021-09;0.0003028627379647336
312543480920432545;2021-09;0.0006104221207994142
312543480920432545;2021-10;0.00016448639184125748
312543480920432545;2021-10;0.00016902014807833684
312543480920432545;2021-10;0.00016902014807833684
7182085930008391174;2021-09;0.00822374983383027
7182085930008391174;2021-10;0.002843790648079453
7870373680211625064;2021-09;0.005070375607827193
7870373680211625064;2021-09;0.003875640968770731
7870373680211625064;2021-10;0.005740031373641491
7870373680211625064;2021-10;0.004323287331316976
7870373680211625064;2021-10;0.004323287331316976
7870373680211625064;2021-10;0.0037552879509802958
8785648114090695180;2021-09;0.0035875227851838573
8785648114090695180;2021-09;0.0023861215733734166
6448580780254847411;2021-09;0.00105476342624383
6448580780254847411;2021-09;0.0009728789043028295
2951563549197799278;2021-09;0.0021302561199158135
2951563549197799278;2021-09;0.002243370058581479
2951563549197799278;2021-10;0.0018932207813495668
2951563549197799278;2021-10;0.0018932207813495668
2951563549197799278;2021-10;0.00200756886499426
4061297388883391410;2021-09;0.0008325842289724027
4061297388883391410;2021-09;0.0007664573473293445
4061297388883391410;2021-10;0.024805719282482663
4061297388883391410;2021-10;0.000855873139591207
4061297388883391410;2021-10;0.0012539188454994785
968400235888951633;2021-09;0.0004131179117580014
968400235888951633;2021-09;0.0004131179117580014
968400235888951633;2021-10;0.0007466120222922979
968400235888951633;2021-10;0.0007812743704709692
968400235888951633;2021-10;0.0007446534628988288
968400235888951633;2021-10;0.0007812743704709692
968400235888951633;2021-10;0.0007466120222922979
6865071386683133124;2021-09;0.017331839995435538
6865071386683133124;2021-09;0.024304307110338427
9101617110967101591;2021-09;0.006012018789928129
8041261093764417881;2021-09;0.0012061432308187263
8041261093764417881;2021-09;0.0012061432308187263
8041261093764417881;2021-10;0.0011971046776718072
8041261093764417881;2021-10;0.001216887687433895
8041261093764417881;2021-10;0.0011587168854848707
8041261093764417881;2021-10;0.001134952773209083
5694881483989656694;2021-09;0.0026748184149559804
6759864637454708017;2021-09;0.0067780774810514005
6759864637454708017;2021-09;0.00652628018383784
6759864637454708017;2021-09;0.006373831857196216
6759864637454708017;2021-09;0.006295444335864316
6759864637454708017;2021-09;0.0065395954542743695
6759864637454708017;2021-10;0.005778924385310149
6759864637454708017;2021-10;0.005890758896254791
6759864637454708017;2021-10;0.005964137733190402
6759864637454708017;2021-10;0.006105724963248459
6759864637454708017;2021-10;0.005185861022858794
417157680860985231;2021-09;0.0003254744562031517
417157680860985231;2021-09;0.060027132870302785
417157680860985231;2021-09;0.000251788212123375
417157680860985231;2021-09;0.0002441568596670412
417157680860985231;2021-10;0.00047851342813941885
417157680860985231;2021-10;0.00034503623158373776
4661684997487171886;2021-09;0.0016355227034987986
4661684997487171886;2021-09;0.0006484434438284257
4661684997487171886;2021-10;0.003886426698939743
4661684997487171886;2021-10;0.003886426698939743
3415156360538677905;2021-09;0.00453352817271658
1097345589386012260;2021-09;0.00028999943312591343
1097345589386012260;2021-10;0.0008216526771859772
1613152204777372951;2021-09;0.006154987066501313
5048392903148444335;2021-09;0.007656721011808505
5048392903148444335;2021-10;0.010170082420036579
5558533999208199371;2021-09;0.3264541818918532
7215093571368368138;2021-09;0.5650275567896734
7215093571368368138;2021-09;0.18499186196391135
7215093571368368138;2021-10;0.2631646615085872
7215093571368368138;2021-10;0.23120069555372574
7215093571368368138;2021-10;0.2631646615085872
7215093571368368138;2021-10;0.10572980510078163
1415340753324392369;2021-09;0.01186131613545862
1299146298565441811;2021-09;0.0036263893684828617
1299146298565441811;2021-10;0.03652905019483419
3605652314611460806;2021-09;0.0016648631640795793
3605652314611460806;2021-10;0.0019016745987500373
3605652314611460806;2021-10;0.0017793246519707375
2233850024349336054;2021-09;0.004073995386690034
835441927760881602;2021-09;0.11106798331859342
835441927760881602;2021-09;0.10702204204904812
835441927760881602;2021-10;0.1515748556920706
835441927760881602;2021-10;0.1366372696525298
4296149971687628223;2021-09;0.005173518240990879
4296149971687628223;2021-09;0.005173518240990879
4296149971687628223;2021-10;0.0023715391112671784
8609211777002937758;2021-09;0.0009477482875484267
8609211777002937758;2021-09;0.0009010001662226331
8609211777002937758;2021-09;0.0007695061802037896
8609211777002937758;2021-09;0.0008528961198878157
8609211777002937758;2021-10;0.001128086160235805
4593070249039532001;2021-09;0.0002332346668321768
4593070249039532001;2021-10;0.0002154665136008123
4593070249039532001;2021-10;0.00021852572510161033
4593070249039532001;2021-10;0.0002154665136008123
4724876423989598202;2021-09;0.0012857255293272773
4724876423989598202;2021-09;0.0010380980332613129
4724876423989598202;2021-10;0.04127083050679655
4724876423989598202;2021-10;0.0008596291874891574
4724876423989598202;2021-10;0.001268092042899232
4724876423989598202;2021-10;0.0012926246303823882
4724876423989598202;2021-10;0.0013364041916140075
4724876423989598202;2021-10;0.0004951289864832759
5999145415800242177;2021-09;0.0036603076718697957
5999145415800242177;2021-10;0.0030521601458124185
5999145415800242177;2021-10;0.07886736599543409
5999145415800242177;2021-10;0.0030174434751053495
1292049196559782171;2021-09;0.0010475448957597033
1292049196559782171;2021-09;0.0009510736987558029
1292049196559782171;2021-09;0.001073166833170492
1292049196559782171;2021-10;0.0010939741065472543
1292049196559782171;2021-10;0.0010678559250019168
1192891347324061812;2021-09;0.0009548013145079225
1192891347324061812;2021-09;0.0009634724669057365
1192891347324061812;2021-09;0.0009548013145079225
1192891347324061812;2021-10;0.0012940001265735073
1192891347324061812;2021-10;0.0012940001265735073
4165983075385227812;2021-09;0.00088508229825675
6056959220685085102;2021-09;0.030152180097307177
6056959220685085102;2021-10;0.8529313946696018
6056959220685085102;2021-10;0.02968627347744632
6056959220685085102;2021-10;0.02481392422290656
6056959220685085102;2021-10;0.02997379135412669
8348574220426911086;2021-09;0.0031908430840353373
8348574220426911086;2021-09;0.003235025895788601
8348574220426911086;2021-09;0.005888093175914287
8348574220426911086;2021-10;0.002559612917052813
8348574220426911086;2021-10;0.004736806097608901
4347826483121154490;2021-09;0.0005351583602579804
4347826483121154490;2021-09;0.0006270157201061656
4347826483121154490;2021-09;0.0009942637546846837
4347826483121154490;2021-09;0.0006270157201061656
4347826483121154490;2021-10;0.0006778651057284559
4347826483121154490;2021-10;0.0008572024676454802
4347826483121154490;2021-10;0.0009165361163631891
4347826483121154490;2021-10;0.0009165361163631891
3382609338395832683;2021-09;0.01964863555868102
3382609338395832683;2021-09;0.019971972076793142
2397171153213063761;2021-09;0.0015023156496650838
2397171153213063761;2021-09;0.0016868852681175028
2397171153213063761;2021-09;0.0016868852681175028
2397171153213063761;2021-09;0.001661846664125505
2397171153213063761;2021-09;0.001661846664125505
2397171153213063761;2021-09;0.001661846664125505
2397171153213063761;2021-09;0.0029817982268745156
2397171153213063761;2021-09;0.0029375956599644397
2397171153213063761;2021-10;0.0016017287731252493
2397171153213063761;2021-10;0.0014654356843387755
2397171153213063761;2021-10;0.0016017287731252493
2397171153213063761;2021-10;0.001782367105613051
2397171153213063761;2021-10;0.0015317014861043468
2397171153213063761;2021-10;0.0016164955744181987
2397171153213063761;2021-10;0.0014654356843387755
2397171153213063761;2021-10;0.0033094566969351503
2397171153213063761;2021-10;0.003737130824707582
2408009918678280470;2021-09;0.007908572212624525
2408009918678280470;2021-09;0.007506995315409662
2408009918678280470;2021-09;0.007908572212624525
2408009918678280470;2021-09;0.007908572212624525
2408009918678280470;2021-09;0.007506995315409662
2408009918678280470;2021-09;0.007908572212624525
2408009918678280470;2021-10;0.0033297967750033183
2408009918678280470;2021-10;0.0032050478022449124
2408009918678280470;2021-10;0.0031196504940589885
2408009918678280470;2021-10;0.0033297967750033183
2408009918678280470;2021-10;0.0033297967750033183
2408009918678280470;2021-10;0.0033297967750033183
2408009918678280470;2021-10;0.003352228597144319
2408009918678280470;2021-10;0.003352228597144319
1958660709350677213;2021-09;0.07280073945232879
1958660709350677213;2021-10;0.0701092045985469
5860276371789140450;2021-09;0.1025407540477534
5860276371789140450;2021-10;0.04763352633011092
2201150681962815877;2021-09;0.0012555875296780764
2201150681962815877;2021-09;0.001569560499302487
7142043104834932013;2021-09;0.010816381594588304
7142043104834932013;2021-09;0.012142787066867727
7142043104834932013;2021-10;0.011945699064220971
7142043104834932013;2021-10;0.012145121498026662
6134696632487351445;2021-09;0.0006013360487685446
6134696632487351445;2021-09;0.0006276324248159215
4660230701075746534;2021-09;0.21454733308797916
8536031856585966123;2021-09;0.009506345238256634
8536031856585966123;2021-09;0.009558889485778585
2214132103234633622;2021-09;0.0016736349635275431
2214132103234633622;2021-09;0.0016736349635275431
2214132103234633622;2021-09;0.0020831085334892118
2214132103234633622;2021-10;0.006422988559347993
2214132103234633622;2021-10;0.01197403319145234
2214132103234633622;2021-10;0.010593712110450904
2214132103234633622;2021-10;0.007010561760449154
2214132103234633622;2021-10;0.01197403319145234
1118514612547157551;2021-09;0.02898884252834228
1118514612547157551;2021-09;0.028092082630127448
1118514612547157551;2021-09;0.028221340975285465
1118514612547157551;2021-09;0.028760143561793856
1118514612547157551;2021-09;0.03819649126702085
1118514612547157551;2021-10;0.4418029209506882
1118514612547157551;2021-10;0.0284739763658738
4524147234488547993;2021-09;0.0029411168580090303
4524147234488547993;2021-09;0.001923878145991848
4524147234488547993;2021-10;0.006661195495418381
4524147234488547993;2021-10;0.006661195495418381
8961924617442201922;2021-09;0.0004170728726937185
8961924617442201922;2021-10;0.0003982834425358309
8961924617442201922;2021-10;0.00045385841188093237
8961924617442201922;2021-10;0.0008616551330145482
3093415403379897112;2021-09;0.0009949774926971359
3093415403379897112;2021-09;0.0013279348552392384
3093415403379897112;2021-10;0.0020974218237371747
3093415403379897112;2021-10;0.0009282053467447339
170089315547146305;2021-09;0.02241349250998632
170089315547146305;2021-09;0.017435740580925486
170089315547146305;2021-09;0.017661912057468723
170089315547146305;2021-09;0.023963658587083048
170089315547146305;2021-10;0.0234618682323095
170089315547146305;2021-10;0.028365362840910156
170089315547146305;2021-10;0.02196394938979888
170089315547146305;2021-10;0.02196394938979888
7177785309735471560;2021-09;0.00038363475387289016
7177785309735471560;2021-09;0.00036954491634164506
7177785309735471560;2021-09;0.0003747698733175053
7177785309735471560;2021-09;0.00039091468319224856
7177785309735471560;2021-10;0.00039168374670739506
7177785309735471560;2021-10;0.00036850640509318247
7177785309735471560;2021-10;0.00043792550327437674
7177785309735471560;2021-10;0.0003753080234183302
7177785309735471560;2021-10;0.0003700755664528743
6238903426443761049;2021-09;0.005306361540419954
6238903426443761049;2021-09;0.005040201599098254
6238903426443761049;2021-09;0.005497607692437999
6238903426443761049;2021-09;0.005306361540419954
6238903426443761049;2021-10;0.005597540254989853
6238903426443761049;2021-10;0.005597540254989853
5503073374822479037;2021-09;0.0028562837568719903
5503073374822479037;2021-09;0.0030692060314625996
8287608084245946173;2021-09;0.0004370164530235019
8287608084245946173;2021-09;0.00034567089435128944
8287608084245946173;2021-10;0.00037738867613048665
8287608084245946173;2021-10;0.00035454967688299563
8287608084245946173;2021-10;0.00033301314689998106
8287608084245946173;2021-10;0.0005017605206148665
8287608084245946173;2021-10;0.00038462752300134423
8287608084245946173;2021-10;0.00038462752300134423
2128970218770090704;2021-09;0.0019740016026812872
2128970218770090704;2021-09;0.0024247977397581573
2128970218770090704;2021-09;0.0018497291939769379
2128970218770090704;2021-09;0.0018497291939769379
2128970218770090704;2021-09;0.0019740016026812872
2128970218770090704;2021-09;0.001719739703560768
2128970218770090704;2021-10;0.00115168672620115
2128970218770090704;2021-10;0.0015507973456048798
2128970218770090704;2021-10;0.0015443912391890006
2128970218770090704;2021-10;0.001421703560893201
3281818438120834833;2021-09;0.0007816802527801393
6926309382371178621;2021-09;0.0010350533724843758
6091519986999196884;2021-09;0.0007893295083844555
864510931144626280;2021-09;0.0029862910780384276
864510931144626280;2021-09;0.0019615834534705214
864510931144626280;2021-09;0.002661388570804616
864510931144626280;2021-09;0.002162993344556186
864510931144626280;2021-09;0.003620890894939389
7436628409157313756;2021-09;0.007238609436136512
7949169060790541229;2021-09;0.0009354579453261416
7949169060790541229;2021-10;0.0012174190252692075
7949169060790541229;2021-10;0.0008755132546009078
7949169060790541229;2021-10;0.019986730820310123
3258345688897172820;2021-09;0.06172791610785386
3258345688897172820;2021-09;0.06338307652800211
3258345688897172820;2021-10;0.06113813594189845
3258345688897172820;2021-10;0.056563317466959105
8464769152264029983;2021-09;0.0008403604911991178
8716163053080758848;2021-09;0.0009676232229057658
8716163053080758848;2021-09;0.0008760738452575015
8716163053080758848;2021-09;0.0008948568663305604
8716163053080758848;2021-09;0.0008948568663305604
8716163053080758848;2021-09;0.0009676232229057658
8716163053080758848;2021-09;0.0008948568663305604
8716163053080758848;2021-10;0.0008526461054738264
8716163053080758848;2021-10;0.0008980378174839726
8716163053080758848;2021-10;0.0008654795608106004
8716163053080758848;2021-10;0.0008980378174839726
8716163053080758848;2021-10;0.0008654795608106004
8716163053080758848;2021-10;0.0008526461054738264
8716163053080758848;2021-10;0.0018665839997685102
187117706370645370;2021-09;0.03768235246232021
187117706370645370;2021-10;0.025757310405033648
187117706370645370;2021-10;0.03772574279029542
187117706370645370;2021-10;0.034328233879525744
3888528635045328222;2021-09;0.014642180211627087
3888528635045328222;2021-10;0.15340781335497267
3888528635045328222;2021-10;0.012665079559688602
5371387005775513675;2021-09;0.025905707889452543
5371387005775513675;2021-10;0.011361609071160891
5371387005775513675;2021-10;0.00988899753051793
257162352336759783;2021-09;0.0008352201941484496
257162352336759783;2021-09;0.0008352201941484496
257162352336759783;2021-09;0.0008352201941484496
257162352336759783;2021-10;0.0008400909008431487
234898976850399181;2021-09;0.004715801209800801
234898976850399181;2021-10;0.12372491122436989
234898976850399181;2021-10;0.006648434275559384
4993499380140734678;2021-09;0.0033157825337964634
4993499380140734678;2021-10;0.2510903719154315
5042877476420217533;2021-09;0.001046561840510444
5042877476420217533;2021-09;0.0013835856948437462
5042877476420217533;2021-09;0.001046561840510444
5042877476420217533;2021-10;0.001512631813101159
5042877476420217533;2021-10;0.0010930236455390019
5042877476420217533;2021-10;0.0010930236455390019
4956614249204803652;2021-09;0.015523399605852393
4956614249204803652;2021-10;0.0056651177691025255
7750874287225529604;2021-09;0.004858236092576678
7750874287225529604;2021-09;0.004818657701442834
7750874287225529604;2021-10;0.005538836910403314
3807130563335796378;2021-09;0.05341846052306902
3807130563335796378;2021-10;0.029734268812573954
2123312420728961012;2021-09;0.004858714523667982
2123312420728961012;2021-10;0.004889576995010721
1182975716201409626;2021-09;0.0007963452982724296
1182975716201409626;2021-09;0.0007963452982724296
1182975716201409626;2021-10;0.0007492530692218473
1182975716201409626;2021-10;0.0007492530692218473
7664272163315705419;2021-09;0.0022867605837675743
7664272163315705419;2021-10;0.00767351698554534
4614484019183480654;2021-09;0.0001978535043684676
3228830386980584958;2021-09;0.0002716934219791293
3228830386980584958;2021-09;0.00030515009415600186
3228830386980584958;2021-10;0.0003874221797050843
3228830386980584958;2021-10;0.0005288093929713884
2735662700719640627;2021-09;0.01967304549532474
2250817603281429928;2021-09;0.0002793544646165243
2250817603281429928;2021-10;0.00015335477328060925
2250817603281429928;2021-10;0.00014703168366694708
2250817603281429928;2021-10;0.00014527412578694095
2250817603281429928;2021-10;0.0001435181145424721
6276792736652545216;2021-09;0.0008551580377585491
6276792736652545216;2021-10;0.0008475770814101096
6276792736652545216;2021-10;0.000879113125976333
6276792736652545216;2021-10;0.0026606780097844047
6276792736652545216;2021-10;0.0011144792355456002
4588313530969303734;2021-09;0.029067775367212296
4588313530969303734;2021-10;0.04192252709549288
4588313530969303734;2021-10;0.04192252709549288
4571290108043699959;2021-09;0.0006567361685411772
4571290108043699959;2021-09;0.0005655373228302064
6098833389547425063;2021-09;0.00583697342862244
6098833389547425063;2021-10;0.1269779287784202
6098833389547425063;2021-10;0.01096822132506419
2687720147676132707;2021-09;0.005211013316565175
2687720147676132707;2021-09;0.0050485456895916474
2687720147676132707;2021-10;0.0029831212774006463
622073912578471754;2021-09;0.11778254469347604
622073912578471754;2021-09;0.11778254469347604
622073912578471754;2021-10;0.09302330204008967
2278650548373578523;2021-09;0.02221085005944386
2278650548373578523;2021-09;0.020370457865351455
2278650548373578523;2021-10;0.031029699299552852
1117184216453911295;2021-09;0.002427390239596615
1117184216453911295;2021-10;0.28556906068917653
1117184216453911295;2021-10;0.16328060396664895
5993765508162121762;2021-09;0.046474279057905014
5993765508162121762;2021-09;0.07215929952876188
5993765508162121762;2021-10;0.027549719747116962
8252215766413781202;2021-09;0.002321630111103113
8252215766413781202;2021-10;0.002242876849737319
5255460548789019114;2021-09;0.003742417516098371
5635781225931111684;2021-09;0.004688296946451215
5635781225931111684;2021-09;0.004856426313576806
5635781225931111684;2021-10;0.003080590395432741
1088521227159442264;2021-09;0.007109713643734716
1088521227159442264;2021-09;0.009332289372340583
1088521227159442264;2021-09;0.009332289372340583
1088521227159442264;2021-10;0.011783306831969542
1088521227159442264;2021-10;0.012098721530661783
524026009392362402;2021-09;0.3277892401071375
524026009392362402;2021-09;0.005466315662426341
524026009392362402;2021-10;0.010791839176986132
8646472172649019955;2021-09;0.29497571879469875
8646472172649019955;2021-09;0.29497571879469875
8646472172649019955;2021-10;0.6763913499082728
8646472172649019955;2021-10;0.3661184948387661
8646472172649019955;2021-10;0.39087318016879113
8646472172649019955;2021-10;0.3662671262688183
5271591321704178730;2021-09;0.003909485135669219
5271591321704178730;2021-10;0.0027040134210982274
5511113649464808344;2021-09;0.02202533230933204
5511113649464808344;2021-10;0.5053719281625975
5511113649464808344;2021-10;0.08521362400764577
5511113649464808344;2021-10;0.08521362400764577
1536087798470875922;2021-09;0.07961596485089215
1536087798470875922;2021-09;0.0719905975359451
1536087798470875922;2021-09;0.0747867410641867
1536087798470875922;2021-10;0.07955626139179477
1536087798470875922;2021-10;0.07084149225887577
7911162482760986289;2021-09;0.13965244715007052
7911162482760986289;2021-10;0.12420950425177152
2808145376905474927;2021-09;0.007811111413154123
2808145376905474927;2021-09;0.00555047081802901
2808145376905474927;2021-10;0.009175766943986774
2808145376905474927;2021-10;0.007001237845270344
4335865859049992260;2021-09;0.0016640813919900576
4335865859049992260;2021-09;0.0012316510116248834
4334472256949955221;2021-09;0.0028196787690720755
4334472256949955221;2021-09;0.001791865746672754
86110062990790869;2021-09;0.013385758374959983
86110062990790869;2021-10;0.011762141321822222
86110062990790869;2021-10;0.013520473337782824
8828303152301461681;2021-09;0.044574634407605465
8828303152301461681;2021-09;0.0290836947043403
8828303152301461681;2021-09;0.0290836947043403
8828303152301461681;2021-10;0.05923107391834847
8609938720215175911;2021-09;0.0221033584054492
8609938720215175911;2021-09;0.006972086962744584
8609938720215175911;2021-10;0.010438251624112807
8609938720215175911;2021-10;0.010438251624112807
2780030912070252968;2021-09;0.08669646751687379
2780030912070252968;2021-10;0.04218951277010125
683445437387317282;2021-09;0.0008751994390060335
683445437387317282;2021-09;0.0005617519989062477
683445437387317282;2021-10;0.000513875942301677
683445437387317282;2021-10;0.0005291547028038736
683445437387317282;2021-10;0.000513875942301677
683445437387317282;2021-10;0.0005410567593683557
683445437387317282;2021-10;0.0005291547028038736
683445437387317282;2021-10;0.0008484389807030352
2033394215069562776;2021-09;0.03586381864640772
2033394215069562776;2021-10;0.02042861608533293
2033394215069562776;2021-10;0.01721641548100973
2033394215069562776;2021-10;0.01875200798962872
1052398277967427422;2021-09;0.005612642761877212
1052398277967427422;2021-10;0.0036354057469630495
1052398277967427422;2021-10;0.29265381856999645
7895753719321668294;2021-09;0.0009556537606504279
7895753719321668294;2021-09;0.0006243119216237233
7895753719321668294;2021-09;0.0007935049537058656
7895753719321668294;2021-10;0.0007060236688116464
7895753719321668294;2021-10;0.0006030058017956409
7895753719321668294;2021-10;0.0004296240193378276
1454789421854453615;2021-09;0.006689537694132392
1454789421854453615;2021-09;0.003411478062051887
1454789421854453615;2021-09;0.00701186748560744
1454789421854453615;2021-09;0.0072626968866754274
1454789421854453615;2021-09;0.003411478062051887
1454789421854453615;2021-09;0.006689537694132392
1454789421854453615;2021-09;0.007182322131593477
1454789421854453615;2021-10;0.007805108432736015
8505870778358741102;2021-09;0.003467398313317481
8505870778358741102;2021-10;0.004043283565997546
8505870778358741102;2021-10;0.1653102554946084
8505870778358741102;2021-10;0.00447031961426966
8505870778358741102;2021-10;0.0035822079351470926
1033361676287635885;2021-09;0.00891657001562259
1033361676287635885;2021-09;0.00891657001562259
1033361676287635885;2021-10;0.009287650232588042
1033361676287635885;2021-10;0.009287650232588042
8083157716178259762;2021-09;0.0009956502680547187
8083157716178259762;2021-10;0.0007543821800018919
3543162424793477785;2021-09;0.026041189400311377
3543162424793477785;2021-09;0.01613243249991022
3543162424793477785;2021-10;0.01356379410004121
3279078057358159966;2021-09;0.015229920626570415
3279078057358159966;2021-09;0.016315255236230657
3279078057358159966;2021-10;0.014643199081107457
3279078057358159966;2021-10;0.014643199081107457
1683619849073499603;2021-09;0.002312382650684705
1683619849073499603;2021-10;0.002629441721252409
1683619849073499603;2021-10;0.0025343850936249157
1683619849073499603;2021-10;0.0026948072173690963
1696462947583294958;2021-09;0.0007675966495152969
1696462947583294958;2021-10;0.0005910546361823381
1272921915900711149;2021-09;0.000384395069973975
1272921915900711149;2021-09;0.0003221772577439923
1272921915900711149;2021-10;0.00039329862976135796
1272921915900711149;2021-10;0.00028659096176121687
4052557282157719526;2021-09;0.002918818321868403
4052557282157719526;2021-09;0.0030011428567156273
4052557282157719526;2021-10;0.008955612419683049
4052557282157719526;2021-10;0.0032662853581054024
4052557282157719526;2021-10;0.003510220518411736
4052557282157719526;2021-10;0.0035924749417552844
2773493808492482979;2021-09;0.0004118670390404927
5574997762710520717;2021-09;0.0008793076797620721
6724017568171288443;2021-09;0.0010013148383018731
6724017568171288443;2021-09;0.0009446028515047398
6724017568171288443;2021-10;0.0007789479696386557
837142477962609471;2021-09;0.003075640954017616
837142477962609471;2021-09;0.0032550391398654638
837142477962609471;2021-09;0.0029314191116761733
837142477962609471;2021-09;0.0027698073523671775
837142477962609471;2021-09;0.0032550391398654638
837142477962609471;2021-09;0.0032550391398654638
837142477962609471;2021-10;0.0038639325370096213
837142477962609471;2021-10;0.00599693886296352
4769364850030443969;2021-09;0.021493273170805745
4769364850030443969;2021-10;0.23840961553125486
4769364850030443969;2021-10;0.050687960989716285
6987942592445950913;2021-09;0.0007879520418102937
6987942592445950913;2021-09;0.0006519480666791939
6987942592445950913;2021-09;0.0006040451543134716
6987942592445950913;2021-10;0.0004833141445993753
6987942592445950913;2021-10;0.025182011394316705
6987942592445950913;2021-10;0.0005641642777520796
6987942592445950913;2021-10;0.0005626899530378613
4919908458022265747;2021-09;0.002097267626181838
4919908458022265747;2021-10;0.0032038670881430146
4919908458022265747;2021-10;0.07653467234114478
4919908458022265747;2021-10;0.003062893042663916
8123515208041701633;2021-09;0.2595453826350621
8123515208041701633;2021-10;0.030989338418294137
8123515208041701633;2021-10;0.5699480965999352
6817075905797098547;2021-09;0.016216703232705867
6817075905797098547;2021-10;0.017225633802099117
6817075905797098547;2021-10;0.012224047339257743
6817075905797098547;2021-10;0.01687949144794548
3408536439470975134;2021-09;0.00013985102307420262
3408536439470975134;2021-09;0.0001506358907354556
3408536439470975134;2021-09;0.0001506358907354556
3408536439470975134;2021-10;0.00024967432522763895
3408536439470975134;2021-10;0.00034664428704562225
3408536439470975134;2021-10;0.0003248967975861308
3408536439470975134;2021-10;0.00034664428704562225
7085295800541340563;2021-09;0.002507179208785592
7085295800541340563;2021-10;0.00115577353083312
3668905663669864663;2021-09;0.0009962192820573976
3668905663669864663;2021-10;0.0008316227870597008
4130617254899676131;2021-09;0.03210220773786877
4130617254899676131;2021-10;0.04949384465538634
4130617254899676131;2021-10;0.05006918765650116
175003104385133396;2021-09;0.004488361447828552
175003104385133396;2021-10;0.10068566963403759
175003104385133396;2021-10;0.0014046133773146583
7076661330300123587;2021-09;0.0011115633779031093
4342146186255136598;2021-09;0.0006765826357796876
4342146186255136598;2021-09;0.0005638597310636099
4342146186255136598;2021-10;0.0006022135782287558
4342146186255136598;2021-10;0.0006022135782287558
4342146186255136598;2021-10;0.0004368510930794457
4342146186255136598;2021-10;0.0005206972172831919
4342146186255136598;2021-10;0.0005206972172831919
4342146186255136598;2021-10;0.0004368510930794457
2012477868296377155;2021-09;0.0031769583594423384
2012477868296377155;2021-10;0.002578616442291456
2012477868296377155;2021-10;0.006138537383228188
2012477868296377155;2021-10;0.007206314187347523
2092588065958607289;2021-09;0.00022933763941681542
2092588065958607289;2021-09;0.00022469021804027598
2092588065958607289;2021-10;0.00037180311593926386
2092588065958607289;2021-10;0.00037180311593926386
2092588065958607289;2021-10;0.00038638549794867984
2092588065958607289;2021-10;0.00035366640427103964
7810985951121711480;2021-09;0.03175251267012525
7810985951121711480;2021-10;0.017303163096562605
7810985951121711480;2021-10;0.0043606405921387545
7810985951121711480;2021-10;0.00429479231244216
3591324331706630867;2021-09;0.008734265807864957
3591324331706630867;2021-09;0.00836383862580033
3591324331706630867;2021-10;0.009344272107443373
3591324331706630867;2021-10;0.009344272107443373
3591324331706630867;2021-10;0.014678158975056714
3591324331706630867;2021-10;0.008915215861958066
5687511145009775604;2021-09;0.03383357422550916
5687511145009775604;2021-10;0.027782958742126905
5687511145009775604;2021-10;0.02728131748611374
1637960623843047520;2021-09;0.060595771054465175
1637960623843047520;2021-10;0.15908396589627244
1637960623843047520;2021-10;0.07769206856554915
4008627434689715639;2021-09;0.11646875371195646
4008627434689715639;2021-09;0.11646875371195646
4008627434689715639;2021-10;0.06304607803775411
4008627434689715639;2021-10;0.06322916016746044
4008627434689715639;2021-10;0.06470324938937586
4008627434689715639;2021-10;0.05600565246101042
4008627434689715639;2021-10;0.0600586382666068
924957821424248698;2021-09;0.00035183316863149583
1945147145527703963;2021-09;0.0011767082637410412
2903869860445366876;2021-09;0.0016962453384980055
2903869860445366876;2021-09;0.004683323224678741
2903869860445366876;2021-10;0.007938111704838149
2903869860445366876;2021-10;0.0023763757034542155
4532469127306079736;2021-09;0.0008947459004768903
4532469127306079736;2021-09;0.0008908996883334534
4532469127306079736;2021-10;0.0007669225638571233
8748106677402909629;2021-09;0.010380220918125965
6367769402148499693;2021-09;0.0011652046930896787
6367769402148499693;2021-09;0.0011652046930896787
6367769402148499693;2021-10;0.0014051738067779446
6367769402148499693;2021-10;0.001641037229815833
7692335720341018458;2021-09;0.0005302015155222163
7692335720341018458;2021-09;0.0005228224761403865
7692335720341018458;2021-10;0.0006064490426514043
5753677550753111444;2021-09;7.019495159241981e-05
5753677550753111444;2021-09;6.974881300453783e-05
5753677550753111444;2021-10;6.931747651702808e-05
4095739077267179172;2021-09;0.015590128362424242
4095739077267179172;2021-10;0.018848722795888062
4095739077267179172;2021-10;0.011866673065930118
1741049493106216406;2021-09;0.004445218464331604
6633838062940819075;2021-09;0.004129694406170589
6633838062940819075;2021-09;0.004129694406170589
6633838062940819075;2021-10;0.0037369635378774134
6633838062940819075;2021-10;0.0032544470482578592
6633838062940819075;2021-10;0.0035056764284764758
6633838062940819075;2021-10;0.0035334666540853326
6633838062940819075;2021-10;0.0032544470482578592
6633838062940819075;2021-10;0.0035056764284764758
7444686668183702737;2021-09;0.00042263845580680655
7444686668183702737;2021-09;0.00043996441361049486
7444686668183702737;2021-10;0.0004731473276368428
39547025441582855;2021-09;0.007162945186838077
39547025441582855;2021-09;0.007018244824917046
39547025441582855;2021-10;0.003643793222200834
39547025441582855;2021-10;0.0035153411488310373
1078687383992817574;2021-09;0.1285665991576389
1078687383992817574;2021-09;0.12815247821306253
1078687383992817574;2021-10;0.14440112190208707
1078687383992817574;2021-10;0.14440112190208707
1078687383992817574;2021-10;0.15101096122428626
1078687383992817574;2021-10;0.08915717883611629
1078687383992817574;2021-10;0.08946827580968342
1078687383992817574;2021-10;0.07713810746931213
1078687383992817574;2021-10;0.14928895589152488
3822753345985951756;2021-09;0.003429002216312395
3822753345985951756;2021-10;0.007725135106744041
3822753345985951756;2021-10;0.008395248783351305
3822753345985951756;2021-10;0.009106817721363455
6950439982480713649;2021-09;0.06828214459069022
7246466789138290692;2021-09;0.001133214859407694
5757271354816214865;2021-09;0.7412914940664729
5757271354816214865;2021-09;0.7306138394756884
5757271354816214865;2021-09;0.7283138449740224
8045116560666679751;2021-09;0.009865643237223868
8045116560666679751;2021-09;0.013922955648022902
4489904752023469353;2021-09;0.05266210878524931
4489904752023469353;2021-09;0.10137523601112389
4489904752023469353;2021-10;0.056928853357189925
5440313607363845188;2021-09;0.0006186354555677836
5440313607363845188;2021-10;0.0005960700620724662
5440313607363845188;2021-10;0.0006952671207515605
8596605705893456305;2021-09;0.5505222500981173
8596605705893456305;2021-09;0.5555045855425031
8596605705893456305;2021-09;0.5555045855425031
8596605705893456305;2021-09;0.48764640589907415
8596605705893456305;2021-09;0.5505222500981173
8596605705893456305;2021-10;0.5905279705134271
8596605705893456305;2021-10;0.7848965879057666
8596605705893456305;2021-10;0.5905279705134271
4795152981525833467;2021-09;0.0014899345452899454
4795152981525833467;2021-09;0.0009040889137069564
4795152981525833467;2021-10;0.002210630174668325
4795152981525833467;2021-10;0.002499051418677115
4795152981525833467;2021-10;0.002434707962161554
4795152981525833467;2021-10;0.0030813430332673193
7468724002190465812;2021-09;0.0009438773802246003
3915426102465954493;2021-09;0.0006568857263141569
3915426102465954493;2021-10;0.0004738304204938457
7398738404146260251;2021-09;0.000422832750538186
7398738404146260251;2021-09;0.00046579969994197046
7398738404146260251;2021-10;0.008877555237771085
7398738404146260251;2021-10;0.0002745720263653165
5897410907783139228;2021-09;0.0007099802909828587
5897410907783139228;2021-09;0.0007099802909828587
5897410907783139228;2021-09;0.0007099802909828587
5897410907783139228;2021-10;0.001347221436931365
5897410907783139228;2021-10;0.0010734790607180784
7457803471605010846;2021-09;0.0011608705709894194
7457803471605010846;2021-10;0.0011127887327787636
7457803471605010846;2021-10;0.0011263908629685752
7457803471605010846;2021-10;0.001206134295157436
3045840317107313913;2021-09;0.0004028151643877591
3045840317107313913;2021-10;0.0010805628844774812
3045840317107313913;2021-10;0.0005932572584121354
3045840317107313913;2021-10;0.0011107389148279788
3045840317107313913;2021-10;0.0005932572584121354
3045840317107313913;2021-10;0.003270171913962579
3045840317107313913;2021-10;0.0013938568487817905
6722781660631652440;2021-09;0.001305837857301665
531805620371082364;2021-09;0.010829990175070001
531805620371082364;2021-09;0.004121623080232745
531805620371082364;2021-10;0.0040662422529231385
531805620371082364;2021-10;0.0055851751732443585
531805620371082364;2021-10;0.0040662422529231385
2619109825960703851;2021-09;0.010155844818195838
2619109825960703851;2021-09;0.00871525119157764
2619109825960703851;2021-10;0.005597490677749484
2382123267535341265;2021-09;0.0026835517618002736
2382123267535341265;2021-09;0.0026835517618002736
2382123267535341265;2021-10;0.0037434693521125255
4043546053926060305;2021-09;0.376495488728733
4043546053926060305;2021-10;0.644082842400538
4043546053926060305;2021-10;0.6063737048012934
5786895437851445408;2021-09;0.012995989678068845
5786895437851445408;2021-09;0.036605687260069554
5786895437851445408;2021-09;0.03125039786861814
5786895437851445408;2021-10;0.036167328562209326
5786895437851445408;2021-10;0.037245752960769325
5786895437851445408;2021-10;0.03524718745109377
4365965554261111250;2021-09;0.08345740509852094
4365965554261111250;2021-09;0.07927189043688682
4365965554261111250;2021-10;0.07893612387307242
5577659616907513811;2021-09;0.7139723361647868
5577659616907513811;2021-09;0.7195861869047125
5577659616907513811;2021-09;0.7224301192290873
5577659616907513811;2021-09;0.7427274316396776
5577659616907513811;2021-10;0.7314375678950231
5577659616907513811;2021-10;0.4984069870219553
5577659616907513811;2021-10;0.5124539523575752
4635578010631860111;2021-09;0.0017890461956661572
4635578010631860111;2021-10;0.0016676775547222905
4635578010631860111;2021-10;0.001967202005380281
7289435138601868544;2021-09;0.002870708746236123
7289435138601868544;2021-09;0.002870708746236123
7289435138601868544;2021-10;0.002879421291732507
7289435138601868544;2021-10;0.002509364070772342
7289435138601868544;2021-10;0.002879421291732507
7289435138601868544;2021-10;0.0027169142162789513
7289435138601868544;2021-10;0.0025234376644944823
5794903898038236832;2021-09;0.011923014947369288
5794903898038236832;2021-10;0.007608199768759968
5794903898038236832;2021-10;0.007608199768759968
5794903898038236832;2021-10;0.008271403916245737
3829967475074118757;2021-09;0.4572445265759485
3829967475074118757;2021-09;0.8620040973012995
3829967475074118757;2021-09;0.46982973961348623
3829967475074118757;2021-10;0.36461576877610336
3829967475074118757;2021-10;0.38863234419690484
3829967475074118757;2021-10;0.38863234419690484
3829967475074118757;2021-10;0.30667430436070414
710593997981520423;2021-09;0.0019656599399860393
710593997981520423;2021-10;0.001178509366945557
710593997981520423;2021-10;0.0011541276603160388
2371917341091102894;2021-09;0.029390364001049975
2371917341091102894;2021-09;0.021707485080498842
2645324649046215594;2021-09;0.00040612822086959595
2645324649046215594;2021-09;0.000472777885907856
2645324649046215594;2021-10;0.0003918325963645512
8729164666041467296;2021-09;0.006682560729158371
8729164666041467296;2021-09;0.006682560729158371
8729164666041467296;2021-10;0.006298674825910995
8729164666041467296;2021-10;0.007710544091632579
8729164666041467296;2021-10;0.0045202638724980105
1616952665234409442;2021-09;0.024535197802428712
1616952665234409442;2021-09;0.07319556970206993
1616952665234409442;2021-10;0.07979577723005613
1616952665234409442;2021-10;0.1281044170098296
1616952665234409442;2021-10;0.07979577723005613
1616952665234409442;2021-10;0.3059804214627192
1616952665234409442;2021-10;0.25547889332502566
1616952665234409442;2021-10;0.25547889332502566
1616952665234409442;2021-10;0.07367607085242729
1616952665234409442;2021-10;0.07736828758997244
1616952665234409442;2021-10;0.07675484967502526
1616952665234409442;2021-10;0.07736828758997244
1616952665234409442;2021-10;0.10049473679315243
1616952665234409442;2021-10;0.10267022627307926
1616952665234409442;2021-10;0.07675484967502526
1616952665234409442;2021-10;0.0810615018967667
1616952665234409442;2021-10;0.0781799503230672
1616952665234409442;2021-10;0.10267022627307926
1616952665234409442;2021-10;0.08069927549163819
6198047969028248384;2021-09;0.0008834078853306709
6198047969028248384;2021-09;0.0009210340580816938
8994944800097997361;2021-09;0.00272587627514794
8994944800097997361;2021-09;0.00272587627514794
8994944800097997361;2021-10;0.0033168296164500055
8994944800097997361;2021-10;0.003150512269699039
2772135008486239291;2021-09;0.015450174797964431
2772135008486239291;2021-10;0.007653090462988975
2772135008486239291;2021-10;0.009369926462260942
2772135008486239291;2021-10;0.008689922627092872
4785355632922927313;2021-09;0.09178854094901893
4785355632922927313;2021-09;0.09560764542086393
4785355632922927313;2021-10;0.11948438899589936
1104269683367198574;2021-09;0.0019165521825299432
1104269683367198574;2021-10;0.0009514316233778383
1104269683367198574;2021-10;0.02703928122695131
1104269683367198574;2021-10;0.0006985518338960352
8859064595603380512;2021-09;0.0021748023509945585
9156666134024889730;2021-09;0.004362872857788568
9156666134024889730;2021-09;0.004362872857788568
9156666134024889730;2021-10;0.004686963875820142
8049805689946244047;2021-09;0.003215881183231974
8049805689946244047;2021-09;0.002593915803411464
8049805689946244047;2021-09;0.0018602884772995943
8049805689946244047;2021-10;0.0028921947710076504
8049805689946244047;2021-10;0.0032278566022248653
8049805689946244047;2021-10;0.0033361385781941685
4414438591613884911;2021-09;0.007788683875167648
4414438591613884911;2021-09;0.0033086150484572825
4414438591613884911;2021-10;0.003226899894547579
4414438591613884911;2021-10;0.0030271634234033105
4414438591613884911;2021-10;0.002993521091596249
8385636129786687263;2021-09;0.008377146249652995
8385636129786687263;2021-10;0.0069950020204199055
8385636129786687263;2021-10;0.0039578745895129
8385636129786687263;2021-10;0.004277973571077032
4717717003637613480;2021-09;0.0016576259087972272
4717717003637613480;2021-09;0.0016054529883660423
4717717003637613480;2021-10;0.0008724736741032738
4717717003637613480;2021-10;0.0008724736741032738
4874157215501489741;2021-09;0.0010332641234537777
4874157215501489741;2021-09;0.0009559285613812578
4874157215501489741;2021-09;0.000981597391416828
4874157215501489741;2021-10;0.0010733059576935094
4874157215501489741;2021-10;0.0012539637710118551
4874157215501489741;2021-10;0.0010701369943370265
3357976326879346012;2021-09;0.0935841071472803
3357976326879346012;2021-09;0.0935841071472803
3357976326879346012;2021-10;0.09163846683499541
3357976326879346012;2021-10;0.09344825562466423
6217788509719675691;2021-09;0.0017471676106034391
6217788509719675691;2021-09;0.0019560709264256314
6217788509719675691;2021-10;0.002877246520109202
621182491555347581;2021-09;0.010014645234087554
621182491555347581;2021-09;0.5735946453262999
621182491555347581;2021-10;0.009173967743259197
621182491555347581;2021-10;0.009361858331329378
621182491555347581;2021-10;0.009203302348871949
621182491555347581;2021-10;0.009264156582153278
5465001651966355821;2021-09;0.004567909957304639
5465001651966355821;2021-09;0.004651183130102598
5465001651966355821;2021-10;0.003893943390687989
5465001651966355821;2021-10;0.04993680552485719
5465001651966355821;2021-10;0.006228425497217757
3025708129948185495;2021-09;0.0006794490955918252
3025708129948185495;2021-10;0.0004311171101309225
3812760626052898456;2021-09;0.000861637942790902
3812760626052898456;2021-10;0.0004716404682514544
3812760626052898456;2021-10;0.0004716404682514544
8463871205935856285;2021-09;0.00895167130972957
8463871205935856285;2021-10;0.005233552183414195
682352428813668634;2021-09;0.0031854672599578157
682352428813668634;2021-09;0.0031854672599578157
682352428813668634;2021-09;0.0031854672599578157
682352428813668634;2021-10;0.0033023945038463463
682352428813668634;2021-10;0.0033023945038463463
682352428813668634;2021-10;0.0033023945038463463
3838562409581494430;2021-09;0.0017248491606341799
5856610998569876318;2021-09;0.0008384556132859184
5856610998569876318;2021-09;0.0008384556132859184
2308217045093677129;2021-09;0.01894528932998482
3036967290595689189;2021-09;0.0005626388878274387
3036967290595689189;2021-10;0.0006473530397548555
7722287846688771887;2021-09;0.012890417693569812
7722287846688771887;2021-10;0.0023478454622844376
7722287846688771887;2021-10;0.2716460309877399
4717593620120611957;2021-09;0.001388734319629215
4717593620120611957;2021-10;0.001469877914765054
9052787288251876909;2021-09;0.00023499572801325303
9052787288251876909;2021-10;0.00025494244243521604
9052787288251876909;2021-10;0.00024085187927620964
3386019519917828299;2021-09;0.0012010912354763334
3386019519917828299;2021-10;0.001274538016092112
510795635145114083;2021-09;0.003130422791125816
510795635145114083;2021-09;0.003159227072363413
510795635145114083;2021-10;0.003196833456513204
510795635145114083;2021-10;0.0032890931722357386
510795635145114083;2021-10;0.0033388932235077265
5974858472822751652;2021-09;0.0012641805593173413
5974858472822751652;2021-10;0.0011229167501086833
5974858472822751652;2021-10;0.002791196586868954
5974858472822751652;2021-10;0.0020202549106067857
5974858472822751652;2021-10;0.0018895439767284351
5958664040344043635;2021-09;0.0028596852863341862
5958664040344043635;2021-10;0.0027382064076246072
3391123212703223634;2021-09;0.010218818037385117
6528158819463595826;2021-09;0.0007190126748173265
8548612698724688238;2021-09;0.007084473695861751
8548612698724688238;2021-10;0.005396524310644938
5522764880180045081;2021-09;0.0026847552783782515
5522764880180045081;2021-10;0.004198387585347754
5522764880180045081;2021-10;0.0027042909955226225
5522764880180045081;2021-10;0.09855223710337069
5522764880180045081;2021-10;0.004198387585347754
5522764880180045081;2021-10;0.0027312473590030257
8004409125524742779;2021-09;0.0004919033690935848
8004409125524742779;2021-09;0.0007489518284998727
8004409125524742779;2021-10;0.001167547216903762
8004409125524742779;2021-10;0.0013718981404079425
8343941262792249232;2021-09;0.009445763725966257
8343941262792249232;2021-09;0.009445763725966257
8343941262792249232;2021-09;0.00812662110980508
8343941262792249232;2021-10;0.007400080264978432
7031913170099381454;2021-09;0.07120626717442644
7031913170099381454;2021-10;0.13014519343692213
6030285068945261052;2021-09;0.0004757791473053732
6030285068945261052;2021-09;0.00044572997815081405
6030285068945261052;2021-10;0.0005353117048728015
665505091521986356;2021-09;0.001082972328278181
665505091521986356;2021-10;0.0008608301618188162
665505091521986356;2021-10;0.0008650491408943498
665505091521986356;2021-10;0.0007888998424505156
6828316696355015040;2021-09;0.0013729859450774694
4202876623878743806;2021-09;0.006334325935201514
4202876623878743806;2021-10;0.0466894791423398
4202876623878743806;2021-10;0.002603620826015349
4202876623878743806;2021-10;0.005742654419011673
4202876623878743806;2021-10;0.006007568133947882
6352592240901579272;2021-09;0.0009022581988465904
2819054834565698513;2021-09;0.005505475825747056
2819054834565698513;2021-10;0.003301486682663519
2819054834565698513;2021-10;0.005446844921994972
988707525807573448;2021-09;0.0008466411717458505
988707525807573448;2021-10;0.0009176219147498436
988707525807573448;2021-10;0.0008860478344186888
988707525807573448;2021-10;0.0009176219147498436
4512887927067894301;2021-09;0.023967344194590533
3204108603682323936;2021-09;0.0003315906552538244
3204108603682323936;2021-09;0.0003161081252708884
3204108603682323936;2021-10;0.00030320920351046724
3204108603682323936;2021-10;0.00029817341086396795
2493305884832539159;2021-09;0.130430681139249
7920896580423665241;2021-09;0.0013468306191067106
7920896580423665241;2021-09;0.0011845555564218365
7920896580423665241;2021-10;0.004607267581023458
7920896580423665241;2021-10;0.0026618760647927173
5078307295214858596;2021-09;0.006013146956229854
5078307295214858596;2021-10;0.005479768298653436
5078307295214858596;2021-10;0.005479768298653436
5078307295214858596;2021-10;0.005479768298653436
295375823203017296;2021-09;0.0009731696037863103
295375823203017296;2021-10;0.0009643483792776338
295375823203017296;2021-10;0.0007931932070208992
6968106554514688300;2021-09;0.04425898288610848
6968106554514688300;2021-10;0.024421876149164908
6968106554514688300;2021-10;0.0013168034070641676
6968106554514688300;2021-10;0.0013265024215669177
51762959302415533;2021-09;0.14976192693652499
1611146298923153842;2021-09;0.005017247781849981
1611146298923153842;2021-09;0.0070239288682773645
1611146298923153842;2021-10;0.008469407170747446
1611146298923153842;2021-10;0.0032747652007903165
8185063234515056194;2021-09;0.0009698601383483788
8185063234515056194;2021-09;0.0009698601383483788
8185063234515056194;2021-10;0.000667553771685694
8185063234515056194;2021-10;0.0005966185500000815
1414132620714431952;2021-09;0.3133047242250564
465309249432033993;2021-09;0.004686834487070368
465309249432033993;2021-09;0.0013311105946104567
465309249432033993;2021-10;0.003900429063878883
2423599281313969582;2021-09;0.020181656029902052
2762573180349093009;2021-09;0.0038403946549630794
7637066986811047950;2021-09;0.0021699060282859392
7637066986811047950;2021-10;0.007991793704774722
7637066986811047950;2021-10;0.007991793704774722
7637066986811047950;2021-10;0.0035864622731781727
7637066986811047950;2021-10;0.010053011502151208
4444330375740387073;2021-09;0.010628143132283458
4444330375740387073;2021-10;0.011107200564800137
4444330375740387073;2021-10;0.011107200564800137
2763141362035716801;2021-09;0.0012834592128150018
2763141362035716801;2021-09;0.0012609256647505066
4569866309119931805;2021-09;0.03762924950677319
4569866309119931805;2021-10;0.03455926055828759
4569866309119931805;2021-10;0.0017837171955308482
4569866309119931805;2021-10;0.0018347741571831725
1507697130807703164;2021-09;0.0005688086210252284
665854826624598350;2021-09;0.0010249191016620076
665854826624598350;2021-10;0.001535639083361084
665854826624598350;2021-10;0.001535639083361084
7692330898726665144;2021-09;0.00041782638892217294
7692330898726665144;2021-09;0.0007543443345521864
7692330898726665144;2021-10;0.0005266434983776596
7692330898726665144;2021-10;0.0010444011197887155
7692330898726665144;2021-10;0.0004999410391847283
1717812527056208209;2021-09;0.37774522393008697
1717812527056208209;2021-10;0.33120214392647596
2535803443850893368;2021-09;0.7109387388370878
2535803443850893368;2021-10;0.03419688504022495
2535803443850893368;2021-10;0.034633716756361024
2535803443850893368;2021-10;0.03673751098154924
6681781879793693802;2021-09;0.0003894751993904981
6681781879793693802;2021-10;0.00024381567965851275
4210463673385510745;2021-09;0.09238701619173385
4210463673385510745;2021-10;0.02077604947408708
4210463673385510745;2021-10;0.02077604947408708
1951407691087813358;2021-09;0.0009359262321883987
1951407691087813358;2021-09;0.0009483072610891215
1951407691087813358;2021-10;0.013148663369782243
7451017400765373278;2021-09;0.000262796510416587
7451017400765373278;2021-10;0.0002670392261150601
6795467882769787169;2021-09;0.00042627142306725477
6795467882769787169;2021-10;0.00219884519665683
6795467882769787169;2021-10;0.00211103721144404
2347028805684088098;2021-09;0.00015302746212264727
2347028805684088098;2021-09;0.00019710953525119376
2347028805684088098;2021-10;0.0001765423610008216
2347028805684088098;2021-10;0.00015661267540521666
2900002014851776114;2021-09;0.26034879503866626
2900002014851776114;2021-10;0.1923466151152058
2900002014851776114;2021-10;0.1923466151152058
2900002014851776114;2021-10;0.22065792822049862
1698828605814171242;2021-09;0.00178093609035806
1698828605814171242;2021-10;0.003252193597571993
1698828605814171242;2021-10;0.0016967680865619785
1698828605814171242;2021-10;0.003338746041886522
5893903674205161232;2021-09;0.0009044139675323889
4862285428951244424;2021-09;6.54514060101764e-05
4862285428951244424;2021-09;6.106768606892537e-05
4862285428951244424;2021-09;7.936987592952312e-05
4862285428951244424;2021-10;7.496620587791496e-05
4862285428951244424;2021-10;0.00010176930882895802
4862285428951244424;2021-10;7.496620587791496e-05
4862285428951244424;2021-10;6.783399470404533e-05
5606267905834401873;2021-09;0.00042594821964791406
5606267905834401873;2021-09;0.0004624935207966338
5606267905834401873;2021-10;0.00042075452855389354
4982042089827666585;2021-09;0.027162255123259316
8854680481766219396;2021-09;0.15880087122145692
8854680481766219396;2021-10;0.19539328852838012
8854680481766219396;2021-10;0.15931736835858532
6204723742351094322;2021-09;0.0008920624379394336
6204723742351094322;2021-10;0.0008013796899470248
6204723742351094322;2021-10;0.0008013796899470248
3713742318997880410;2021-09;0.000994964508064375
3713742318997880410;2021-10;0.0012484624744284335
3713742318997880410;2021-10;0.0010373687533598507
1106971614386004604;2021-09;0.020121441454276825
1368430815953333691;2021-09;0.10777129136861156
1368430815953333691;2021-10;0.07671128440175494
1368430815953333691;2021-10;0.08059534425633207
662944582644865942;2021-09;0.013604326799956051
662944582644865942;2021-10;0.04940306536885326
940214356651040716;2021-09;0.05672972100402997
3192341047315717823;2021-09;0.04474826684807903
5198904647759787695;2021-09;0.0045836027590192745
5198904647759787695;2021-09;0.004138704368709576
1420529738304793615;2021-09;0.015594178399615586
1420529738304793615;2021-10;0.03002340244937908
1420529738304793615;2021-10;0.04829873170471557
4898797487317475277;2021-09;0.007812357695536804
7200509200540839533;2021-09;0.0017636982536908923
7200509200540839533;2021-10;0.0007301283581210968
7200509200540839533;2021-10;0.002065977727480223
7200509200540839533;2021-10;0.0007556762357802374
7492389223353246125;2021-09;0.04727503701662441
287529573188507001;2021-09;0.0009118895837464443
7395696797140470088;2021-09;0.0005717207898714798
7395696797140470088;2021-10;0.0008860441198666192
6532139198609901627;2021-09;0.0002967912169957618
6532139198609901627;2021-10;0.00027446750756887113
8255085612985072878;2021-09;0.0007026601576271814
8255085612985072878;2021-10;0.0005578813825435924
8255085612985072878;2021-10;0.0005905879836307433
4675067298171588603;2021-09;0.04986273924195841
4675067298171588603;2021-10;0.05610222985369016
4675067298171588603;2021-10;0.06239713816212454
4675067298171588603;2021-10;0.04421025026947182
1210783884008131648;2021-09;0.0011504604070259467
7968118679747232249;2021-09;0.07809797324149223
7968118679747232249;2021-10;0.26103861913713994
7968118679747232249;2021-10;0.0761141534037594
3472934456083131714;2021-09;0.0008414199193294443
3156852928909455203;2021-09;0.0039395469074586425
3156852928909455203;2021-10;0.00383759559186543
3156852928909455203;2021-10;0.00942452704575464
3156852928909455203;2021-10;0.003900711736201385
6486277549325701534;2021-09;0.0006082417506937354
6486277549325701534;2021-09;0.0006082417506937354
6486277549325701534;2021-10;0.0009956993989807886
6486277549325701534;2021-10;0.0009800889382505706
6486277549325701534;2021-10;0.0009800889382505706
1003144834589372198;2021-09;0.0008516025112842852
1003144834589372198;2021-09;0.0008376582615821836
1003144834589372198;2021-10;0.0009359815778309723
1003144834589372198;2021-10;0.0023881023079751146
1003144834589372198;2021-10;0.0006850413383231065
1003144834589372198;2021-10;0.0009405561010156534
1003144834589372198;2021-10;0.0007378541146204902
410843023337872279;2021-09;0.0014438036549897083
410843023337872279;2021-10;0.014897180491022554
410843023337872279;2021-10;0.001217931550700164
410843023337872279;2021-10;0.0020015323282426083
1430896989654626045;2021-09;0.0021550294468363905
4986060939759481610;2021-09;0.0672787277350255
6394935036014530592;2021-09;0.001639982149535918
6394935036014530592;2021-10;0.0021808396681210532
6394935036014530592;2021-10;0.0023349548291863027
6394935036014530592;2021-10;0.001616598474599777
6394935036014530592;2021-10;0.0019393691839363915
6394935036014530592;2021-10;0.003759114732895596
7848910047105468475;2021-09;0.47493364764476836
5795100045494475994;2021-09;0.006936264597773218
7818340804682162328;2021-09;0.00416234553213794
7818340804682162328;2021-10;0.1875010176599129
5271966906483787417;2021-09;0.0022834357981956666
5383359512938607117;2021-09;0.006773814596839149
2106875407768047316;2021-09;0.000766162270944084
2106875407768047316;2021-10;0.025679030755710628
2106875407768047316;2021-10;0.0012180948958378072
798425422240919854;2021-09;0.0003658750156878463
798425422240919854;2021-10;0.0003087342829229045
798425422240919854;2021-10;0.00029588970880248825
3685376304786338340;2021-09;0.004296041038348153
3965955331400146488;2021-09;0.05712322566354545
7442192566700924647;2021-09;0.00018046702486640838
7442192566700924647;2021-10;0.00017335403049435394
7442192566700924647;2021-10;0.00017335403049435394
7442192566700924647;2021-10;0.00016842255672694576
7442192566700924647;2021-10;0.00016759819250999826
7442192566700924647;2021-10;0.00020434761487227523
7442192566700924647;2021-10;0.00017534078096643926
2988042199057874759;2021-09;0.0009782314408120485
2988042199057874759;2021-09;0.0009782314408120485
2988042199057874759;2021-10;0.0023550269890117736
2988042199057874759;2021-10;0.0023394501602483292
521351744568531135;2021-09;0.004699089040758332
521351744568531135;2021-10;0.004803830828667044
6462952350255736003;2021-09;0.002069882979494681
6462952350255736003;2021-10;0.002245440097311962
8245393384938410770;2021-09;0.001136269820366858
8245393384938410770;2021-10;0.0006515876504407588
8245393384938410770;2021-10;0.000619251403995478
8245393384938410770;2021-10;0.0026179868846540337
8245393384938410770;2021-10;0.002646220700672351
7889351655716537527;2021-10;0.008001655644193459
3218226066162129945;2021-10;0.004953011900800549
3218226066162129945;2021-10;0.5114310113833246
3750579377644235511;2021-10;0.06192607515029684
1617695035450525647;2021-10;0.00015161088320071408
1617695035450525647;2021-10;0.0004698027508377071
1617695035450525647;2021-10;0.0001682767380055812
1617695035450525647;2021-10;0.00015369829019591866
5448628641564935127;2021-10;0.008261495484320012
5448628641564935127;2021-10;0.011525198566200963
4935929591787890253;2021-10;0.0012097782880512219
4935929591787890253;2021-10;0.009940551797301902
6337915293429442229;2021-10;0.019689488810992316
15070048310374146;2021-10;0.03700533540197841
15070048310374146;2021-10;0.03700533540197841
2088532321693492263;2021-10;0.011282056977357418
5477900120643078645;2021-10;0.006112825547617129
5477900120643078645;2021-10;0.006112825547617129
2209806355660046187;2021-10;0.0015476318569936371
2209806355660046187;2021-10;0.0016615779951974733
5791518044186095039;2021-10;0.0005270342175443579
1661240395903230676;2021-10;0.04113889649065626
1661240395903230676;2021-10;0.05685051714697548
843896882208504179;2021-10;0.3974742280259516
3682570285558758138;2021-10;0.0023261163674883757
1667173444642500307;2021-10;0.02503672718886259
1998941557906036376;2021-10;0.009439190924250463
1998941557906036376;2021-10;0.009965737097681827
1998941557906036376;2021-10;0.010060061176749208
2290083177086946553;2021-10;0.0026234485999522095
2290083177086946553;2021-10;0.002750995200710301
2290083177086946553;2021-10;0.002358188021328032
3632378524835692731;2021-10;0.00021363719115391515
3632378524835692731;2021-10;0.003100584309940434
6330043096034525408;2021-10;0.027893247225884505
6330043096034525408;2021-10;0.02157050551530953
6330043096034525408;2021-10;0.023005782271743044
6330043096034525408;2021-10;0.5670582964434077
6330043096034525408;2021-10;0.027893247225884505
6330043096034525408;2021-10;0.281078264733994
6330043096034525408;2021-10;0.023005782271743044
6330043096034525408;2021-10;0.023005782271743044
1235244772550233980;2021-10;0.0024484340487876
7176848230239877915;2021-10;0.0007906641501134425
7176848230239877915;2021-10;0.0008213525500064725
7176848230239877915;2021-10;0.0008213525500064725
4183921942053157552;2021-10;0.011948490914097123
4183921942053157552;2021-10;0.013408921751942051
4183921942053157552;2021-10;0.013408921751942051
4110562609148185966;2021-10;0.020961788370328013
8733525963966339207;2021-10;0.3690176173767335
5029701292539093910;2021-10;0.12984879970441462
5029701292539093910;2021-10;0.03373703462999797
2025898153078562640;2021-10;0.0054214248527595914
1115703227712697214;2021-10;0.0017853662650525795
1115703227712697214;2021-10;0.0024134085836890916
1115703227712697214;2021-10;0.0021838592691630822
1115703227712697214;2021-10;0.0015393919890789051
3724562776372632620;2021-10;0.008768416411267006
4537982850248578883;2021-10;0.001701741140893227
8843432852270832388;2021-10;0.0013829699707263606
8843432852270832388;2021-10;0.014130557173160137
8464809590757561185;2021-10;0.0011646762944315637
8464809590757561185;2021-10;0.0011646762944315637
3421433989501830226;2021-10;0.02317822713785866
6810366761249506182;2021-10;0.0009266648577293575
851897122328714307;2021-10;0.0006345129125968951
6784879562354696650;2021-10;0.00480107190533477
6784879562354696650;2021-10;0.0051770083392229235
93982185886107798;2021-10;0.0016002510772741535
93982185886107798;2021-10;0.001889261114453031
121658372387044248;2021-10;0.0031883121917091217
121658372387044248;2021-10;0.002874873789635422
121658372387044248;2021-10;0.006151417186234114
5931905128207886847;2021-10;0.026598039365212257
1953058402621337677;2021-10;0.0011045281732059754
1953058402621337677;2021-10;0.0013064703407120876
1953058402621337677;2021-10;0.001217216846903673
8090492548102964782;2021-10;0.027746152333927947
5735794880899687600;2021-10;0.004160761523223891
5735794880899687600;2021-10;0.002833915675009759
5735794880899687600;2021-10;0.002833915675009759
7828430488099134389;2021-10;0.05834396379013288
7828430488099134389;2021-10;0.05035492555734674
7485107528960607346;2021-10;0.006161385478998359
7485107528960607346;2021-10;0.006303844113998324
7485107528960607346;2021-10;0.08421528348510031
7485107528960607346;2021-10;0.010547712427731504
3156580765759568020;2021-10;0.034579465613818625
6643358471662528195;2021-10;0.00024407375441448868
5489089370448387505;2021-10;0.8902614239057051
7719877724419004325;2021-10;0.004996240496731475
4858887739802767402;2021-10;0.00033103236965064325
1069093308328204542;2021-10;0.0010993495991326856
1069093308328204542;2021-10;0.0015460862041170181
8292458529987016717;2021-10;0.0017452357619833355
3423512048884192208;2021-10;0.0023810519638305092
3423512048884192208;2021-10;0.010698140023573222
8918635099296971351;2021-10;0.008288459462262848
4187591029730357479;2021-10;0.0030486329628620647
4187591029730357479;2021-10;0.0030486329628620647
1129657311668961746;2021-10;0.012497281542319428
6122719618012473549;2021-10;0.5074565478241394
7236776406341522879;2021-10;0.000598300195954205
6547707428090179960;2021-10;0.005910657675119166
6547707428090179960;2021-10;0.005910657675119166
6547707428090179960;2021-10;0.008041189830317015
8248484932270772248;2021-10;0.11108877861506145
8248484932270772248;2021-10;0.04803692159765572
5752688018135006198;2021-10;0.04666327177391494
5752688018135006198;2021-10;0.0030373763354915075
2191990606593345695;2021-10;0.00471242576810414
2191990606593345695;2021-10;0.006243139067409869
2191990606593345695;2021-10;0.005119397695182005
4641659186059167709;2021-10;0.21678195169467332
8400764778654490278;2021-10;0.09069986196356288
8400764778654490278;2021-10;0.021149268667330988
2759416556905651870;2021-10;0.3742656642649662
7206599058451025691;2021-10;0.0019458890365026623
1036256411320325774;2021-10;0.003105231227594728
1036256411320325774;2021-10;0.001639089076055175
5162621729453966204;2021-10;0.03748952040864163
5162621729453966204;2021-10;0.03995459648483461
3660744270380078352;2021-10;0.3580478609536933
3660744270380078352;2021-10;0.020914575206473347
1273229638516517354;2021-10;0.01221214011012019
1467843186411742274;2021-10;0.012093810002441282
1467843186411742274;2021-10;0.010225570757545705
3571198145319411787;2021-10;0.001915455914346534
2310272650667756227;2021-10;0.558628483153815
3161361581909316305;2021-10;0.29990824028472163
3161361581909316305;2021-10;0.002150523541251896
5855956854975734380;2021-10;0.052717631922499515
5855956854975734380;2021-10;0.005200394295883567
4556737702757145073;2021-10;0.016055801331343583
5799279645678609726;2021-10;0.008538265211614689
5732713959930509093;2021-10;0.012705730413032695
1002362614649347438;2021-10;0.016462909203404527
1002362614649347438;2021-10;0.01625398331240295
8163895533020293251;2021-10;0.7437175973159338
8163895533020293251;2021-10;0.6153963438411723
8163895533020293251;2021-10;0.6526494235120873
2768068015169423097;2021-10;0.014452910160016295
2768068015169423097;2021-10;0.014452910160016295
3195023578711095555;2021-10;0.03351537669822546
5369576709077493659;2021-10;0.005047711085128099
5369576709077493659;2021-10;0.02125126636021803
1997130697107291654;2021-10;0.02836654269974938
7665801401860589626;2021-10;0.004620873469915265
1028630885537616736;2021-10;0.0028207319182291133
1028630885537616736;2021-10;0.0033132964872501364
1269153452773908541;2021-10;0.0019901870321449096
6100972975033180377;2021-10;0.0009647988130807383
8080988579391900405;2021-10;0.0006815186546179657
8080988579391900405;2021-10;0.0006815186546179657
8080988579391900405;2021-10;0.0007272191418445031
7719481195372677540;2021-10;0.0006392790057011341
2032592272238235730;2021-10;0.002551714684081751
2032592272238235730;2021-10;0.0067661592225673
89342157110910412;2021-10;0.007154782800797748
6012031176108922616;2021-10;0.004192999633065667
6012031176108922616;2021-10;0.004547737094037873
6012031176108922616;2021-10;0.006503604691151431
7501763663852779083;2021-10;0.0193190043740305
503021894071666233;2021-10;0.06544275157809207
503021894071666233;2021-10;0.04188415576777856
503021894071666233;2021-10;0.038180656505956305
3118683330911759410;2021-10;0.0849374300876806
3118683330911759410;2021-10;0.09081179408503591
7779268298304613772;2021-10;0.0035807714082244212
7779268298304613772;2021-10;0.0017803809809335874
7779268298304613772;2021-10;0.0051515653001997916
7779268298304613772;2021-10;0.005330548426461797
7779268298304613772;2021-10;0.004451337358518643
5303720405946805990;2021-10;0.0009283011232589683
6521201759558790083;2021-10;0.0010340467309535937
6521201759558790083;2021-10;0.0006638457614027164
717981637594591016;2021-10;0.00036453255607983467
2973474340148068982;2021-10;0.265949074368273
8684964138237894839;2021-10;0.009711907204574715
7041489327620930099;2021-10;0.003862464241912505
3447213159487287154;2021-10;0.0027062723405385587
3447213159487287154;2021-10;0.0025251157944260615
5225029212547588718;2021-10;0.01153955389750425
1735718258017802778;2021-10;0.0028069969864732165
1735718258017802778;2021-10;0.0027938833519840956
2550506309527280168;2021-10;0.005681098932476424
2550506309527280168;2021-10;0.005378586998604429
5376084855227654309;2021-10;0.06366852572825635
5376084855227654309;2021-10;0.062071142057204244
165658847908185334;2021-10;0.01162006199713357
4527499691197377217;2021-10;0.0023246895865667305
8535586342375301953;2021-10;0.0005890891169612382
3970572142453508637;2021-10;0.2552272315665851
5200455618694210402;2021-10;0.0015606084677405908
7595945751692012281;2021-10;0.002441352263780037
3283662016127058429;2021-10;0.003823477014546865
3248432590399829766;2021-10;0.0011049067353323032
9108733472015251498;2021-10;0.0002950706287171664
9108733472015251498;2021-10;0.0003801015183269878
7710364735942975505;2021-10;0.0017503628124960285
6143250120040658989;2021-10;0.08026638712899514
8967780934636007142;2021-10;0.0016588246977720495
3027683745465216663;2021-10;0.0032189260595016254
5758033363847724111;2021-10;0.00012672982665401134
5758033363847724111;2021-10;7.189042592652782e-05
5758033363847724111;2021-10;6.753787906549355e-05
5758033363847724111;2021-10;7.663210412242026e-05
6985631100944640910;2021-10;0.061022123174110515
8536980239903840341;2021-10;0.0022188590220000993
7330131219998265639;2021-10;0.0018722600547953958
7628167057144760589;2021-10;0.003170712617705633
8559143756893267192;2021-10;0.05758045459558825
5055200744384119654;2021-10;0.00376900320731358
3970610368027129821;2021-10;0.00038455745176524305
66220087398241662;2021-10;0.0011680168781767971
66220087398241662;2021-10;0.0010939123848936467
2598475569074240783;2021-10;0.00400878705138322
4562495119288161876;2021-10;0.0030495327260007046
6338963608593807081;2021-10;0.0025207768141743982
644457054514416604;2021-10;0.28468300457174045
644457054514416604;2021-10;0.28468300457174045
4566920105008626302;2021-10;0.0010670125669741172
4566920105008626302;2021-10;0.0010670125669741172
8570963260597299378;2021-10;0.0002549042519978159
8313765100460016738;2021-10;0.4648024454487319
8313765100460016738;2021-10;0.33275839793131456
8012945665375811304;2021-10;0.028883131882143566
8012016968380185372;2021-10;0.0024464020656327482
3361278050140871809;2021-10;0.21397505463609182
5122095358293179297;2021-10;0.0011847310294502544
670573866376512619;2021-10;0.0037527966164404127
670573866376512619;2021-10;0.004051485527274674
4831939798545673038;2021-10;0.015975420640998557
1219954496802643881;2021-10;0.1848607514638753
8680213253228719510;2021-10;0.005963352126664993
8680213253228719510;2021-10;0.00546743162153042
2785178201607654410;2021-10;0.012316279210105242
4997308257850209705;2021-10;0.0035540428598371415
5986344948775572227;2021-10;0.30733925522356786
4723919748432185874;2021-10;0.0005349750721106277
4723919748432185874;2021-10;0.0005201126054664914
4723919748432185874;2021-10;0.0005035876710333523
6080407793834027692;2021-10;0.0010884924891867806
922040072471333951;2021-10;0.21940910765999053
6598561842700412652;2021-10;0.5500079298316777
1874387298050692165;2021-10;0.001661376963875388
8991419601067014006;2021-10;0.0012165721401791445
1748142500108801439;2021-10;0.006154559908171371
1311488706225587300;2021-10;0.06813831391403145
3275327267689584006;2021-10;0.2601214601493755
3275327267689584006;2021-10;0.33096562753567266
2208316821038817776;2021-10;0.0712688828179568
1963239178085807816;2021-10;0.0009435680804924606
2467590416042313927;2021-10;0.0011682350170118213
345033315379741874;2021-10;0.004585393111897278
4237135112070444140;2021-10;0.007396269196430044
8222831719332844924;2021-10;0.006377543641658068
8278233100278581012;2021-10;0.017377507434796567
8480109508191086169;2021-10;0.0006526748509060937
8480109508191086169;2021-10;0.0006996657549300506
3536704882799524586;2021-10;0.005788311849833522
8398000036517692656;2021-10;0.03649895108521786
2003221759676247813;2021-10;0.00039734110883081806
2322847438374159400;2021-10;0.0005003939157095464
866011924076225884;2021-10;0.0017461146417516963
4570863207041489270;2021-10;0.061333144953937685
2439954154030259398;2021-10;0.0012959871535966631
2439954154030259398;2021-10;0.0012959871535966631
4104959289203999917;2021-10;0.0014701063948496425
5499433941404698208;2021-10;0.006562999318807017
271068078606473697;2021-10;0.0010338209721664018
8706851346184249504;2021-10;0.0009434608478949687
1423952977138155129;2021-10;0.0009147179580942583
3906045000005838812;2021-10;0.2708490006906229
4225765667813563302;2021-10;0.024732801747091786
8737605759444448951;2021-10;0.01034843265780225
8915958534285799867;2021-10;0.24727372593783925
8013668117699219722;2021-10;0.01837987276118814
3979129042322937623;2021-10;0.05159499403639436
4900073965147412482;2021-10;0.0004676712734935871
2179772649873197365;2021-10;0.10603832823369572
6053752047545474051;2021-10;0.0030176742350785987
6053752047545474051;2021-10;0.0032513613044508824
6053752047545474051;2021-10;0.002956454967857916
6053752047545474051;2021-10;0.002656839935281853
6053752047545474051;2021-10;0.0029892899542760983
6053752047545474051;2021-10;0.0033578439848772706
6053752047545474051;2021-11;0.0016959764049470254
6053752047545474051;2021-11;0.0016959764049470254
6053752047545474051;2021-11;0.0029784975913330573
6053752047545474051;2021-11;0.0014802477485602067
6053752047545474051;2021-11;0.0016959764049470254
6053752047545474051;2021-11;0.001503281172245064
6053752047545474051;2021-11;0.10198171500805277
6053752047545474051;2021-11;0.0014802477485602067
2772135008486239291;2021-10;0.008794259918697657
2772135008486239291;2021-10;0.008794259918697657
7031913170099381454;2021-10;0.12456346902114018
7031913170099381454;2021-11;0.09706668097488763
5373371196946859811;2021-10;0.018555150617044977
5373371196946859811;2021-10;0.01945061492705897
5373371196946859811;2021-11;0.009492674568661923
5373371196946859811;2021-11;0.012370454035158239
5373371196946859811;2021-11;0.009892388039136592
2201150681962815877;2021-10;0.0015801565644400556
2201150681962815877;2021-10;0.0018356426961937497
2201150681962815877;2021-10;0.004350645979903974
2201150681962815877;2021-11;0.05841005767120389
2201150681962815877;2021-11;0.0017578687546761689
2201150681962815877;2021-11;0.0019143934509496337
4717717003637613480;2021-10;0.0008910072013939853
4717717003637613480;2021-11;0.0013902256600417087
4717717003637613480;2021-11;0.0015427359752714824
7692330898726665144;2021-10;0.0009602180627292309
7692330898726665144;2021-10;0.000955578896616681
7692330898726665144;2021-10;0.0005532668795602917
7692330898726665144;2021-10;0.0005569573518737647
7692330898726665144;2021-11;0.0006564599761568093
7692330898726665144;2021-11;0.0006387414055964245
7692330898726665144;2021-11;0.0010738589494117075
7692330898726665144;2021-11;0.0007259644919655447
4327694790333781288;2021-10;0.00024102901697742465
4327694790333781288;2021-10;0.0001084611768327117
4327694790333781288;2021-10;0.00010283249045349658
4327694790333781288;2021-11;0.0001664013113516077
4327694790333781288;2021-11;8.444277769747805e-05
7930644815080409701;2021-10;0.0035483433273883593
5029701292539093910;2021-10;0.009815080033732045
5029701292539093910;2021-11;0.027637102245679942
5029701292539093910;2021-11;0.008895654203489596
5029701292539093910;2021-11;0.009102951811059364
6784879562354696650;2021-10;0.005008330845799195
6784879562354696650;2021-10;0.005008330845799195
6784879562354696650;2021-11;0.003555076557016275
6784879562354696650;2021-11;0.003536707559710326
1958660709350677213;2021-10;0.09444729446131468
1958660709350677213;2021-10;0.11864209372624043
1958660709350677213;2021-11;0.1344871552721575
7613717984547031729;2021-10;0.0004979995345287639
7613717984547031729;2021-10;0.0007108932370395391
7613717984547031729;2021-10;0.0007108932370395391
7613717984547031729;2021-10;0.00045632629239858186
7613717984547031729;2021-11;0.0005160904974308377
7613717984547031729;2021-11;0.0007783428172859177
7613717984547031729;2021-11;0.0016925616778832259
7613717984547031729;2021-11;0.012373372567473628
7613717984547031729;2021-11;0.0004889892584719773
7613717984547031729;2021-11;0.0005051881614931844
5897410907783139228;2021-10;0.0012081838197266844
5897410907783139228;2021-10;0.0012081838197266844
5897410907783139228;2021-10;0.0009726062187729963
5897410907783139228;2021-11;0.0007384152731519571
5897410907783139228;2021-11;0.06525940205649217
5897410907783139228;2021-11;0.0007263426428008448
5897410907783139228;2021-11;0.0008956723667049147
6715993871935527857;2021-10;0.6973777701441065
5176940320835464459;2021-10;0.0007344237762028175
5176940320835464459;2021-10;0.0006872416454600514
5176940320835464459;2021-10;0.0006526252631370021
5176940320835464459;2021-10;0.000713768017482524
5176940320835464459;2021-10;0.0006676521296833112
5176940320835464459;2021-10;0.0007344237762028175
5176940320835464459;2021-10;0.001116337956244812
5176940320835464459;2021-10;0.0010134654002059097
5176940320835464459;2021-10;0.0010375115953300971
5176940320835464459;2021-10;0.0009170966453346741
5176940320835464459;2021-10;0.0006872416454600514
5176940320835464459;2021-11;0.0007882621783068841
5176940320835464459;2021-11;0.0007701122166502063
5176940320835464459;2021-11;0.00118866461938471
5176940320835464459;2021-11;0.0007034397419467419
5176940320835464459;2021-11;0.0007701122166502063
5176940320835464459;2021-11;0.0008570777082609688
5176940320835464459;2021-11;0.0007701122166502063
5176940320835464459;2021-11;0.000883196183036401
5176940320835464459;2021-11;0.0007701122166502063
5176940320835464459;2021-11;0.0010507251041535852
5176940320835464459;2021-11;0.0007665417901480454
5176940320835464459;2021-11;0.0008570777082609688
2128970218770090704;2021-10;0.001531966955198993
2128970218770090704;2021-10;0.001531966955198993
2128970218770090704;2021-10;0.0015331004149716524
1156053485989336481;2021-10;0.05621220203015624
1156053485989336481;2021-10;0.022639978347128477
1156053485989336481;2021-10;0.022639978347128477
1156053485989336481;2021-10;0.022639978347128477
1156053485989336481;2021-10;0.022639978347128477
1156053485989336481;2021-10;0.02310136720780781
1156053485989336481;2021-10;0.05621220203015624
1156053485989336481;2021-10;0.02280138045189061
1156053485989336481;2021-10;0.022639978347128477
1156053485989336481;2021-10;0.022639978347128477
1156053485989336481;2021-10;0.05621220203015624
1156053485989336481;2021-10;0.022639978347128477
1156053485989336481;2021-10;0.022639978347128477
1156053485989336481;2021-10;0.022639978347128477
1156053485989336481;2021-10;0.10067350106154432
1156053485989336481;2021-10;0.05621220203015624
1156053485989336481;2021-10;0.02310136720780781
1156053485989336481;2021-10;0.05621220203015624
1156053485989336481;2021-10;0.022639978347128477
1156053485989336481;2021-10;0.05621220203015624
1156053485989336481;2021-10;0.02450521889371589
1156053485989336481;2021-10;0.02310136720780781
1156053485989336481;2021-11;0.02050184878700018
1156053485989336481;2021-11;0.02050184878700018
1156053485989336481;2021-11;0.018967510312244442
1156053485989336481;2021-11;0.02050184878700018
1156053485989336481;2021-11;0.02360878026661869
1156053485989336481;2021-11;0.02360878026661869
1156053485989336481;2021-11;0.02360878026661869
1156053485989336481;2021-11;0.02360878026661869
1156053485989336481;2021-11;0.02050184878700018
1156053485989336481;2021-11;0.02050184878700018
1156053485989336481;2021-11;0.02050184878700018
1156053485989336481;2021-11;0.02050184878700018
1156053485989336481;2021-11;0.02050184878700018
1156053485989336481;2021-11;0.01978752675989103
1156053485989336481;2021-11;0.21225083438941336
1156053485989336481;2021-11;0.02050184878700018
1156053485989336481;2021-11;0.02050184878700018
1156053485989336481;2021-11;0.02050184878700018
1156053485989336481;2021-11;0.02050184878700018
1156053485989336481;2021-11;0.018504097248573267
1156053485989336481;2021-11;0.02050184878700018
1156053485989336481;2021-11;0.02360878026661869
1156053485989336481;2021-11;0.02360878026661869
1156053485989336481;2021-11;0.02360878026661869
1156053485989336481;2021-11;0.02050184878700018
3118152790263512426;2021-10;0.0012806233847165041
3118152790263512426;2021-10;0.0015868734743159194
3118152790263512426;2021-10;0.001285513859832765
3118152790263512426;2021-10;0.0012962743730102729
3118152790263512426;2021-11;0.002670441385208246
3118152790263512426;2021-11;0.0014611080353556774
3118152790263512426;2021-11;0.0014611080353556774
3118152790263512426;2021-11;0.0014611080353556774
2333404192508932057;2021-10;0.004081468602059259
2333404192508932057;2021-10;0.0032772458409068305
2333404192508932057;2021-10;0.004081468602059259
2333404192508932057;2021-11;0.0036820600422260096
5761480994209806499;2021-10;0.00013701024321305754
5761480994209806499;2021-10;0.00015052267234297797
5761480994209806499;2021-10;0.00013634322816008076
5761480994209806499;2021-10;0.00013746562064534
5761480994209806499;2021-10;0.0004435179804155091
5761480994209806499;2021-10;0.00014246429151884124
5761480994209806499;2021-10;0.00015052267234297797
5761480994209806499;2021-10;0.0003053936815175523
5761480994209806499;2021-10;0.00013746562064534
5761480994209806499;2021-10;0.00013713249672949777
5761480994209806499;2021-10;0.00031387521355296196
5761480994209806499;2021-10;0.0002673663790747526
5761480994209806499;2021-10;0.00023448879390994937
5761480994209806499;2021-10;0.00024816578575387126
5761480994209806499;2021-10;0.0001669174037666309
5761480994209806499;2021-11;0.00013118963747326423
5761480994209806499;2021-11;0.00023311199095373214
5761480994209806499;2021-11;0.0001228565945657991
5761480994209806499;2021-11;0.00013118963747326423
5761480994209806499;2021-11;0.00013305130120838218
5761480994209806499;2021-11;0.00013118963747326423
5761480994209806499;2021-11;0.00012738476142511932
5761480994209806499;2021-11;0.00013305130120838218
5761480994209806499;2021-11;0.0001363504360693872
5761480994209806499;2021-11;0.0001358073796079944
5761480994209806499;2021-11;0.00013118963747326423
5761480994209806499;2021-11;0.00012738476142511932
5761480994209806499;2021-11;0.00012232736739237245
5761480994209806499;2021-11;0.0001358073796079944
5761480994209806499;2021-11;0.00013118963747326423
5761480994209806499;2021-11;0.00013118963747326423
5761480994209806499;2021-11;0.00012300845987242717
984915269987074754;2021-10;0.0003325351316926706
984915269987074754;2021-10;0.0004061930856805942
984915269987074754;2021-10;0.0003366030759539832
984915269987074754;2021-10;0.0003366030759539832
984915269987074754;2021-11;0.004016985130653269
8698916565946744099;2021-10;0.2937911903527166
8015571584405428572;2021-10;0.003998906422826037
8015571584405428572;2021-11;0.0026329635370847338
8529899700094903171;2021-10;0.0057481797779305845
8529899700094903171;2021-10;0.00599790190511115
8529899700094903171;2021-10;0.0057481797779305845
8529899700094903171;2021-10;0.0057481797779305845
8529899700094903171;2021-10;0.004825168601815046
8529899700094903171;2021-10;0.0057481797779305845
8529899700094903171;2021-10;0.005627372623042826
8529899700094903171;2021-10;0.0057481797779305845
8529899700094903171;2021-10;0.005627372623042826
8529899700094903171;2021-11;0.004838970459553254
8529899700094903171;2021-11;0.004737180743193024
8529899700094903171;2021-11;0.004737180743193024
8529899700094903171;2021-11;0.004737180743193024
8529899700094903171;2021-11;0.004041148618875635
8529899700094903171;2021-11;0.004737180743193024
8529899700094903171;2021-11;0.004041148618875635
8529899700094903171;2021-11;0.004737180743193024
8529899700094903171;2021-11;0.004737180743193024
8529899700094903171;2021-11;0.004737180743193024
8529899700094903171;2021-11;0.004737180743193024
2119292203323657032;2021-10;0.002082376578350493
2119292203323657032;2021-10;0.002639496328665873
5462970244186515758;2021-10;0.0002912839047289874
5462970244186515758;2021-10;0.0006146127370549755
5462970244186515758;2021-10;0.00029484736636005725
5462970244186515758;2021-10;0.00029328042846384636
5462970244186515758;2021-10;0.0003047850029711213
5462970244186515758;2021-10;0.0005426464274940111
5462970244186515758;2021-10;0.0006221292247959895
5462970244186515758;2021-11;0.00042527570747677597
5462970244186515758;2021-11;0.008382491138800543
5462970244186515758;2021-11;0.0003014707029638661
5462970244186515758;2021-11;0.0004590630055743731
5462970244186515758;2021-11;0.0004212511683272859
6964108750473070287;2021-10;0.0015106326070785311
6964108750473070287;2021-10;0.0015106326070785311
6964108750473070287;2021-10;0.0015106326070785311
6964108750473070287;2021-10;0.0015106326070785311
6964108750473070287;2021-10;0.0015106326070785311
6964108750473070287;2021-10;0.0015106326070785311
6964108750473070287;2021-10;0.0015106326070785311
6964108750473070287;2021-10;0.0015106326070785311
6964108750473070287;2021-10;0.0015106326070785311
6964108750473070287;2021-10;0.001619375706062006
6964108750473070287;2021-10;0.0011384078653318475
6964108750473070287;2021-10;0.0011384078653318475
6964108750473070287;2021-11;0.0016026579607635216
6964108750473070287;2021-11;0.0014592187882988788
6964108750473070287;2021-11;0.0017411046030747228
6964108750473070287;2021-11;0.0014592187882988788
6964108750473070287;2021-11;0.0016026579607635216
6964108750473070287;2021-11;0.001325824375080746
6964108750473070287;2021-11;0.001325824375080746
6964108750473070287;2021-11;0.0014592187882988788
6964108750473070287;2021-11;0.001325824375080746
6964108750473070287;2021-11;0.0016026579607635216
6964108750473070287;2021-11;0.0014592187882988788
6964108750473070287;2021-11;0.0016026579607635216
6964108750473070287;2021-11;0.0014592187882988788
6964108750473070287;2021-11;0.0016026579607635216
6964108750473070287;2021-11;0.0016026579607635216
6964108750473070287;2021-11;0.0016026579607635216
6964108750473070287;2021-11;0.0014592187882988788
6964108750473070287;2021-11;0.0016026579607635216
6964108750473070287;2021-11;0.0014592187882988788
6828316696355015040;2021-10;0.002115745014716633
7206599058451025691;2021-10;0.0017336875235302747
682352428813668634;2021-10;0.004126714831718475
682352428813668634;2021-10;0.0033023945038463463
682352428813668634;2021-10;0.004536686320776842
682352428813668634;2021-10;0.013220122538946687
682352428813668634;2021-10;0.008451078847826185
682352428813668634;2021-11;0.003303622100314038
682352428813668634;2021-11;0.003303622100314038
682352428813668634;2021-11;0.00412824758293714
682352428813668634;2021-11;0.003303622100314038
682352428813668634;2021-11;0.00412824758293714
682352428813668634;2021-11;0.009880173477438444
682352428813668634;2021-11;0.00412824758293714
3829967475074118757;2021-10;0.35125152459089426
3829967475074118757;2021-10;0.43363346967020994
3829967475074118757;2021-10;0.4428914612412139
3829967475074118757;2021-11;0.38596264879130154
2726314736140152277;2021-10;0.8241385678255354
2726314736140152277;2021-10;0.8241385678255354
459290606780222306;2021-10;0.0005256431107439855
459290606780222306;2021-10;0.0003002143650972251
459290606780222306;2021-10;0.00042684385957097656
459290606780222306;2021-10;0.0005256431107439855
459290606780222306;2021-10;0.0004607938438372336
459290606780222306;2021-10;0.0002820848225438226
459290606780222306;2021-11;0.0002479397789554293
459290606780222306;2021-11;0.000267298409643381
459290606780222306;2021-11;0.00042684385957097656
459290606780222306;2021-11;0.0005256431107439855
459290606780222306;2021-11;0.00023772927489908359
7141263195360679278;2021-10;0.04111279418263959
7141263195360679278;2021-10;0.0452704638301201
7141263195360679278;2021-10;0.03878907445723833
7141263195360679278;2021-10;0.03346624754532159
7141263195360679278;2021-10;0.037582480668144194
7141263195360679278;2021-10;0.03984805750583387
7141263195360679278;2021-11;0.03208758823173042
7141263195360679278;2021-11;0.03208758823173042
7141263195360679278;2021-11;0.03208758823173042
7141263195360679278;2021-11;0.03404587861728388
7910340581026492945;2021-10;0.0032976067277359113
7910340581026492945;2021-10;0.0013208726630440958
7910340581026492945;2021-10;0.0022846797069058992
7910340581026492945;2021-10;0.0012628032701911182
7910340581026492945;2021-10;0.003631557474964822
7910340581026492945;2021-11;0.0013803028821515757
7910340581026492945;2021-11;0.001443767626613451
3690886209682028027;2021-10;0.005058298814798513
3690886209682028027;2021-10;0.005058298814798513
3690886209682028027;2021-11;0.0038741288118249
1579681122696922043;2021-10;0.014053479336426158
5057726374207815794;2021-10;0.003663632730437364
1661240395903230676;2021-10;0.06621649711605478
1661240395903230676;2021-11;0.061776386051693305
1661240395903230676;2021-11;0.07524242926742289
1661240395903230676;2021-11;0.06772267299291365
1661240395903230676;2021-11;0.07524242926742289
1661240395903230676;2021-11;0.06772267299291365
8079157452200263869;2021-10;0.38905701893682737
1253437108265925705;2021-10;0.0005517148686801487
1253437108265925705;2021-10;0.0004884517151041376
1253437108265925705;2021-10;0.000621678028299947
1253437108265925705;2021-10;0.0006508611361028776
1253437108265925705;2021-11;0.0005532537043494664
1253437108265925705;2021-11;0.0005369586398777573
4874157215501489741;2021-10;0.0015249343791901382
4874157215501489741;2021-10;0.0038249753722295688
4874157215501489741;2021-10;0.001316387985259341
4874157215501489741;2021-10;0.0012873468916546307
4874157215501489741;2021-10;0.0012873468916546307
4874157215501489741;2021-11;0.0010400026203510326
4874157215501489741;2021-11;0.0012873468916546307
3511416927745338332;2021-10;0.0005976418650065388
3511416927745338332;2021-10;0.0004299957248280317
3511416927745338332;2021-11;0.0007610871179926303
2773493808492482979;2021-10;0.000554563702014717
2773493808492482979;2021-10;0.00041881772626881076
7451017400765373278;2021-10;0.0004413285833639021
7451017400765373278;2021-10;0.00025132797580457357
7451017400765373278;2021-10;0.0002557625792179211
7451017400765373278;2021-11;0.0002416126631409048
7451017400765373278;2021-11;0.0002170550902108643
7451017400765373278;2021-11;0.0002089267338275647
3979129042322937623;2021-10;0.051212785333954396
3979129042322937623;2021-10;0.05042192866681208
3979129042322937623;2021-10;0.052557437475130496
170089315547146305;2021-10;0.02318480662278178
170089315547146305;2021-10;0.01708429051189366
170089315547146305;2021-10;0.026726268906065855
170089315547146305;2021-11;0.018957045777805687
170089315547146305;2021-11;0.025685032356658876
170089315547146305;2021-11;0.01395307151093781
7325545718770538459;2021-10;0.00031618723758622657
7325545718770538459;2021-10;0.00031618723758622657
7325545718770538459;2021-10;0.00031618723758622657
7325545718770538459;2021-10;0.0012386195959049333
7325545718770538459;2021-10;0.0012386195959049333
7325545718770538459;2021-11;0.0008446231007643921
7325545718770538459;2021-11;0.0009454979520995627
7325545718770538459;2021-11;0.001256485290972322
7325545718770538459;2021-11;0.0008446231007643921
7325545718770538459;2021-11;0.0008446231007643921
7325545718770538459;2021-11;0.0007797794644579705
7325545718770538459;2021-11;0.0008446231007643921
4972567100282306577;2021-10;0.002461466641581185
4972567100282306577;2021-10;0.0022096786283391547
4972567100282306577;2021-10;0.002461466641581185
4972567100282306577;2021-10;0.002461466641581185
4972567100282306577;2021-11;0.004386299588580491
4972567100282306577;2021-11;0.004137223866316202
175003104385133396;2021-10;0.001177896053271459
175003104385133396;2021-11;0.0007145802128120218
7398738404146260251;2021-10;0.0003465048664504105
7398738404146260251;2021-11;0.007534743405288415
2658946240987854807;2021-10;0.0006909131709948039
2658946240987854807;2021-11;0.000604886943059344
2658946240987854807;2021-11;0.00114544924135672
2658946240987854807;2021-11;0.000604886943059344
2658946240987854807;2021-11;0.0006425326186838657
326257359176916767;2021-10;0.00020740684298548568
8785648114090695180;2021-10;0.002519166500458369
8785648114090695180;2021-11;0.0034970036693040846
8785648114090695180;2021-11;0.002156372694885136
8784237149961904;2021-10;0.0012278513000963138
8784237149961904;2021-10;0.001029160026258728
8784237149961904;2021-10;0.0009389239701186865
8784237149961904;2021-10;0.0009389239701186865
8784237149961904;2021-11;0.0010238946933255181
8784237149961904;2021-11;0.001274660052211706
8784237149961904;2021-11;0.0010238946933255181
8784237149961904;2021-11;0.0010059137001519032
6759864637454708017;2021-10;0.005185861022858794
6759864637454708017;2021-10;0.005890758896254791
6759864637454708017;2021-10;0.005185861022858794
6759864637454708017;2021-10;0.005375242985362189
6759864637454708017;2021-10;0.005185861022858794
6759864637454708017;2021-11;0.005172727319623196
6759864637454708017;2021-11;0.005172727319623196
5694881483989656694;2021-10;0.004470535660520621
5694881483989656694;2021-10;0.004470535660520621
5694881483989656694;2021-11;0.0005041243830166751
5694881483989656694;2021-11;0.00043806366082704265
209314261782935157;2021-10;0.5890738663839928
2759416556905651870;2021-10;0.4219343430415874
2759416556905651870;2021-11;0.5560712823191816
2022367282554149730;2021-10;0.0010984669186148172
2022367282554149730;2021-10;0.0011801665002630973
2022367282554149730;2021-10;0.0010984669186148172
2022367282554149730;2021-10;0.0008607749923406233
2022367282554149730;2021-10;0.0010984669186148172
2022367282554149730;2021-11;0.0009051038297050927
2022367282554149730;2021-11;0.0009051038297050927
2022367282554149730;2021-11;0.000945092291801704
2022367282554149730;2021-11;0.0009051038297050927
2022367282554149730;2021-11;0.0009051038297050927
2022367282554149730;2021-11;0.0009051038297050927
8173830874846355280;2021-10;0.0003306152968165149
8173830874846355280;2021-10;0.0003749424659019318
8173830874846355280;2021-10;0.0003306152968165149
8173830874846355280;2021-10;0.0003306152968165149
8173830874846355280;2021-10;0.0003456526020218369
8173830874846355280;2021-10;0.0003306152968165149
8173830874846355280;2021-10;0.0003306152968165149
8173830874846355280;2021-10;0.0003306152968165149
8173830874846355280;2021-10;0.0003456526020218369
8173830874846355280;2021-10;0.00035063600155129884
8173830874846355280;2021-11;0.00030872312242844494
8173830874846355280;2021-11;0.000364731428911862
8173830874846355280;2021-11;0.00030872312242844494
8173830874846355280;2021-11;0.0066958129963619155
8173830874846355280;2021-11;0.000297812588824545
8173830874846355280;2021-11;0.000485473472374079
8173830874846355280;2021-11;0.0003562258623239342
8173830874846355280;2021-11;0.00031533466549159023
8173830874846355280;2021-11;0.00030450331425981215
8173830874846355280;2021-11;0.000597217131709326
8173830874846355280;2021-11;0.0003049238534031031
8173830874846355280;2021-11;0.0003015232801344325
8173830874846355280;2021-11;0.00029221793428673207
8173830874846355280;2021-11;0.0002991956478903788
8173830874846355280;2021-11;0.0002811768636876985
8173830874846355280;2021-11;0.00031533466549159023
3382624494518753363;2021-10;0.2633806637408308
3382624494518753363;2021-10;0.2244314477210853
3382624494518753363;2021-11;0.28690366844554677
3382624494518753363;2021-11;0.2935215685362476
3382624494518753363;2021-11;0.27065636973304125
2123312420728961012;2021-10;0.0043738635087699675
2123312420728961012;2021-10;0.0037426100721933636
2123312420728961012;2021-10;0.00433781855390796
5082813456193598086;2021-10;0.0006017955398295842
5082813456193598086;2021-10;0.0008598855946621384
5082813456193598086;2021-10;0.0008598855946621384
3279078057358159966;2021-10;0.013141460566760032
4334472256949955221;2021-10;0.001047766903496318
4334472256949955221;2021-10;0.001150889655839402
4334472256949955221;2021-10;0.0008305135584973265
4334472256949955221;2021-10;0.0010653401210511987
4334472256949955221;2021-11;0.01794442491570361
4334472256949955221;2021-11;0.001507624722325797
4347826483121154490;2021-10;0.0006466246848250024
4347826483121154490;2021-10;0.00095020835699668
4347826483121154490;2021-10;0.0008343855454851721
4347826483121154490;2021-10;0.0006466246848250024
4347826483121154490;2021-11;0.0006994873382947689
4347826483121154490;2021-11;0.0005905255159099438
4347826483121154490;2021-11;0.0006177893372932478
4347826483121154490;2021-11;0.0005905255159099438
4347826483121154490;2021-11;0.0006994873382947689
819552547620904652;2021-10;0.10779824393565805
819552547620904652;2021-10;0.09497020965766646
819552547620904652;2021-10;0.10779824393565805
819552547620904652;2021-10;0.09497020965766646
819552547620904652;2021-11;0.10398952740069657
8596605705893456305;2021-10;0.5905279705134271
8596605705893456305;2021-10;0.5671408297306231
8596605705893456305;2021-10;0.7296168045808229
8596605705893456305;2021-11;0.5419750906405404
8596605705893456305;2021-11;0.19310924710608357
8919892162361650175;2021-10;0.06354592070955475
8919892162361650175;2021-10;0.06292061758993263
8919892162361650175;2021-10;0.06658054170586862
8919892162361650175;2021-11;0.056625244214313294
8919892162361650175;2021-11;0.056625244214313294
2033394215069562776;2021-10;0.01734947489541272
2033394215069562776;2021-10;0.033985192589417845
2033394215069562776;2021-11;0.007481219018796958
2033394215069562776;2021-11;0.007481219018796958
2033394215069562776;2021-11;0.0038317347762173897
1069093308328204542;2021-10;0.0011230210333882413
1069093308328204542;2021-10;0.0015559252155211724
3941676647656952109;2021-10;0.41886086135043143
3941676647656952109;2021-10;0.41886086135043143
3941676647656952109;2021-11;0.19531883409010561
3941676647656952109;2021-11;0.1821797260961854
3941676647656952109;2021-11;0.15144118688316366
2451708306555441014;2021-10;0.003420842596173728
2451708306555441014;2021-11;0.004763579309844945
3812760626052898456;2021-10;0.0006209740675451371
3812760626052898456;2021-11;0.0007425608901946064
1366416810235233769;2021-10;0.000419690436681014
1366416810235233769;2021-10;0.0014232939870097816
1366416810235233769;2021-10;0.0005144355898654968
1366416810235233769;2021-11;0.01120003314056181
1366416810235233769;2021-11;0.0005630749812328951
2302464746243069589;2021-10;0.0005083105115156528
2302464746243069589;2021-10;0.0006167296073055772
2302464746243069589;2021-11;0.0005217339371748793
4850722092974676955;2021-10;0.0024126589872614183
6367769402148499693;2021-10;0.001641037229815833
6367769402148499693;2021-10;0.001641037229815833
6367769402148499693;2021-11;0.0006889016871103299
4935929591787890253;2021-10;0.0009878270661758154
4935929591787890253;2021-10;0.0009463576010973898
4935929591787890253;2021-11;0.0006197803683255637
4935929591787890253;2021-11;0.0006197803683255637
314309872114206760;2021-10;0.03065041380103178
5369576709077493659;2021-10;0.005811891597486099
5369576709077493659;2021-10;0.06256299794860481
5369576709077493659;2021-11;0.17818710940546878
5369576709077493659;2021-11;0.06815073753348426
5369576709077493659;2021-11;0.0825169962316763
5810778736737569699;2021-10;0.0457560990765701
5810778736737569699;2021-10;0.0457560990765701
5810778736737569699;2021-11;0.017841497268306583
5810778736737569699;2021-11;0.017333581466587776
1088521227159442264;2021-10;0.01617093031181238
1088521227159442264;2021-10;0.012720855802009287
1088521227159442264;2021-10;0.017297213593678796
1088521227159442264;2021-10;0.012352780310990037
1088521227159442264;2021-11;0.010407516444922204
1088521227159442264;2021-11;0.013441807519731952
1088521227159442264;2021-11;0.11077294086475205
1088521227159442264;2021-11;0.010407516444922204
6518776090651183119;2021-10;0.3578624459815004
1551531256789550891;2021-10;0.0003609692230302226
1551531256789550891;2021-10;0.0007844460461690104
1551531256789550891;2021-11;0.0005634288520274059
2083323809219952960;2021-10;0.0018407201029228197
2083323809219952960;2021-10;0.001309853518354403
2083323809219952960;2021-10;0.0018407201029228197
2083323809219952960;2021-10;0.0018407201029228197
2083323809219952960;2021-11;0.001030453372005266
2083323809219952960;2021-11;0.001030453372005266
2083323809219952960;2021-11;0.0011712676643745492
2083323809219952960;2021-11;0.001029938670128656
1292049196559782171;2021-10;0.000874425111846723
1292049196559782171;2021-10;0.0010678559250019168
1292049196559782171;2021-10;0.0009695160466450324
1292049196559782171;2021-10;0.0010678559250019168
1292049196559782171;2021-10;0.001099121820795995
1292049196559782171;2021-10;0.002099031524497875
1292049196559782171;2021-11;0.0011306819148091721
1292049196559782171;2021-11;0.0011306819148091721
1292049196559782171;2021-11;0.0010265622764108267
1292049196559782171;2021-11;0.0011306819148091721
1292049196559782171;2021-11;0.0011306819148091721
3591324331706630867;2021-10;0.014820767152645124
3591324331706630867;2021-10;0.01627762542509563
3591324331706630867;2021-11;0.007289901628773521
2382123267535341265;2021-10;0.0040796924247962895
8609938720215175911;2021-10;0.0036760569786216356
8609938720215175911;2021-10;0.0047159579446239865
8609938720215175911;2021-10;0.003537760145349634
8609938720215175911;2021-10;0.013803286525772332
8609938720215175911;2021-11;0.0035029109295982444
8609938720215175911;2021-11;0.010238650524479285
8609938720215175911;2021-11;0.004325115402449351
8609938720215175911;2021-11;0.06605126432103924
8609938720215175911;2021-11;0.0033055012547729677
2808145376905474927;2021-10;0.007831785319208208
2808145376905474927;2021-11;0.008689702830885835
2808145376905474927;2021-11;0.008997556646415692
7750874287225529604;2021-10;0.004700163607574825
7750874287225529604;2021-10;0.010959850376715484
7750874287225529604;2021-10;0.009787016474075599
7750874287225529604;2021-11;0.003832312992233636
7750874287225529604;2021-11;0.0037897566574704765
6969348581033924947;2021-10;0.0020976522697071223
6969348581033924947;2021-10;0.0023397446284830095
6969348581033924947;2021-10;0.0023397446284830095
6969348581033924947;2021-10;0.0020439464752594915
6969348581033924947;2021-10;0.002115321989028055
6969348581033924947;2021-11;0.0023625399195281505
6969348581033924947;2021-11;0.002167033788653619
6969348581033924947;2021-11;0.0023625399195281505
6969348581033924947;2021-11;0.002325901642992752
6969348581033924947;2021-11;0.002167033788653619
5931905128207886847;2021-10;0.026598039365212257
8252215766413781202;2021-10;0.0023251370493535804
2645324649046215594;2021-10;0.0006408690357045552
2645324649046215594;2021-10;0.0006949853995402271
2645324649046215594;2021-10;0.0006778097386063582
2645324649046215594;2021-10;0.000664383718708152
2645324649046215594;2021-11;0.0006763783432089975
2645324649046215594;2021-11;0.0007022057082315148
2645324649046215594;2021-11;0.000768085681018517
2645324649046215594;2021-11;0.0006808904286721431
2645324649046215594;2021-11;0.000768085681018517
6916556752218696485;2021-10;0.0003974842170293115
6916556752218696485;2021-10;0.0004664410211296102
6916556752218696485;2021-10;0.0004664410211296102
6916556752218696485;2021-10;0.0004664410211296102
6916556752218696485;2021-10;0.00041942166798051195
6916556752218696485;2021-10;0.0003900095141269775
6916556752218696485;2021-10;0.000610643071650677
6916556752218696485;2021-10;0.0007387129896005717
6916556752218696485;2021-10;0.00039782594380114713
6916556752218696485;2021-10;0.00041527674494524033
6916556752218696485;2021-11;0.2563493365353883
6916556752218696485;2021-11;0.0004896264702060236
6916556752218696485;2021-11;0.00041112781260689205
6916556752218696485;2021-11;0.00039832657237164043
6916556752218696485;2021-11;0.0004496841236137056
6916556752218696485;2021-11;0.0005220369644941429
6916556752218696485;2021-11;0.000438431337119002
6916556752218696485;2021-11;0.00040950330044407194
4210463673385510745;2021-10;0.015781022586620168
4210463673385510745;2021-10;0.049705099993212584
4210463673385510745;2021-11;0.9000934832581936
4210463673385510745;2021-11;0.012769488416970365
4210463673385510745;2021-11;0.017180501797087733
4679462479444735708;2021-10;0.003145609316233645
4679462479444735708;2021-10;0.22751999545295357
4679462479444735708;2021-10;0.00307458535015098
4679462479444735708;2021-11;0.0010892240250618915
4679462479444735708;2021-11;0.0019729554021289657
4237135112070444140;2021-10;0.0075677102224372805
4237135112070444140;2021-10;0.0075677102224372805
4237135112070444140;2021-11;0.012331646516476547
7177785309735471560;2021-10;0.0004198443413830239
7177785309735471560;2021-10;0.0005498957144821325
7177785309735471560;2021-10;0.0009101062009887239
7177785309735471560;2021-10;0.0006729064211873627
7177785309735471560;2021-11;0.00048188645076372664
7177785309735471560;2021-11;0.000484236059374098
7177785309735471560;2021-11;0.00044189943424690655
1097345589386012260;2021-10;0.00029692366119629047
1097345589386012260;2021-10;0.00029692366119629047
1097345589386012260;2021-11;0.00044143017190247173
1097345589386012260;2021-11;0.0004907960272172522
8385636129786687263;2021-10;0.005254022513318401
8385636129786687263;2021-10;0.005254022513318401
8385636129786687263;2021-11;0.005671859163094692
873223039957991123;2021-10;0.0007867447767876077
8313765100460016738;2021-10;0.47461425695946596
8313765100460016738;2021-10;0.3644689902431363
8313765100460016738;2021-10;0.7426241935362744
8313765100460016738;2021-10;0.37131618459099336
8313765100460016738;2021-11;0.4458080571991806
8163895533020293251;2021-10;0.595515866807742
8163895533020293251;2021-10;0.7133074356843933
8163895533020293251;2021-11;0.45328412915693567
8163895533020293251;2021-11;0.4987786542614987
7930925883736021864;2021-10;0.00036182513201371737
7930925883736021864;2021-10;0.0001896701688036057
7930925883736021864;2021-10;0.00019511983056234606
7930925883736021864;2021-10;0.0001896701688036057
7930925883736021864;2021-10;0.00019676552303056222
7930925883736021864;2021-10;0.0002070946089891809
7930925883736021864;2021-10;0.0002070946089891809
7930925883736021864;2021-10;0.00024144605642592346
7930925883736021864;2021-10;0.00018714507787016645
7930925883736021864;2021-11;0.0034492150760860028
7930925883736021864;2021-11;0.00014027549147301954
7930925883736021864;2021-11;0.00010907745842659986
7930925883736021864;2021-11;0.00014027549147301954
7930925883736021864;2021-11;0.000118749879590071
7930925883736021864;2021-11;0.00041206143916981984
7930925883736021864;2021-11;0.00012911123765993438
7930925883736021864;2021-11;0.00014027549147301954
7930925883736021864;2021-11;0.00041206143916981984
5577659616907513811;2021-10;0.4297204182344749
5577659616907513811;2021-11;0.2753209108508986
5577659616907513811;2021-11;0.2143514877009093
2771214050521171719;2021-10;0.0003341154640667233
2771214050521171719;2021-11;0.0002447685040349829
2771214050521171719;2021-11;0.00027090056844392564
2771214050521171719;2021-11;0.0002812638687577448
824632039241482307;2021-10;0.004817978648566769
4071158585850879204;2021-10;0.02270499318420376
4071158585850879204;2021-10;0.02522026584773661
4071158585850879204;2021-11;0.055026052743809534
4071158585850879204;2021-11;0.014736750073317675
4071158585850879204;2021-11;0.014736750073317675
4071158585850879204;2021-11;0.014736750073317675
6486277549325701534;2021-10;0.0014691685875646062
6486277549325701534;2021-11;0.0010529287477703808
4995217181024687397;2021-10;0.0009661756181297273
4995217181024687397;2021-10;0.0009953757330574845
4995217181024687397;2021-11;0.0007893584106331582
4995217181024687397;2021-11;0.0007990102651014136
2870813069335519467;2021-10;0.00647022081444325
340285351737204923;2021-10;0.019163671665716354
340285351737204923;2021-10;0.01707935857483349
340285351737204923;2021-10;0.01707935857483349
8287608084245946173;2021-10;0.0003199946422172407
8287608084245946173;2021-10;0.00043118617959749986
8287608084245946173;2021-10;0.00035888683117301956
8287608084245946173;2021-10;0.00037243704037549135
8287608084245946173;2021-11;0.0003905701157053579
8287608084245946173;2021-11;0.00036749339656573667
8287608084245946173;2021-11;0.0003905701157053579
8287608084245946173;2021-11;0.0003905701157053579
1977574645216036803;2021-10;0.17135275513953885
1977574645216036803;2021-11;0.23212557323554722
1977574645216036803;2021-11;0.19588850182198725
4571290108043699959;2021-10;0.0008080586949788693
4571290108043699959;2021-10;0.0007136131259513874
4571290108043699959;2021-11;0.0008099234248199509
4571290108043699959;2021-11;0.0351282388768241
4571290108043699959;2021-11;0.0006252705205701636
4571290108043699959;2021-11;0.000872835174621508
4571290108043699959;2021-11;0.0006252705205701636
3095686599956852697;2021-10;0.0006284341180002282
3095686599956852697;2021-10;0.0015583653969571754
3095686599956852697;2021-11;0.001265587537518731
3095686599956852697;2021-11;0.0006837637124669657
4593070249039532001;2021-10;0.0002154665136008123
4593070249039532001;2021-11;0.000375133385077738
4593070249039532001;2021-11;0.0003965929821612633
4045739494965095560;2021-10;0.0009804661043962288
4045739494965095560;2021-10;0.0013751626230041358
4045739494965095560;2021-10;0.0009894880319860334
4045739494965095560;2021-10;0.0027068321523478337
4045739494965095560;2021-10;0.001007415163889782
4045739494965095560;2021-11;0.001994878223606913
4045739494965095560;2021-11;0.0020756442026486715
4045739494965095560;2021-11;0.0014319170386294937
4045739494965095560;2021-11;0.001994878223606913
4045739494965095560;2021-11;0.0020756442026486715
4045739494965095560;2021-11;0.0014500901833643105
4045739494965095560;2021-11;0.0020602959099906793
7085295800541340563;2021-10;0.0013366050447020511
7085295800541340563;2021-10;0.0030030467081891025
7085295800541340563;2021-10;0.0038695895468272767
7085295800541340563;2021-10;0.0011918643517809051
7085295800541340563;2021-10;0.002391078978164588
7085295800541340563;2021-10;0.002868470988532339
7085295800541340563;2021-11;0.006514955040361895
7085295800541340563;2021-11;0.001618437605470313
7085295800541340563;2021-11;0.0018153417048307626
6238903426443761049;2021-10;0.005389817928155677
6238903426443761049;2021-10;0.005389817928155677
6238903426443761049;2021-10;0.0040567920799166384
6238903426443761049;2021-10;0.005389817928155677
6238903426443761049;2021-10;0.0040567920799166384
6238903426443761049;2021-10;0.005389817928155677
6238903426443761049;2021-10;0.005244290865012096
6238903426443761049;2021-11;0.005160432607088926
6238903426443761049;2021-11;0.005720750337016772
6238903426443761049;2021-11;0.011189409724197649
8826489829259520138;2021-10;0.00021720493354447735
8826489829259520138;2021-11;0.00025532077213391216
8826489829259520138;2021-11;0.0040089073386101945
8826489829259520138;2021-11;0.0002776298030377618
5166128847048245697;2021-10;0.0030297962994598132
5166128847048245697;2021-10;0.00162756820173808
5166128847048245697;2021-10;0.0031470665499825053
5166128847048245697;2021-11;0.0016886316714435315
5166128847048245697;2021-11;0.0016886316714435315
4465150716052427320;2021-10;0.0018465916313258625
4465150716052427320;2021-11;0.0021493749977788594
4465150716052427320;2021-11;0.0014453909616947585
4465150716052427320;2021-11;0.002245203680766325
7595945751692012281;2021-10;0.001076295461956211
7595945751692012281;2021-10;0.0012351021807575143
2493305884832539159;2021-10;0.10462741705876492
2493305884832539159;2021-10;0.103838976036575
324916756972236008;2021-10;0.002206192270243626
324916756972236008;2021-10;0.0015273210244551223
324916756972236008;2021-10;0.0015273210244551223
324916756972236008;2021-10;0.0028208319041848353
324916756972236008;2021-10;0.0015273210244551223
324916756972236008;2021-11;0.001753945103753131
324916756972236008;2021-11;0.001619331528859123
8994944800097997361;2021-10;0.0021338953845162867
8994944800097997361;2021-11;0.004168665226586057
8994944800097997361;2021-11;0.004572300264656413
8706851346184249504;2021-10;0.0009370663858811665
8706851346184249504;2021-10;0.000927665852168476
8706851346184249504;2021-11;0.0009183160850644946
8706851346184249504;2021-11;0.0009079357990266434
3713742318997880410;2021-10;0.0009731895517565581
3713742318997880410;2021-10;0.001048125016293133
1708019696828098378;2021-10;0.640556056546434
1708019696828098378;2021-10;0.640556056546434
1708019696828098378;2021-11;0.46083206221467166
3022528659032597047;2021-10;0.003576713711869277
3022528659032597047;2021-10;0.006164381254134587
3022528659032597047;2021-11;0.004275936383297306
3022528659032597047;2021-11;0.003066990417258622
7708030042671632236;2021-10;0.00260367182537841
7708030042671632236;2021-10;0.002385542216823936
7708030042671632236;2021-10;0.001932091499207247
5440313607363845188;2021-10;0.0008941769475983309
5440313607363845188;2021-11;0.000490968462509558
5383359512938607117;2021-10;0.0037649643567084887
3263212305228307743;2021-10;0.0004971856799318302
3263212305228307743;2021-11;0.0003355506411297869
3263212305228307743;2021-11;0.0003183904250866648
2598475569074240783;2021-10;0.0029559991758125823
2598475569074240783;2021-10;0.006972775405323209
2598475569074240783;2021-11;0.004295083667230802
1617695035450525647;2021-10;0.00018021143802946508
1617695035450525647;2021-10;0.00018021143802946508
1617695035450525647;2021-10;0.00017464119820665314
1617695035450525647;2021-10;0.0004807047137442558
1617695035450525647;2021-10;0.0004807047137442558
1617695035450525647;2021-10;0.0003718865822223254
1617695035450525647;2021-11;0.00021927380461868348
3634047863995720708;2021-10;0.002208568333348184
3634047863995720708;2021-10;0.002208568333348184
1951407691087813358;2021-10;0.0009594965860032547
1951407691087813358;2021-11;0.0008906336757273061
1951407691087813358;2021-11;0.0008906336757273061
6817075905797098547;2021-10;0.01734322188079727
6817075905797098547;2021-10;0.01734322188079727
6817075905797098547;2021-10;0.012561512900801066
6817075905797098547;2021-11;0.007582566865277217
644457054514416604;2021-10;0.14641449222243888
472772897496154354;2021-10;0.00659554917733582
472772897496154354;2021-11;0.0010982775453359608
2550506309527280168;2021-10;0.005298959468058264
6681781879793693802;2021-10;0.00024381567965851275
6681781879793693802;2021-11;0.000193282943729878
4008627434689715639;2021-10;0.06021126108353362
4008627434689715639;2021-11;0.37363862048939345
5753677550753111444;2021-10;6.941587246666242e-05
5753677550753111444;2021-10;8.391048436164678e-05
5753677550753111444;2021-10;7.475498112456867e-05
5753677550753111444;2021-10;8.337718112645411e-05
5753677550753111444;2021-11;9.589472064701536e-05
6198047969028248384;2021-10;0.0009469077574514276
6198047969028248384;2021-10;0.0009130256742468182
6198047969028248384;2021-11;0.0008691159717189932
924957821424248698;2021-10;0.0003296969170701187
924957821424248698;2021-10;0.0003171533496493249
924957821424248698;2021-10;0.0003381116143289785
924957821424248698;2021-11;0.0003524134974583589
924957821424248698;2021-11;0.0003524134974583589
1003144834589372198;2021-10;0.0008923192856351928
1003144834589372198;2021-10;0.000728390508189275
1003144834589372198;2021-10;0.0006886967165011907
1003144834589372198;2021-10;0.0007243773828500662
1003144834589372198;2021-10;0.0009677569575986632
1003144834589372198;2021-10;0.0006849021373643758
1003144834589372198;2021-11;0.0009562011414289193
1003144834589372198;2021-11;0.0009172738257554509
1003144834589372198;2021-11;0.0010714803543426569
1003144834589372198;2021-11;0.0008542868741198457
1003144834589372198;2021-11;0.0009649007902522887
1003144834589372198;2021-11;0.0011939685451897576
1003144834589372198;2021-11;0.0009649007902522887
1003144834589372198;2021-11;0.0009580438509663105
6858769421191999702;2021-10;0.0008027965160123694
6858769421191999702;2021-11;0.00295998778064029
7707459425750676368;2021-10;0.7334055646473318
1467843186411742274;2021-10;0.010634097783185152
1467843186411742274;2021-11;0.005926367070672423
1467843186411742274;2021-11;0.0061823654809263565
2006188298374001315;2021-10;0.0012356414133469602
2006188298374001315;2021-11;0.0009481189258114127
8512214463586144353;2021-10;0.0074813058888465785
8512214463586144353;2021-10;0.008950552853914313
8512214463586144353;2021-11;0.007203564305214297
8512214463586144353;2021-11;0.0036400100486581265
1477629972594346481;2021-10;0.008412610957409342
1477629972594346481;2021-11;0.014600076966235815
1477629972594346481;2021-11;0.022309093387786895
3660744270380078352;2021-10;0.04535025965517961
3660744270380078352;2021-10;0.019725887217342756
3660744270380078352;2021-11;0.026408554420557777
3660744270380078352;2021-11;0.02679219848260972
3660744270380078352;2021-11;0.054499827778675826
3660744270380078352;2021-11;0.041397019196475295
417157680860985231;2021-10;0.000310422682791576
417157680860985231;2021-10;0.07309839196230174
417157680860985231;2021-10;0.0003299717321997526
417157680860985231;2021-10;0.000310422682791576
417157680860985231;2021-10;0.0003388483529842623
417157680860985231;2021-10;0.00033063253227445235
417157680860985231;2021-11;0.0002434687854495987
417157680860985231;2021-11;0.00024453885376316903
417157680860985231;2021-11;0.0002434687854495987
417157680860985231;2021-11;0.0003512349702878375
524026009392362402;2021-10;0.33199670676896553
8348574220426911086;2021-10;0.002567116498766565
8348574220426911086;2021-10;0.004736806097608901
8348574220426911086;2021-10;0.0048639993790111835
8348574220426911086;2021-10;0.006861698393554136
8348574220426911086;2021-11;0.0033530954821458306
187117706370645370;2021-10;0.03625692513002674
187117706370645370;2021-10;0.03531712062358812
187117706370645370;2021-10;0.01037823564786742
187117706370645370;2021-11;0.03955524549043523
187117706370645370;2021-11;0.19868473290673952
187117706370645370;2021-11;0.013101042011617473
187117706370645370;2021-11;0.04663733865769956
8255085612985072878;2021-10;0.0005835886296406828
8255085612985072878;2021-11;0.0005085766937849586
8255085612985072878;2021-11;0.0005085766937849586
8343941262792249232;2021-10;0.009238094498393846
8343941262792249232;2021-10;0.009238094498393846
8343941262792249232;2021-10;0.009238094498393846
8343941262792249232;2021-10;0.009238094498393846
8343941262792249232;2021-11;0.007806458212105434
3977861004707764824;2021-10;0.006880911885430877
3977861004707764824;2021-10;0.0025565856534438118
3977861004707764824;2021-10;0.0036866469947785686
3977861004707764824;2021-10;0.003731593050097315
3977861004707764824;2021-10;0.005159000228434058
3977861004707764824;2021-10;0.006238196992448867
3977861004707764824;2021-10;0.005861414624308509
3977861004707764824;2021-10;0.0030556479206126337
3977861004707764824;2021-10;0.003731593050097315
3977861004707764824;2021-11;0.013578502381491879
3977861004707764824;2021-11;0.0046853127810280734
3977861004707764824;2021-11;0.005320829503946483
3977861004707764824;2021-11;0.006542990134302392
3977861004707764824;2021-11;0.006542990134302392
3977861004707764824;2021-11;0.013578502381491879
3977861004707764824;2021-11;0.006781056828167648
7458891296671174680;2021-10;0.10782597078635972
7458891296671174680;2021-10;0.10782597078635972
2371917341091102894;2021-10;0.012835069564952188
2371917341091102894;2021-10;0.013488190314424725
2371917341091102894;2021-10;0.006516288838805166
465309249432033993;2021-10;0.0013385102136234297
465309249432033993;2021-10;0.0012462723848448742
465309249432033993;2021-10;0.001265024378486142
465309249432033993;2021-11;0.003113162410648859
465309249432033993;2021-11;0.0027679668116954233
465309249432033993;2021-11;0.0027679668116954233
465309249432033993;2021-11;0.003113162410648859
1717812527056208209;2021-10;0.34178261143617483
1717812527056208209;2021-11;0.39277919327936134
3629889536335411116;2021-10;0.003394643277166491
2408009918678280470;2021-10;0.002942435619318324
2408009918678280470;2021-10;0.0031006001808143585
2408009918678280470;2021-10;0.0031006001808143585
2408009918678280470;2021-10;0.006054612261400252
2408009918678280470;2021-10;0.003330733413474442
2408009918678280470;2021-10;0.0060018304370752585
2408009918678280470;2021-11;0.005976860747611419
2408009918678280470;2021-11;0.0068369025261171045
2408009918678280470;2021-11;0.007487749849490797
2408009918678280470;2021-11;0.0068369025261171045
5883155883105348987;2021-10;0.010777538006760862
5883155883105348987;2021-10;0.0038535412281309003
5883155883105348987;2021-10;0.007893959536903382
5883155883105348987;2021-10;0.02210032383763075
5883155883105348987;2021-10;0.0037058596377201516
5883155883105348987;2021-10;0.007893959536903382
5883155883105348987;2021-10;0.007893959536903382
5883155883105348987;2021-10;0.0070734650730196495
5883155883105348987;2021-11;0.02729116061043185
5883155883105348987;2021-11;0.011419098514457906
5883155883105348987;2021-11;0.009560924222460097
5883155883105348987;2021-11;0.0229910477201062
5883155883105348987;2021-11;0.0035432487206755905
5883155883105348987;2021-11;0.0035427133086227617
5883155883105348987;2021-11;0.0036598134091401285
5883155883105348987;2021-11;0.007729026922357529
5883155883105348987;2021-11;0.04041760151661219
2619109825960703851;2021-10;0.005597490677749484
2619109825960703851;2021-10;0.005597490677749484
2619109825960703851;2021-11;0.006569850215905946
2619109825960703851;2021-11;0.005808004662866665
2619109825960703851;2021-11;0.005808004662866665
2619109825960703851;2021-11;0.006569850215905946
8729164666041467296;2021-10;0.007492775462982073
3472934456083131714;2021-10;0.10757158786648838
3472934456083131714;2021-10;0.0014960738003448348
3472934456083131714;2021-11;0.0036113703783474805
6546850858912852316;2021-10;0.27892428301260336
6546850858912852316;2021-10;0.2883399840626276
2397171153213063761;2021-10;0.001782367105613051
2397171153213063761;2021-10;0.0016017287731252493
2397171153213063761;2021-10;0.0016017287731252493
2397171153213063761;2021-11;0.0008853318758931378
2397171153213063761;2021-11;0.0004913250336996043
2397171153213063761;2021-11;0.0004987365083145077
2397171153213063761;2021-11;0.0005050535136516878
2397171153213063761;2021-11;0.0008986814686878264
2397171153213063761;2021-11;0.0005050535136516878
1044568737046072781;2021-10;0.004817202610965181
1044568737046072781;2021-10;0.004716668869147498
1044568737046072781;2021-10;0.005351863024654068
1044568737046072781;2021-11;0.008833304974893227
1044568737046072781;2021-11;0.00806547532079502
5306165689101138983;2021-10;0.0008745825741550999
8733525963966339207;2021-10;0.3993941175853443
8733525963966339207;2021-10;0.4330238682617672
8733525963966339207;2021-10;0.3993941175853443
8733525963966339207;2021-11;0.8963446752935235
3137879241768961145;2021-10;0.0006624021825764206
3137879241768961145;2021-10;0.0006624021825764206
3137879241768961145;2021-10;0.0009144778938713293
3137879241768961145;2021-11;0.0006003802904591161
3137879241768961145;2021-11;0.00066288876837688
6122719618012473549;2021-10;0.0018815464368611347
6122719618012473549;2021-11;0.001986881943315372
6122719618012473549;2021-11;0.0019270203263722797
8901696535927078963;2021-10;0.003354464711918046
8901696535927078963;2021-10;0.00372580291281097
8901696535927078963;2021-10;0.0031781636626545123
8901696535927078963;2021-11;0.14440039593315204
8901696535927078963;2021-11;0.003452075289795545
8901696535927078963;2021-11;0.0026036333776356894
8724731934863284019;2021-10;0.01486468321612786
8724731934863284019;2021-10;0.007751670420668781
8724731934863284019;2021-10;0.014436754322123385
8724731934863284019;2021-11;0.01083569930246289
8724731934863284019;2021-11;0.10807833094437973
8724731934863284019;2021-11;0.005683273263530488
8724731934863284019;2021-11;0.005683273263530488
4335865859049992260;2021-10;0.0018833117055406668
4335865859049992260;2021-10;0.0013568008071787707
4335865859049992260;2021-10;0.0009687289526294034
4335865859049992260;2021-10;0.0013404200142183905
4335865859049992260;2021-11;0.0014394779013199926
4335865859049992260;2021-11;0.0014394779013199926
4335865859049992260;2021-11;0.0016775214317931676
5999145415800242177;2021-10;0.0023654489941270784
5999145415800242177;2021-10;0.0042866912401070805
5999145415800242177;2021-11;0.002911647299665484
5999145415800242177;2021-11;0.0029451503466345307
5999145415800242177;2021-11;0.0031821567154902935
8213533889694327948;2021-10;0.0003419894597649966
8213533889694327948;2021-10;0.00023743006735677647
8213533889694327948;2021-10;0.00035398053058976835
8213533889694327948;2021-10;0.00023743006735677647
8213533889694327948;2021-11;0.0005447732145744961
8213533889694327948;2021-11;0.0004873366843226854
8213533889694327948;2021-11;0.0005447732145744961
8213533889694327948;2021-11;0.0004873366843226854
8213533889694327948;2021-11;0.0006355925866465125
6721448955097663572;2021-10;0.0017466857408199184
6721448955097663572;2021-10;0.0017466857408199184
6721448955097663572;2021-10;0.0017466857408199184
6721448955097663572;2021-10;0.0022413558686437247
6721448955097663572;2021-10;0.002416296347298765
6721448955097663572;2021-11;0.0017822554591051753
5263285038415073073;2021-10;0.31337294161531615
5263285038415073073;2021-10;0.3158358627163428
3036967290595689189;2021-10;0.0006245892264734116
1192891347324061812;2021-10;0.0012949665895988834
1192891347324061812;2021-10;0.0012949665895988834
1192891347324061812;2021-10;0.0012949665895988834
1192891347324061812;2021-10;0.0012949665895988834
1192891347324061812;2021-10;0.0012949665895988834
1192891347324061812;2021-10;0.0012949665895988834
1192891347324061812;2021-11;0.00124894978449886
1192891347324061812;2021-11;0.00124894978449886
1192891347324061812;2021-11;0.001283056413419512
1192891347324061812;2021-11;0.0011453434211909676
1192891347324061812;2021-11;0.0013880065231234575
1192891347324061812;2021-11;0.00124894978449886
1192891347324061812;2021-11;0.0013880065231234575
5048392903148444335;2021-10;0.009042881109167523
5048392903148444335;2021-11;0.008136037495736563
1276604410881911401;2021-10;0.01625394706835301
1276604410881911401;2021-10;0.01625394706835301
1276604410881911401;2021-10;0.15198313514326797
1276604410881911401;2021-10;0.017279345204497212
1276604410881911401;2021-10;0.01625394706835301
1276604410881911401;2021-11;0.008121805299919694
1276604410881911401;2021-11;0.006614786343093763
1276604410881911401;2021-11;0.004923876004613192
1329553496073467331;2021-10;0.0032293213997037396
8779038337925278543;2021-10;0.0025860064283925377
761746217261797478;2021-10;0.0011451507289338924
761746217261797478;2021-10;0.0009288929244212718
761746217261797478;2021-11;0.00044271986863254025
761746217261797478;2021-11;0.00042911960477239573
2983174282784691273;2021-10;0.0007860253850066443
2983174282784691273;2021-10;0.0007860253850066443
2983174282784691273;2021-10;0.0007860253850066443
2983174282784691273;2021-11;0.0589638267335033
5122095358293179297;2021-10;0.0008209132628627209
5122095358293179297;2021-10;0.0008209132628627209
5122095358293179297;2021-11;0.0007545622303966722
5122095358293179297;2021-11;0.01776893149792449
5122095358293179297;2021-11;0.0009363006866319635
3480297543931395935;2021-10;0.04963616898385624
3480297543931395935;2021-10;0.11337576811323945
5058298901476893676;2021-10;0.0027751578043996405
5058298901476893676;2021-11;0.0012549263003800806
5058298901476893676;2021-11;0.0012549263003800806
8464809590757561185;2021-10;0.0008976076111676037
8464809590757561185;2021-10;0.0011317491727960963
8464809590757561185;2021-10;0.0011646762944315637
8464809590757561185;2021-10;0.0011646762944315637
8464809590757561185;2021-11;0.0009154603879984436
8464809590757561185;2021-11;0.040539305446561195
8464809590757561185;2021-11;0.0012359599108356812
8464809590757561185;2021-11;0.0009154603879984436
6941381638534728190;2021-10;0.00017337007152905365
6941381638534728190;2021-11;0.015105692485931127
6941381638534728190;2021-11;0.00019107168710565095
6941381638534728190;2021-11;0.00017737939874896237
6941381638534728190;2021-11;0.00017896982784310677
3355881107559250653;2021-10;0.0002534461580849723
3355881107559250653;2021-10;0.0002459670285311285
3355881107559250653;2021-10;0.0002591038660512106
3355881107559250653;2021-10;0.0002503829372011566
3355881107559250653;2021-10;0.0002534461580849723
3355881107559250653;2021-10;0.00041261320331819343
3355881107559250653;2021-11;0.00029629760275350114
3355881107559250653;2021-11;0.028609219947203498
3355881107559250653;2021-11;0.0003031201906473146
3355881107559250653;2021-11;0.00031259392127437814
6118873739225005756;2021-10;0.0012535680842217824
6118873739225005756;2021-10;0.0008632135469609643
8067924767167570288;2021-10;0.0031982028227926203
8067924767167570288;2021-10;0.0031982028227926203
6826420906256954294;2021-10;0.0525679068374962
8536980239903840341;2021-10;0.0025339576657433444
8536980239903840341;2021-10;0.0031341910690568264
8536980239903840341;2021-10;0.0033935665679271803
8536980239903840341;2021-11;0.001770644218399071
8536980239903840341;2021-11;0.0018627641491313588
1192810733461560329;2021-10;0.00018806548376999215
1192810733461560329;2021-10;0.00020848289459353568
1192810733461560329;2021-10;0.0001671710601389547
1192810733461560329;2021-10;0.00016331736250081426
1192810733461560329;2021-10;0.00020848289459353568
1192810733461560329;2021-11;0.00016520310331693053
1192810733461560329;2021-11;0.0001553506178509509
1192810733461560329;2021-11;0.00014989466531059687
1192810733461560329;2021-11;0.0001553506178509509
4489904752023469353;2021-10;0.051470964041704995
4489904752023469353;2021-10;0.05385865533660416
4489904752023469353;2021-11;0.2333971146072465
4489904752023469353;2021-11;0.051347151714325086
5880041582322293710;2021-10;0.00253361535498041
5880041582322293710;2021-10;0.0023312937211546285
5880041582322293710;2021-10;0.0023312937211546285
5880041582322293710;2021-10;0.0024216343415304166
5880041582322293710;2021-10;0.003465977291366898
5880041582322293710;2021-10;0.0030244954237283335
5108407319813072955;2021-10;0.0027662724360500205
5108407319813072955;2021-10;0.0027662724360500205
5108407319813072955;2021-10;0.00551206193557216
5108407319813072955;2021-10;0.0027817828642337644
5108407319813072955;2021-11;0.004416280065139512
5108407319813072955;2021-11;0.0039265533595818185
4740535838297269949;2021-10;0.0008632353948177286
4740535838297269949;2021-11;0.0023043547964814027
4740535838297269949;2021-11;0.0007835024772151744
2467590416042313927;2021-10;0.0007590923050260594
2467590416042313927;2021-11;0.0009289417620774736
8909740532547211288;2021-10;0.0018448438774774367
8909740532547211288;2021-10;0.0029017533746271778
8909740532547211288;2021-10;0.0017920811683879692
8909740532547211288;2021-11;0.0015672279429785599
8909740532547211288;2021-11;0.0015672279429785599
7963861799566207637;2021-10;0.0002841504800750562
7963861799566207637;2021-10;0.0003786871058775181
7963861799566207637;2021-10;0.00030384745935912414
7963861799566207637;2021-11;0.0003178761357594376
274692171162531764;2021-10;0.012616354034098354
274692171162531764;2021-10;0.013819264743080558
5499433941404698208;2021-10;0.006225454648285584
5499433941404698208;2021-10;0.00829748060062551
5499433941404698208;2021-11;0.005133290901480224
660382477567765256;2021-10;0.005624514596993056
660382477567765256;2021-10;0.005253021185414822
660382477567765256;2021-11;0.0026559701319495014
660382477567765256;2021-11;0.002962850352195194
5993765508162121762;2021-10;0.027735922578734695
5993765508162121762;2021-10;0.027735922578734695
5993765508162121762;2021-11;0.029737211271452114
5993765508162121762;2021-11;0.02222426222491093
5993765508162121762;2021-11;0.02207422137827623
1536087798470875922;2021-10;0.07084149225887577
1536087798470875922;2021-10;0.06917358289627777
1536087798470875922;2021-11;0.037625813099363165
8564920972266217847;2021-10;0.002389743235408893
8564920972266217847;2021-11;0.020264398647426754
8564920972266217847;2021-11;0.0013432774141752656
6330043096034525408;2021-10;0.3961338045829635
6330043096034525408;2021-10;0.024377440750978495
6330043096034525408;2021-10;0.6717804469063392
6330043096034525408;2021-10;0.025713983806853684
6330043096034525408;2021-10;0.031158443859736568
6330043096034525408;2021-11;0.040854200440308075
2432667449154431819;2021-10;0.5986231837063489
521351744568531135;2021-10;0.004444512425598134
521351744568531135;2021-11;0.0030039656835155215
521351744568531135;2021-11;0.0028497561004140297
4414438591613884911;2021-10;0.002864340821903907
4414438591613884911;2021-11;0.0027237518943737
4414438591613884911;2021-11;0.0029183801284646572
4414438591613884911;2021-11;0.003010056654707198
8961924617442201922;2021-10;0.0006266175760553919
8961924617442201922;2021-10;0.0003982834425358309
8961924617442201922;2021-11;0.0011822418400229359
8961924617442201922;2021-11;0.019592829315478257
8961924617442201922;2021-11;0.00043312578348474043
8961924617442201922;2021-11;0.0004907132301719039
717981637594591016;2021-10;0.060172125318726816
717981637594591016;2021-10;0.00034944625628709674
717981637594591016;2021-10;0.0003428819535069845
717981637594591016;2021-10;0.0003252523708759786
5225029212547588718;2021-10;0.0135979560660098
5225029212547588718;2021-10;0.013191158043812762
5225029212547588718;2021-10;0.0120814108026766
5225029212547588718;2021-11;0.006930212255728352
1310335287370721834;2021-10;0.16025235934207174
2455576782104041698;2021-10;0.011705096104497669
2455576782104041698;2021-10;0.011610389459867886
2455576782104041698;2021-11;0.3671188755984345
5078307295214858596;2021-10;0.005793293889358979
5078307295214858596;2021-10;0.005793293889358979
5078307295214858596;2021-10;0.005793293889358979
5078307295214858596;2021-10;0.005793293889358979
7710364735942975505;2021-10;0.0030601077252566905
7710364735942975505;2021-10;0.0037323443462750844
7710364735942975505;2021-11;0.10014101927393326
7710364735942975505;2021-11;0.001886542185984813
7710364735942975505;2021-11;0.001886542185984813
6532139198609901627;2021-10;0.0003411592882376351
6532139198609901627;2021-11;0.0011364215620910815
2677901391425651891;2021-10;0.002657623497066534
2677901391425651891;2021-10;0.0023385773655603126
2677901391425651891;2021-11;0.002672535605901772
6457349126437565385;2021-10;0.25966457706556284
6457349126437565385;2021-10;0.36005293777062497
7686361238195690925;2021-10;0.0010005835813385482
7686361238195690925;2021-11;0.0008578353998345069
8080988579391900405;2021-10;0.0006815186546179657
8080988579391900405;2021-10;0.0006815186546179657
8080988579391900405;2021-10;0.0007272191418445031
8080988579391900405;2021-10;0.0006815186546179657
5303720405946805990;2021-10;0.0007842773451182876
5303720405946805990;2021-11;0.0008739314497096259
5303720405946805990;2021-11;0.0003589701838223978
4187591029730357479;2021-10;0.0020597602166535466
8874257794774679816;2021-10;0.0004902502384438807
8874257794774679816;2021-10;0.0004902502384438807
8874257794774679816;2021-10;0.0004902502384438807
8874257794774679816;2021-10;0.0004902502384438807
8874257794774679816;2021-11;0.00048606193711074586
8874257794774679816;2021-11;0.0004567144364168715
8874257794774679816;2021-11;0.0005258950961449004
8874257794774679816;2021-11;0.00048606193711074586
9184785003280841216;2021-10;0.009982468848832778
9184785003280841216;2021-10;0.010508134830576438
9184785003280841216;2021-11;0.0038199476812594453
9184785003280841216;2021-11;0.004428736791078523
7403979270048469991;2021-10;0.0008128898181375107
2819054834565698513;2021-10;0.004960935560277871
2819054834565698513;2021-10;0.0031405763916211604
2819054834565698513;2021-11;0.00332889485015537
2819054834565698513;2021-11;0.00504251670567146
5611787644735474299;2021-10;0.0005988030400800164
5611787644735474299;2021-10;0.0006528215868213121
5611787644735474299;2021-10;0.0005868411813044792
5611787644735474299;2021-10;0.0005988030400800164
5611787644735474299;2021-10;0.0005988030400800164
5611787644735474299;2021-10;0.000580982736263566
5611787644735474299;2021-10;0.001371341543941079
5611787644735474299;2021-10;0.000604841070644448
5611787644735474299;2021-11;0.0006677699315358924
5611787644735474299;2021-11;0.0006745029204139267
5611787644735474299;2021-11;0.0010730436625876754
5611787644735474299;2021-11;0.0007090692609596001
5611787644735474299;2021-11;0.0006677699315358924
8090492548102964782;2021-10;0.027746152333927947
662944582644865942;2021-10;0.013580401335108407
662944582644865942;2021-10;0.014265497857829197
662944582644865942;2021-10;0.013580401335108407
662944582644865942;2021-10;0.04710144521678855
662944582644865942;2021-11;0.01116784662421208
662944582644865942;2021-11;0.01372038670894239
662944582644865942;2021-11;0.010704341618128214
662944582644865942;2021-11;0.015193753244579486
662944582644865942;2021-11;0.015193753244579486
257162352336759783;2021-10;0.0011863326331184659
257162352336759783;2021-10;0.0008038333628058722
257162352336759783;2021-10;0.0009850951028253917
257162352336759783;2021-11;0.0007484512004377049
257162352336759783;2021-11;0.0011425951731603668
257162352336759783;2021-11;0.0007741868743627684
9205015186723569289;2021-10;0.05287904743056872
9205015186723569289;2021-11;0.026111952179495787
4661684997487171886;2021-10;0.005754916063886536
4661684997487171886;2021-10;0.002894792224506355
4661684997487171886;2021-10;0.0038421858972211955
4661684997487171886;2021-11;0.0017110575697098405
4661684997487171886;2021-11;0.0015788621240122953
4661684997487171886;2021-11;0.0017110575697098405
4661684997487171886;2021-11;0.0017110575697098405
4661684997487171886;2021-11;0.0017110575697098405
4661684997487171886;2021-11;0.0017110575697098405
4365965554261111250;2021-10;0.08393200039129342
4365965554261111250;2021-10;0.09774996158259108
6885171468891031140;2021-10;0.001016545970761396
5067621068959932809;2021-10;0.059719625055094816
5067621068959932809;2021-10;0.02209050938416396
5067621068959932809;2021-10;0.02209050938416396
5067621068959932809;2021-10;0.059526013350126424
5067621068959932809;2021-10;0.02209050938416396
5067621068959932809;2021-10;0.05935223526539278
5067621068959932809;2021-11;0.023875859785071986
8505870778358741102;2021-10;0.0038872973177070335
8505870778358741102;2021-10;0.003753141575138306
8505870778358741102;2021-10;0.004819484567642146
8505870778358741102;2021-11;0.005301094924116715
8505870778358741102;2021-11;0.005841105620410033
8505870778358741102;2021-11;0.004767132757934906
5042877476420217533;2021-10;0.0010778586493865186
5042877476420217533;2021-10;0.0010930236455390019
5042877476420217533;2021-10;0.0016274406453675768
5042877476420217533;2021-11;0.0009574810181762955
5042877476420217533;2021-11;0.0013185910160637985
1454789421854453615;2021-10;0.0030149173341047415
1454789421854453615;2021-10;0.002985169637321398
1454789421854453615;2021-10;0.007805108432736015
1454789421854453615;2021-10;0.007805108432736015
1454789421854453615;2021-11;0.003027132712235497
1454789421854453615;2021-11;0.0073647970006793335
1454789421854453615;2021-11;0.05259875810952938
1454789421854453615;2021-11;0.0065959254026026655
1454789421854453615;2021-11;0.008331768339111196
3807130563335796378;2021-10;0.027947975064912402
4424973922927242822;2021-10;0.01686809922746056
4424973922927242822;2021-10;0.01686809922746056
4424973922927242822;2021-10;0.01686809922746056
1234611356650812259;2021-10;0.041025421742311406
6545052034269841737;2021-10;0.002292253625875087
6545052034269841737;2021-10;0.002938113831502453
6545052034269841737;2021-10;0.002292253625875087
312543480920432545;2021-10;0.00018256230226213027
312543480920432545;2021-10;0.00018256230226213027
312543480920432545;2021-10;0.000177665359051433
312543480920432545;2021-11;0.0001864629398403446
312543480920432545;2021-11;0.046404440338056414
312543480920432545;2021-11;0.0001757978973470627
312543480920432545;2021-11;0.00016975864562585957
312543480920432545;2021-11;0.0001757978973470627
312543480920432545;2021-11;0.0001757978973470627
3204108603682323936;2021-10;0.0003044870959414317
3204108603682323936;2021-10;0.00047961648461997104
3204108603682323936;2021-10;0.0002933380581788365
3204108603682323936;2021-11;0.00029037844391191807
3204108603682323936;2021-11;0.0002970669625638309
6927178425683104769;2021-10;0.0005396289910271238
6927178425683104769;2021-10;0.0004709419521970703
6927178425683104769;2021-10;0.0009699499565980752
6927178425683104769;2021-10;0.0009262798755111738
4862285428951244424;2021-10;7.594662348212474e-05
4862285428951244424;2021-10;8.765155796667727e-05
4862285428951244424;2021-11;7.584420415738704e-05
4850936440093751199;2021-10;0.0012905047305166578
4850936440093751199;2021-10;0.0015088318048995665
4850936440093751199;2021-10;0.0014621799027733193
4850936440093751199;2021-10;0.001437411399076589
4850936440093751199;2021-10;0.0022996087215346826
4850936440093751199;2021-10;0.0012905047305166578
4850936440093751199;2021-11;0.0016704199264365549
4850936440093751199;2021-11;0.0016785579480910317
8716163053080758848;2021-10;0.0008654795608106004
8716163053080758848;2021-10;0.0008654795608106004
8716163053080758848;2021-10;0.0008526461054738264
8716163053080758848;2021-10;0.0008281271801242202
8716163053080758848;2021-11;0.001066738107684514
8716163053080758848;2021-11;0.0010207086808962079
8716163053080758848;2021-11;0.0009362673940147775
8716163053080758848;2021-11;0.00110500599283097
7289435138601868544;2021-10;0.0027169142162789513
7462607259426026440;2021-10;0.0029150381898932582
7462607259426026440;2021-10;0.005170107104482294
7462607259426026440;2021-10;0.0029777947080327303
7462607259426026440;2021-10;0.0019400574604476668
7535160686416710323;2021-10;0.0010680669018446763
7535160686416710323;2021-10;0.0012601366830764706
3156580765759568020;2021-10;0.024048259388404908
3156580765759568020;2021-11;0.02494030912584152
3156580765759568020;2021-11;0.02639847665026518
8609211777002937758;2021-10;0.0013380084923824923
8609211777002937758;2021-10;0.0010659300698155451
8609211777002937758;2021-11;0.0007714029017167828
3285246914299291124;2021-10;0.00038941085428951226
3285246914299291124;2021-10;0.0003829830895347623
3285246914299291124;2021-10;0.00041205787076685263
3285246914299291124;2021-10;0.000350137512047437
3285246914299291124;2021-11;0.00042847346078873097
3285246914299291124;2021-11;0.0005650031432036156
3285246914299291124;2021-11;0.00042847346078873097
837142477962609471;2021-10;0.004382280829883738
837142477962609471;2021-10;0.0045399672465388724
837142477962609471;2021-11;0.0026063395888273576
837142477962609471;2021-11;0.00304467490014789
837142477962609471;2021-11;0.002800949240259334
1667173444642500307;2021-10;0.045370027108377765
6394935036014530592;2021-10;0.0016884809789715946
6394935036014530592;2021-10;0.0023316525543334737
6394935036014530592;2021-10;0.0021777548791460607
6394935036014530592;2021-10;0.002734259371511624
6394935036014530592;2021-11;0.0015522402554083567
6394935036014530592;2021-11;0.0014172414283200295
6394935036014530592;2021-11;0.08922762674848225
6394935036014530592;2021-11;0.0015275387296239987
6394935036014530592;2021-11;0.001426738883732028
6368582840625614207;2021-10;0.0008126379653544009
6368582840625614207;2021-10;0.0007635874853534153
7920896580423665241;2021-10;0.002282523658732456
7920896580423665241;2021-10;0.0041776122870739955
7920896580423665241;2021-10;0.0065810130109942005
7920896580423665241;2021-10;0.013594536263825093
7920896580423665241;2021-11;0.002743357621802096
7920896580423665241;2021-11;0.003290576946457476
8041261093764417881;2021-10;0.001134952773209083
8041261093764417881;2021-10;0.0011587168854848707
8041261093764417881;2021-10;0.001307349255488881
1182975716201409626;2021-10;0.0006131999854865142
1182975716201409626;2021-10;0.0007402018246189892
1182975716201409626;2021-10;0.0007492530692218473
1182975716201409626;2021-10;0.6113746804878657
1182975716201409626;2021-10;0.0007434478847744858
1182975716201409626;2021-11;0.0006754322679796415
1182975716201409626;2021-11;0.0006754322679796415
4717593620120611957;2021-10;0.0012715394010082248
4795152981525833467;2021-10;0.0008013129426924626
4795152981525833467;2021-10;0.0014877119438038385
4795152981525833467;2021-11;0.001422154209310099
4795152981525833467;2021-11;0.0013742333961925585
4795152981525833467;2021-11;0.0013555875272529933
4795152981525833467;2021-11;0.0013555875272529933
6448580780254847411;2021-10;0.0005125926754842864
6448580780254847411;2021-10;0.0009073052920198361
6448580780254847411;2021-11;0.0009594866672420966
4724876423989598202;2021-10;0.0014253197477268604
4724876423989598202;2021-10;0.002530324232873088
4724876423989598202;2021-10;0.001407393608215567
4724876423989598202;2021-10;0.0005753934409655015
4724876423989598202;2021-11;0.0013863170286444616
4724876423989598202;2021-11;0.0005335793093838523
4724876423989598202;2021-11;0.0010106091307463445
4724876423989598202;2021-11;0.0005136375255093088
1637960623843047520;2021-10;0.07026599120033589
8045116560666679751;2021-10;0.014789020958310506
4018182555897034052;2021-10;0.0006103326855125418
4018182555897034052;2021-10;0.0006811681798433267
4018182555897034052;2021-10;0.0006188843190639728
4018182555897034052;2021-10;0.0006667500827862672
4018182555897034052;2021-10;0.0010019031751229337
4018182555897034052;2021-10;0.0006103326855125418
3970572142453508637;2021-10;0.17103272120601903
3970572142453508637;2021-11;0.15336305652891855
7590999900861381526;2021-10;0.0016544560094170126
7590999900861381526;2021-10;0.0017227839508387698
7590999900861381526;2021-11;0.0017186386147261265
6985631100944640910;2021-10;0.046920290286885886
6985631100944640910;2021-10;0.05166216931940328
4541506527938763361;2021-10;0.02936280729298761
4541506527938763361;2021-11;0.02475491712485647
5758033363847724111;2021-10;6.9093372825437e-05
5758033363847724111;2021-11;6.324738307609476e-05
5758033363847724111;2021-11;7.106414102264569e-05
5758033363847724111;2021-11;7.065241162116886e-05
5758033363847724111;2021-11;7.375128601171544e-05
7770458886439606839;2021-10;0.03931383070683834
7770458886439606839;2021-10;0.030977606522616438
7770458886439606839;2021-11;0.052365255716524325
7770458886439606839;2021-11;0.04802480978034804
7770458886439606839;2021-11;0.04993415915577533
7770458886439606839;2021-11;0.052365255716524325
7770458886439606839;2021-11;0.05435395770164219
7770458886439606839;2021-11;0.05228490762934446
4604807967654337091;2021-10;0.0025632858743345473
8570963260597299378;2021-10;0.0002987474768519028
8570963260597299378;2021-10;0.0002838354067167515
8570963260597299378;2021-10;0.0002638771596298015
8570963260597299378;2021-11;0.005589032318349928
968199235777440720;2021-10;0.0014252035955956335
968199235777440720;2021-10;0.0024100850725732106
968199235777440720;2021-11;0.0039927460136353924
968199235777440720;2021-11;0.0029740787113735896
5511113649464808344;2021-10;0.06689144230103704
5511113649464808344;2021-11;0.11790808109776818
3248432590399829766;2021-10;0.0015620603897114377
3248432590399829766;2021-11;0.0014745088769728383
3248432590399829766;2021-11;0.01678117370460277
3248432590399829766;2021-11;0.0012127181796280485
3248432590399829766;2021-11;0.0014745088769728383
6582676833651678345;2021-10;0.0005610948298653241
6582676833651678345;2021-10;0.000367005612527539
6582676833651678345;2021-10;0.00036951640665950963
6582676833651678345;2021-10;0.001199149397862596
6582676833651678345;2021-10;0.0005610948298653241
6582676833651678345;2021-11;0.00035808363656262757
6582676833651678345;2021-11;0.0003161441387164263
6582676833651678345;2021-11;0.00035446641412619287
6582676833651678345;2021-11;0.00034872923606251593
6582676833651678345;2021-11;0.0005377181855781996
6582676833651678345;2021-11;0.0005312209993909389
5487870288449327165;2021-10;0.06531166064191604
5487870288449327165;2021-11;0.0615709125255922
7269781193318890653;2021-10;0.011457989017027999
7269781193318890653;2021-11;0.0011738815564122488
2634859679238614382;2021-10;0.0015881791587086054
2634859679238614382;2021-10;0.0024076957290758956
2634859679238614382;2021-10;0.001607582853512354
2634859679238614382;2021-10;0.001607582853512354
2634859679238614382;2021-11;0.0020932596812956315
2634859679238614382;2021-11;0.0020932596812956315
3543162424793477785;2021-10;0.012493884909617042
3543162424793477785;2021-11;0.022812769994957138
3543162424793477785;2021-11;0.11206260222450337
3543162424793477785;2021-11;0.024477822394968877
3543162424793477785;2021-11;0.01909379319622007
3543162424793477785;2021-11;0.027201353882923225
940214356651040716;2021-10;0.09627136731290294
940214356651040716;2021-11;0.0882650432220664
940214356651040716;2021-11;0.08636533134331585
7848910047105468475;2021-10;0.36359333739710714
2763141362035716801;2021-10;0.0012552493886969181
2763141362035716801;2021-10;0.0013174769434904404
2763141362035716801;2021-10;0.0012552493886969181
2763141362035716801;2021-11;0.0014729105482353291
5574997762710520717;2021-10;0.0006829331096528782
5574997762710520717;2021-11;0.01296101756335611
5574997762710520717;2021-11;0.004667700063764118
2508429106201166689;2021-10;0.0005677965218725214
2508429106201166689;2021-10;0.0005677965218725214
2508429106201166689;2021-11;0.0005673724072023523
1953058402621337677;2021-10;0.0012995263914783106
9052787288251876909;2021-10;0.00024386541076720468
9052787288251876909;2021-11;0.00025861132543065303
287529573188507001;2021-10;0.0010268402997366168
5044097686733078536;2021-10;0.2197002786904783
7751080728852739823;2021-10;0.0016289663743562003
7751080728852739823;2021-10;0.0016613660653168614
7751080728852739823;2021-11;0.0014154493537141526
7751080728852739823;2021-11;0.001212798318378868
7485107528960607346;2021-10;0.010201273036635188
7485107528960607346;2021-11;0.008382909354997095
7485107528960607346;2021-11;0.014853008773274098
8536031856585966123;2021-10;0.007091163982856304
8536031856585966123;2021-10;0.006287942701863332
8536031856585966123;2021-10;0.006764154219206154
8536031856585966123;2021-10;0.007750327024816348
8536031856585966123;2021-10;0.007091163982856304
8536031856585966123;2021-11;0.0070492459364589555
8536031856585966123;2021-11;0.0070492459364589555
8536031856585966123;2021-11;0.008652719277218555
3605652314611460806;2021-10;0.002063809517950119
234898976850399181;2021-10;0.006601375871682955
234898976850399181;2021-11;0.006574915981910286
234898976850399181;2021-11;0.006207020128645269
7231408738455755015;2021-10;0.623113878439884
7231408738455755015;2021-10;0.659716608012814
7231408738455755015;2021-10;0.6445309697063116
7231408738455755015;2021-11;0.7430083974489436
7231408738455755015;2021-11;0.6707841304484503
3668905663669864663;2021-10;0.0006737773912812597
3668905663669864663;2021-11;0.08016733465287947
6164364689409425900;2021-10;0.00031823762442037274
6164364689409425900;2021-11;0.00040604607039927606
5606267905834401873;2021-10;0.00042193815938796795
5606267905834401873;2021-10;0.00042193815938796795
5606267905834401873;2021-11;0.0013749335714173367
5606267905834401873;2021-11;0.0011071025360087253
5606267905834401873;2021-11;0.0013749335714173367
7970976988071755401;2021-10;0.03290004479569108
7970976988071755401;2021-10;0.0493595176144584
7970976988071755401;2021-11;0.05088601031825581
7268895973869107930;2021-10;0.0003298946290043487
7268895973869107930;2021-10;0.00033202264538640335
7268895973869107930;2021-10;0.00032499978509813567
7268895973869107930;2021-10;0.0003324854995357605
7268895973869107930;2021-10;0.0005894986330949948
7268895973869107930;2021-11;0.00031713623186844825
7268895973869107930;2021-11;0.0003284277870328846
7268895973869107930;2021-11;0.0003252627743786908
3997247264680905799;2021-10;0.00025518051341923376
3997247264680905799;2021-10;0.0002878536842134168
3997247264680905799;2021-10;0.00025518051341923376
3997247264680905799;2021-10;0.0004652360581544316
3997247264680905799;2021-10;0.0005361156480241066
3997247264680905799;2021-10;0.0006124512823222553
3997247264680905799;2021-11;0.0005108271092988708
8123515208041701633;2021-10;0.029073863215184348
8123515208041701633;2021-10;0.03353161136559021
8123515208041701633;2021-11;0.014752594691321605
8123515208041701633;2021-11;0.014752594691321605
8123515208041701633;2021-11;0.042056481859214005
6547872039250784411;2021-10;0.44288221358992014
3931892303497206092;2021-10;0.006374259326221428
3931892303497206092;2021-10;0.006374259326221428
3931892303497206092;2021-11;0.18547489228713576
3931892303497206092;2021-11;0.007246436840006542
6271697692808086495;2021-10;0.006432868916478542
6271697692808086495;2021-10;0.0046205722880721545
6271697692808086495;2021-10;0.006418707755965225
6271697692808086495;2021-11;0.004571044114493918
1616952665234409442;2021-10;0.08082969443155436
1616952665234409442;2021-10;0.08984531321579903
1616952665234409442;2021-11;0.14595562820114857
1616952665234409442;2021-11;0.09519121897322533
8548612698724688238;2021-10;0.008267480687860759
6633838062940819075;2021-10;0.005543676560594162
6633838062940819075;2021-10;0.0034400312485228157
6633838062940819075;2021-11;0.0030115798061812592
6633838062940819075;2021-11;0.003115594629134034
6633838062940819075;2021-11;0.003620497995941733
3093415403379897112;2021-10;0.0009919119171403394
3093415403379897112;2021-10;0.001347102734827789
3093415403379897112;2021-11;0.0008568565121958704
3093415403379897112;2021-11;0.0008272585198735414
4785355632922927313;2021-10;0.07668745722452197
4785355632922927313;2021-10;0.07509749656279632
4785355632922927313;2021-10;0.8143177879234904
4785355632922927313;2021-10;0.2790558335639319
4785355632922927313;2021-11;0.1418573129492341
4785355632922927313;2021-11;0.13646951448398312
8748106677402909629;2021-10;0.01449824369852635
1036256411320325774;2021-10;0.0019072964914284125
1036256411320325774;2021-10;0.0021450404900856413
1036256411320325774;2021-10;0.0031159787658337724
1036256411320325774;2021-11;0.0016377132361512941
1036256411320325774;2021-11;0.0016377132361512941
1036256411320325774;2021-11;0.0010160367786623652
1036256411320325774;2021-11;0.0009033118066755373
1036256411320325774;2021-11;0.0010478288003582922
8889055492416898333;2021-10;0.0047891139733508585
8889055492416898333;2021-10;0.08378944780949618
8889055492416898333;2021-11;0.02237908103262724
8889055492416898333;2021-11;0.017405709968339584
8889055492416898333;2021-11;0.05998728222281677
5795100045494475994;2021-10;0.008137471827907226
5795100045494475994;2021-10;0.00541045207393879
5795100045494475994;2021-11;0.005962979073720592
5795100045494475994;2021-11;0.008400940372813788
5726178124659661019;2021-10;0.0003557874072750345
5726178124659661019;2021-10;0.00046573832153516703
5726178124659661019;2021-10;0.0004195770382656628
5726178124659661019;2021-10;0.0004636329389053718
5726178124659661019;2021-11;0.0005020774011619207
5726178124659661019;2021-11;0.000421176312633402
5726178124659661019;2021-11;0.0005020774011619207
5726178124659661019;2021-11;0.00045443253506497513
1235244772550233980;2021-10;0.0017722054334570387
1235244772550233980;2021-10;0.0017722054334570387
1235244772550233980;2021-10;0.0019743200125125287
1235244772550233980;2021-11;0.0016037176293885918
1235244772550233980;2021-11;0.0017531364223586
7664272163315705419;2021-10;0.0024180070061271615
7664272163315705419;2021-10;0.0022614877233644885
7664272163315705419;2021-11;0.003077559493021354
7664272163315705419;2021-11;0.003604522218142982
7664272163315705419;2021-11;0.0017676947627410723
7664272163315705419;2021-11;0.0036517051004422516
7120090169052575663;2021-10;0.00038089309247189585
864510931144626280;2021-10;0.0033869933695260253
864510931144626280;2021-11;0.0019089015306437101
2535803443850893368;2021-10;0.027877407661063964
2535803443850893368;2021-11;0.035614447611758415
4995679129936981612;2021-10;0.2040602616912289
4995679129936981612;2021-10;0.2040602616912289
4995679129936981612;2021-11;0.2229563105478509
7182085930008391174;2021-10;0.0030271353556888887
1002362614649347438;2021-10;0.01625398331240295
1002362614649347438;2021-11;0.017713402545052125
1002362614649347438;2021-11;0.03423162220765547
1002362614649347438;2021-11;0.016462909203404527
5162636608292907782;2021-10;0.01774848008748033
5162636608292907782;2021-10;0.07777810151006445
7347715771145302549;2021-10;0.00021462811560092325
7347715771145302549;2021-10;0.00021813834092719456
7347715771145302549;2021-11;0.0002739645660160973
7347715771145302549;2021-11;0.00022277349435036105
7347715771145302549;2021-11;0.00022052046507479753
6795467882769787169;2021-10;0.002162614831851383
6795467882769787169;2021-10;0.0021987502917561433
6795467882769787169;2021-10;0.0021987502917561433
6795467882769787169;2021-10;0.0021987502917561433
6795467882769787169;2021-11;0.0004074289122702832
6795467882769787169;2021-11;0.0028476072926965634
6795467882769787169;2021-11;0.0004129014218132401
6795467882769787169;2021-11;0.0004725407660640087
621182491555347581;2021-10;0.009203302348871949
621182491555347581;2021-10;0.009264156582153278
621182491555347581;2021-10;0.011916206585177455
621182491555347581;2021-11;0.012612970660193526
6217788509719675691;2021-10;0.0012272064396299874
6217788509719675691;2021-10;0.0012321005581323178
6217788509719675691;2021-11;0.0015264932602157902
6217788509719675691;2021-11;0.0014701995277069007
4858887739802767402;2021-10;0.0003362679308857954
4858887739802767402;2021-11;0.0005848820857131347
3750579377644235511;2021-10;0.05966928200248862
3750579377644235511;2021-10;0.06192607515029684
2532435113844289043;2021-10;0.0011807939413771085
2532435113844289043;2021-10;0.0006396410375567455
2532435113844289043;2021-10;0.0007981777163160967
2532435113844289043;2021-11;0.0011807939413771085
2532435113844289043;2021-11;0.0011807939413771085
2929243640075785940;2021-10;0.0013544588470088945
2929243640075785940;2021-10;0.0013980689532270252
2929243640075785940;2021-10;0.0019192122248989493
2929243640075785940;2021-10;0.0014392496211243031
2929243640075785940;2021-11;0.001830334293307986
4785077903451149834;2021-10;0.6715511976248995
3632378524835692731;2021-10;0.00014510133809247
1119752495905732753;2021-10;0.016311170669578587
7347753999527316260;2021-10;0.4610504371092487
7347753999527316260;2021-11;0.4959768580483757
1998941557906036376;2021-10;0.009654324137762236
1998941557906036376;2021-11;0.015396829087182453
1998941557906036376;2021-11;0.007308416030878065
7395696797140470088;2021-10;0.000641603090558959
7395696797140470088;2021-11;0.000570966126808351
7395696797140470088;2021-11;0.0004733973791885447
4537982850248578883;2021-10;0.0039361423952843245
4537982850248578883;2021-11;0.0016304633562643364
51762959302415533;2021-10;0.1526140315019715
89342157110910412;2021-10;0.004207644648072246
4762256864594914240;2021-10;0.004576595408161109
4762256864594914240;2021-10;0.0022877021893357233
4762256864594914240;2021-11;0.0013716195127554322
4762256864594914240;2021-11;0.0020852601864106072
5888474320320735000;2021-10;0.7342877325496857
2346482557594782345;2021-10;0.005176198118044959
2346482557594782345;2021-10;0.010241520306809575
2346482557594782345;2021-10;0.005222297825463239
3408536439470975134;2021-10;0.00031420667905578885
3408536439470975134;2021-10;0.00031420667905578885
3408536439470975134;2021-10;0.0003478382815794507
3408536439470975134;2021-10;0.00029472335191548416
3408536439470975134;2021-10;0.0003373216894633207
3408536439470975134;2021-11;0.00019359708283881347
3408536439470975134;2021-11;0.00019359708283881347
3408536439470975134;2021-11;0.00018774296526403726
3408536439470975134;2021-11;0.00019359708283881347
5752688018135006198;2021-10;0.004160658858328859
5752688018135006198;2021-11;0.004184922174248414
5752688018135006198;2021-11;0.004119435458328877
9127318190908282126;2021-10;0.0005571965117483308
5271966906483787417;2021-10;0.005930889187860077
1088268935649917461;2021-10;0.005327158991893917
622073912578471754;2021-10;0.09302330204008967
622073912578471754;2021-10;0.09302330204008967
3724562776372632620;2021-10;0.007713724003283569
3724562776372632620;2021-11;0.005331119446351031
2780030912070252968;2021-10;0.04643308970659778
8107542605807471599;2021-10;0.8425545894261695
7468724002190465812;2021-10;0.0009354519770726573
7468724002190465812;2021-11;0.0010276347931684306
2290083177086946553;2021-10;0.004040337637264445
2290083177086946553;2021-10;0.0034809610147493748
2290083177086946553;2021-11;0.005030858605682157
2290083177086946553;2021-11;0.005030858605682157
2290083177086946553;2021-11;0.0036491485045735397
3447213159487287154;2021-10;0.0021040441152742335
3447213159487287154;2021-11;0.004875582352393658
1115703227712697214;2021-10;0.0020535572442329886
1115703227712697214;2021-10;0.0021130199693068547
1115703227712697214;2021-11;0.00445478089230518
1115703227712697214;2021-11;0.0040695388768531016
2214132103234633622;2021-10;0.011558383483396164
2214132103234633622;2021-10;0.010593712110450904
2214132103234633622;2021-10;0.01237806200135525
2214132103234633622;2021-10;0.011558383483396164
2214132103234633622;2021-10;0.013062738161937492
2214132103234633622;2021-11;0.0035227454609223006
2214132103234633622;2021-11;0.0035227454609223006
2214132103234633622;2021-11;0.0038460322330931707
2214132103234633622;2021-11;0.0038460322330931707
4043546053926060305;2021-10;0.5919363360863469
5522764880180045081;2021-10;0.004198387585347754
5522764880180045081;2021-10;0.004198387585347754
5522764880180045081;2021-10;0.004198387585347754
5522764880180045081;2021-10;0.004157011469603597
5432443358006556295;2021-10;0.005235419768370198
5432443358006556295;2021-10;0.004523845714388209
5432443358006556295;2021-11;0.006087086202845959
5432443358006556295;2021-11;0.0053884041608196365
5432443358006556295;2021-11;0.006216469636773634
7818340804682162328;2021-10;0.003990404045869759
7818340804682162328;2021-10;0.003990404045869759
7818340804682162328;2021-11;0.20127109783558175
6731795019313479942;2021-10;0.0035885877506074966
1118514612547157551;2021-10;0.027726999556343224
9206030810342980458;2021-10;0.0007267581336636777
9206030810342980458;2021-10;0.0005697127097335559
9206030810342980458;2021-11;0.00036203612330519715
9206030810342980458;2021-11;0.000333476572665806
9206030810342980458;2021-11;0.0003477227714782605
2951563549197799278;2021-10;0.0018379751777230385
2951563549197799278;2021-11;0.004695868506043757
5301988619224057921;2021-10;0.3889018285825641
5301988619224057921;2021-10;0.41426548670218133
5301988619224057921;2021-11;0.3144035290620201
5301988619224057921;2021-11;0.29681655189419925
5301988619224057921;2021-11;0.3295757537925762
4235078665660987689;2021-10;0.005831473954309105
4235078665660987689;2021-10;0.005536151419572442
4235078665660987689;2021-10;0.005536151419572442
4235078665660987689;2021-11;0.003972808822582484
6276792736652545216;2021-10;0.0010654262163982719
6276792736652545216;2021-11;0.0012970125588017637
1308019675417057675;2021-10;0.0016347973101185163
1308019675417057675;2021-10;0.0016347973101185163
1308019675417057675;2021-10;0.0016347973101185163
1308019675417057675;2021-11;0.0022188161838370773
1308019675417057675;2021-11;0.0024001246477478324
6662531979151878793;2021-10;0.0016532622850352911
6662531979151878793;2021-11;0.0019001824678154785
6662531979151878793;2021-11;0.0019001824678154785
5304536516981778801;2021-10;0.0008796497210454212
5304536516981778801;2021-11;0.000942178391690007
5304536516981778801;2021-11;0.001442357461768056
5304536516981778801;2021-11;0.000942178391690007
8083157716178259762;2021-10;0.0007636620863241127
8083157716178259762;2021-10;0.0009667113629167486
8083157716178259762;2021-10;0.0013349403526734447
8083157716178259762;2021-11;0.0007696599379653309
5198904647759787695;2021-10;0.007716240877885517
1285245417998627607;2021-10;0.7540623972546912
5547032541615425352;2021-10;0.0030676936774358963
5547032541615425352;2021-11;0.003501963904035968
4052557282157719526;2021-10;0.003544918822973706
3027683745465216663;2021-10;0.0038505768830775907
3027683745465216663;2021-11;0.00483112269468162
3027683745465216663;2021-11;0.004812811023759033
6915663759082844184;2021-10;0.1049506626116539
7637066986811047950;2021-10;0.010053011502151208
7637066986811047950;2021-10;0.00985332358696955
6615694774618628402;2021-10;0.03692595962560823
6615694774618628402;2021-11;0.02027998391235443
6098833389547425063;2021-10;0.011526651940484498
6098833389547425063;2021-11;0.007237864310190327
3136129226228632675;2021-10;0.03860543952290158
4395946187332973749;2021-10;0.0035711464798248724
4395946187332973749;2021-11;0.0016323141512650072
6349142675790687765;2021-10;0.34798101675749704
1997130697107291654;2021-10;0.03391813934380017
1997130697107291654;2021-11;0.026555522225258598
3281617395243454427;2021-10;0.010461423924061733
3281617395243454427;2021-10;0.010838776979820936
3281617395243454427;2021-10;0.010839776467653205
3281617395243454427;2021-11;0.01133076090205754
3281617395243454427;2021-11;0.011908340711963606
3281617395243454427;2021-11;0.011908340711963606
1874361799315286610;2021-10;0.0014643603116572524
1874361799315286610;2021-11;0.0019474507311839188
7471183491728700531;2021-10;0.20955034562849303
6987942592445950913;2021-10;0.0005573799016055901
6987942592445950913;2021-11;0.0004906776877981919
6987942592445950913;2021-11;0.0124291088686009
6987942592445950913;2021-11;0.0004803119357458466
6987942592445950913;2021-11;0.0004803119357458466
4495596792165551705;2021-10;0.016605299880724695
7571271990906543121;2021-10;0.01632745795288542
2092588065958607289;2021-10;0.0003914296914243416
2092588065958607289;2021-10;0.00037665701076149404
2092588065958607289;2021-10;0.0005728344013294326
2092588065958607289;2021-11;0.0006613933158066298
2092588065958607289;2021-11;0.0006613933158066298
2092588065958607289;2021-11;0.0006613933158066298
2092588065958607289;2021-11;0.0006290959708269377
6204723742351094322;2021-10;0.0011220670274116858
6204723742351094322;2021-11;0.010919748815571959
6020593949794792044;2021-10;0.0062624963798295925
6020593949794792044;2021-10;0.006309221196520408
6020593949794792044;2021-10;0.006309221196520408
6020593949794792044;2021-10;0.005729183317993365
511305041047444825;2021-10;0.0020064505394677785
511305041047444825;2021-11;0.004676653804787303
835441927760881602;2021-10;0.1322777612351232
835441927760881602;2021-10;0.1322777612351232
835441927760881602;2021-10;0.1472866345794571
835441927760881602;2021-11;0.09633170327250726
2407532237672094312;2021-10;0.01368798941732608
2407532237672094312;2021-11;0.008123081739993824
2407532237672094312;2021-11;0.00973154572619229
2735662700719640627;2021-10;0.022317888562446916
2735662700719640627;2021-11;0.019287677972091917
2735662700719640627;2021-11;0.018598785429679614
8409181491723988567;2021-10;0.002947445820810661
4090195792518021727;2021-10;0.0019163350155972604
4090195792518021727;2021-11;0.001264476625576827
410843023337872279;2021-10;0.001309433702100393
410843023337872279;2021-11;0.0015771379226053688
8926565682509268383;2021-10;0.0015590817931231402
8926565682509268383;2021-10;0.001540262608098528
8926565682509268383;2021-10;0.0025873208197914194
8926565682509268383;2021-10;0.0015055432958709855
8926565682509268383;2021-11;0.0015311118209283354
8926565682509268383;2021-11;0.0015126297411376056
8926565682509268383;2021-11;0.0015311118209283354
8926565682509268383;2021-11;0.0015126297411376056
8926565682509268383;2021-11;0.0015126297411376056
8926565682509268383;2021-11;0.002503715927066612
8926565682509268383;2021-11;0.0015311118209283354
963687627963462983;2021-10;0.0005753459491342488
963687627963462983;2021-10;0.0005263623531848511
963687627963462983;2021-11;0.00019714942298426074
963687627963462983;2021-11;0.00019290780771786964
1078687383992817574;2021-10;0.1853772784223996
8376902089871279815;2021-10;0.0006204694289355332
8376902089871279815;2021-10;0.0006056491224894887
3682570285558758138;2021-10;0.0016825076261520915
3682570285558758138;2021-11;0.0017027900689522949
5799279645678609726;2021-10;0.007442652389593887
5799279645678609726;2021-11;0.014871256750590109
8503092146854371576;2021-10;0.00028078519362485386
8503092146854371576;2021-11;0.037419863808052366
8503092146854371576;2021-11;0.00022611100320575004
8503092146854371576;2021-11;0.00018656656483793826
2012477868296377155;2021-10;0.0024013404490979017
7215093571368368138;2021-10;0.2453072534407275
7215093571368368138;2021-10;0.21915478888703618
7215093571368368138;2021-11;0.5201236385475635
7215093571368368138;2021-11;0.5201236385475635
1678680306005074426;2021-10;0.005079613940298637
1678680306005074426;2021-10;0.005079613940298637
1678680306005074426;2021-11;0.003277875228444252
1678680306005074426;2021-11;0.0031008438973512257
2943087245123311166;2021-10;0.0036865379108336725
2943087245123311166;2021-11;0.010325389774706642
2943087245123311166;2021-11;0.004678466881088233
2943087245123311166;2021-11;0.008641980418326653
2943087245123311166;2021-11;0.0035240643457076465
4165983075385227812;2021-10;0.0008422087034181747
4165983075385227812;2021-10;0.0008940846218715153
4165983075385227812;2021-11;0.003165212163756607
5786895437851445408;2021-10;0.03356624680102044
5786895437851445408;2021-11;0.03851973321948145
5786895437851445408;2021-11;0.037033191256051395
503021894071666233;2021-10;0.0377437933056983
503021894071666233;2021-11;0.033316664152555305
6056959220685085102;2021-10;0.02070814427792116
5993832136957065909;2021-10;0.0030532779333141227
4641659186059167709;2021-10;0.013132516452422398
4641659186059167709;2021-11;0.010734063586132582
4898797487317475277;2021-10;0.008833081559649502
1052398277967427422;2021-10;0.0038097252477665706
1052398277967427422;2021-11;0.0018230857768523955
1052398277967427422;2021-11;0.0018230857768523955
5528372913947954503;2021-10;0.006346723847962103
903093877129717133;2021-10;0.0007189420912692678
903093877129717133;2021-10;0.0007189420912692678
903093877129717133;2021-11;0.0007825638874475949
7529137091657891207;2021-10;0.03130539078343196
3156852928909455203;2021-10;0.0042472381962858135
3156852928909455203;2021-10;0.0042472381962858135
3156852928909455203;2021-11;0.0037988516908109074
510795635145114083;2021-10;0.0029990120567311056
510795635145114083;2021-11;0.002672513665307602
510795635145114083;2021-11;0.002813995783389782
510795635145114083;2021-11;0.002672513665307602
510795635145114083;2021-11;0.002694208437677358
6337915293429442229;2021-10;0.02080759487759571
7908414709866823255;2021-10;0.00680688701424737
7908414709866823255;2021-10;0.007128609663921524
7908414709866823255;2021-11;0.002402039463688558
7908414709866823255;2021-11;0.0020344774068506363
7908414709866823255;2021-11;0.0020344774068506363
7908414709866823255;2021-11;0.0022847002218524437
2347028805684088098;2021-10;0.00017131213959058203
2347028805684088098;2021-11;0.00191662044652132
2347028805684088098;2021-11;0.00020394703943622824
5893903674205161232;2021-10;0.001027414205171676
5893903674205161232;2021-11;0.0009397530945139281
4061297388883391410;2021-10;0.0008568560900571307
4061297388883391410;2021-11;0.0009007414181392016
4061297388883391410;2021-11;0.0008003627042170731
7949169060790541229;2021-10;0.0028117032850938314
6521201759558790083;2021-10;0.0007510698864192988
2209806355660046187;2021-10;0.0016567321434425677
2209806355660046187;2021-11;0.002159326482112559
5358243820364010940;2021-10;0.004051880734976003
1683619849073499603;2021-10;0.007022340833670054
1683619849073499603;2021-11;0.0030202783327683883
1683619849073499603;2021-11;0.05156611283311913
1683619849073499603;2021-11;0.003091087633969009
1683619849073499603;2021-11;0.003091087633969009
6462952350255736003;2021-10;0.002624194715140328
4675067298171588603;2021-10;0.030985963499350837
2250817603281429928;2021-10;0.00015341311416562116
3357976326879346012;2021-10;0.07912114319740494
3357976326879346012;2021-10;0.07912114319740494
5409960473983330744;2021-10;0.0070129748494699015
5409960473983330744;2021-10;0.005115105604684729
5409960473983330744;2021-11;0.006497608812824109
1788369195969129749;2021-10;0.0007115296403809968
5856610998569876318;2021-10;0.0004460002928766816
5856610998569876318;2021-11;0.0006377221262357738
3960251564708868781;2021-10;0.0007119308796080528
3960251564708868781;2021-10;0.0017571790749934513
3960251564708868781;2021-11;0.0033655730311464736
3960251564708868781;2021-11;0.0013069854174088786
8895160610329228780;2021-10;0.003301460379075058
2439954154030259398;2021-10;0.0014418261800453766
2439954154030259398;2021-11;0.0008154574630115283
2439954154030259398;2021-11;0.0008154574630115283
6091519986999196884;2021-10;0.0008021943829884462
7478791630746523220;2021-10;0.10399993473770518
7478791630746523220;2021-10;0.10089268307875575
7478791630746523220;2021-11;0.07892197345482352
8013668117699219722;2021-10;0.007245254134044769
8013668117699219722;2021-11;0.0077983470336282475
8013668117699219722;2021-11;0.00353668660793526
1210783884008131648;2021-10;0.0008406819620463169
1210783884008131648;2021-11;0.0009266361686617743
1210783884008131648;2021-11;0.0009266361686617743
2308217045093677129;2021-10;0.0023983299783909176
2308217045093677129;2021-11;0.0026361109606595876
69766362497027920;2021-10;0.02094837519126998
6754039979151386401;2021-10;0.005677177127791654
5860276371789140450;2021-10;0.053112111382578014
5860276371789140450;2021-11;0.14301561705590002
5860276371789140450;2021-11;0.05113047663104755
1778014915038250584;2021-10;0.06825279366761693
5481711897502154955;2021-10;0.002406560675289167
5481711897502154955;2021-11;0.0032388342350485786
5481711897502154955;2021-11;0.0019617831895068446
6061850657256270336;2021-10;0.0019017482582933184
6061850657256270336;2021-11;0.0014240084082075002
6061850657256270336;2021-11;0.0014240084082075002
8350724667410677464;2021-10;0.005938599746727089
8350724667410677464;2021-11;0.004759454521759551
3387580208304842365;2021-10;0.002636461169349765
3386019519917828299;2021-10;0.0013402364295671723
3386019519917828299;2021-10;0.0012616924546348465
3045840317107313913;2021-10;0.0015963220723981843
3045840317107313913;2021-11;0.0005521229172042178
8680213253228719510;2021-10;0.006042989664121175
7754936094607992857;2021-10;0.006641940974728119
7754936094607992857;2021-11;0.007995099725053528
7754936094607992857;2021-11;0.007597260451334079
2768068015169423097;2021-10;0.014452910160016295
8292458529987016717;2021-10;0.0059156591412642635
8292458529987016717;2021-11;0.0010204121922067352
1543875954928694094;2021-10;0.0005832928324769603
1543875954928694094;2021-11;0.00031258321066886924
652740132671309295;2021-10;0.02638582185016753
652740132671309295;2021-11;0.024584896597942947
652740132671309295;2021-11;0.024584896597942947
5958664040344043635;2021-10;0.003329260346129263
3382609338395832683;2021-10;0.0418600658257197
2106875407768047316;2021-10;0.0006566618035534254
2106875407768047316;2021-11;0.020292678145884698
2106875407768047316;2021-11;0.0008851473642445286
1334091158016312155;2021-10;0.015177478869796004
2554972344348383830;2021-10;0.001890850102436092
2554972344348383830;2021-11;0.0010767119110500728
2554972344348383830;2021-11;0.0017294549115094697
5558533999208199371;2021-10;0.31231940815004783
4524147234488547993;2021-10;0.006366251766936269
4524147234488547993;2021-11;0.004688367304814841
4524147234488547993;2021-11;0.004970518996168189
4569866309119931805;2021-10;0.0027361153097326474
4569866309119931805;2021-11;0.002003929499036499
3161361581909316305;2021-10;0.004088656072155503
3161361581909316305;2021-11;0.0036650049081183296
4095739077267179172;2021-10;0.016837530619755937
4095739077267179172;2021-10;0.017338688707887864
4095739077267179172;2021-11;0.00887430878254164
4095739077267179172;2021-11;0.018362326728652033
8245393384938410770;2021-10;0.0027843461082232026
8245393384938410770;2021-11;0.006306753479631083
8245393384938410770;2021-11;0.005358006266531219
8245393384938410770;2021-11;0.006306753479631083
8245393384938410770;2021-11;0.005358006266531219
8245393384938410770;2021-11;0.005358006266531219
1299146298565441811;2021-10;0.011550926724080158
1299146298565441811;2021-11;0.0033980897707256204
1033361676287635885;2021-10;0.013810955499137615
7260748352873493818;2021-10;0.007432156699816763
7260748352873493818;2021-11;0.005617821745339946
2687720147676132707;2021-10;0.0014622233518372964
2687720147676132707;2021-11;0.0022069567255184495
2687720147676132707;2021-11;0.0026248284261763434
7779268298304613772;2021-10;0.004464713231371178
7779268298304613772;2021-11;0.0019961723836286072
7779268298304613772;2021-11;0.006131894054082362
7779268298304613772;2021-11;0.001852490079507033
7779268298304613772;2021-11;0.001852490079507033
8185063234515056194;2021-10;0.0004651682187125443
8185063234515056194;2021-11;0.0009939428501039703
8185063234515056194;2021-11;0.0008130786054587724
4993499380140734678;2021-10;0.00499439661692133
5687511145009775604;2021-10;0.02884297907774293
5687511145009775604;2021-10;0.02884297907774293
8576047157867370630;2021-10;0.04038139761388978
8576047157867370630;2021-11;0.2559997851652025
3915426102465954493;2021-10;0.00038476929907101446
3915426102465954493;2021-11;0.0004056286754090903
8623308321032624474;2021-10;0.07370368889772627
8623308321032624474;2021-11;0.08380483204724135
180672270337706285;2021-10;0.34434758567278156
7236776406341522879;2021-10;0.0005359624282862484
7236776406341522879;2021-11;0.000428014267757831
4532469127306079736;2021-10;0.0010018822081072792
4532469127306079736;2021-11;0.000885358750610515
2903869860445366876;2021-10;0.001873374610763794
2903869860445366876;2021-11;0.0020027363195422167
1343530446996409207;2021-10;0.0015764154341826743
1343530446996409207;2021-11;0.0013741969661390878
2573553293518763494;2021-10;0.0005684881624617606
2573553293518763494;2021-11;0.0014031104162878232
2573553293518763494;2021-11;0.000863472573626525
4635578010631860111;2021-10;0.0025230317723111306
5465001651966355821;2021-10;0.003893943390687989
5465001651966355821;2021-10;0.0038040892940258944
66220087398241662;2021-10;0.0011680168781767971
66220087398241662;2021-11;0.0010962671192769888
66220087398241662;2021-11;0.0010622930069015138
66220087398241662;2021-11;0.0010800139810208547
5706551050445880395;2021-10;0.6631750541218302
5706551050445880395;2021-11;0.5588200031441093
5706551050445880395;2021-11;0.5371707670363922
6134696632487351445;2021-10;0.0006598167258098275
6134696632487351445;2021-11;0.000663968923739922
6134696632487351445;2021-11;0.000661114087883445
6134696632487351445;2021-11;0.001449566658636867
968400235888951633;2021-10;0.002098714395366402
968400235888951633;2021-11;0.0007699487361762929
1891145854263312840;2021-10;0.10157469329307242
1891145854263312840;2021-11;0.020597508546174165
3283662016127058429;2021-10;0.00275572490876235
3283662016127058429;2021-11;0.004218128150835302
7692335720341018458;2021-10;0.0008381716139392329
7692335720341018458;2021-11;0.001009396592004121
191536915328669008;2021-10;0.4129749398983168
2805743565496207618;2021-10;0.015104871175868107
6030285068945261052;2021-10;0.0005433339960303654
6030285068945261052;2021-11;0.0005810188338616968
6030285068945261052;2021-11;0.0005671402951893554
3095408468798675621;2021-11;0.00035959426451179916
3095408468798675621;2021-11;0.0005016979406158128
3095408468798675621;2021-11;0.0003911575109052545
2678966409665050034;2021-11;0.0005604692691098728
2678966409665050034;2021-11;0.0005604692691098728
2678966409665050034;2021-11;0.0005265075400216175
6528158819463595826;2021-11;0.0008212392117439021
6528158819463595826;2021-11;0.0023983299001261054
3970610368027129821;2021-11;0.0004244255178570396
107343823625119033;2021-11;0.001815784669367498
107343823625119033;2021-11;0.001815784669367498
107343823625119033;2021-11;0.002134864742920454
7444686668183702737;2021-11;0.0005435317256263744
7444686668183702737;2021-11;0.0004960854435750446
7444686668183702737;2021-11;0.00042743265348269444
7444686668183702737;2021-11;0.0004726385952146617
1028630885537616736;2021-11;0.0022999198654572403
8559143756893267192;2021-11;0.03240909608954033
8559143756893267192;2021-11;0.02504797702081296
2191990606593345695;2021-11;0.004178922230476371
6100972975033180377;2021-11;0.001081272725378638
6100972975033180377;2021-11;0.0011555011959721556
6100972975033180377;2021-11;0.0010190317758906676
6100972975033180377;2021-11;0.001053060797776466
4980232475645447238;2021-11;0.0008259312346070945
4980232475645447238;2021-11;0.0006958112035292677
4980232475645447238;2021-11;0.0008548760956892649
792560389712312178;2021-11;0.0006484256783189901
792560389712312178;2021-11;0.0006399852507713967
6643358471662528195;2021-11;0.0003791432685676174
6643358471662528195;2021-11;0.0004020416084394491
271068078606473697;2021-11;0.0009810579206708165
8027035272622701013;2021-11;0.07191371452948574
2522900990060384939;2021-11;0.022384076066575873
2522900990060384939;2021-11;0.02929284791853831
2522900990060384939;2021-11;0.021161045031431736
8274986328479596038;2021-11;0.29259123058396863
5635781225931111684;2021-11;0.0047267259656890645
5635781225931111684;2021-11;0.0047267259656890645
5635781225931111684;2021-11;0.0035246089163638596
5974858472822751652;2021-11;0.0012147015455077651
5974858472822751652;2021-11;0.0012147015455077651
5974858472822751652;2021-11;0.02621744391640388
5974858472822751652;2021-11;0.0011601750360147232
8480109508191086169;2021-11;0.0004957699112613163
8480109508191086169;2021-11;0.0005331212389142736
8480109508191086169;2021-11;0.0004579520871237389
8480109508191086169;2021-11;0.0004661426812376033
5477900120643078645;2021-11;0.00647988851896964
5477900120643078645;2021-11;0.007030437838241362
2278650548373578523;2021-11;0.028240991430500812
7895753719321668294;2021-11;0.0012945758396793801
7895753719321668294;2021-11;0.0007180914601353945
7895753719321668294;2021-11;0.0010811264294405935
4104959289203999917;2021-11;0.0005336602149180789
4104959289203999917;2021-11;0.0005336602149180789
7387419407817356825;2021-11;0.010400827067623334
7442192566700924647;2021-11;0.0001729384541977312
7442192566700924647;2021-11;0.000127233097627842
7442192566700924647;2021-11;0.006418859778675524
7442192566700924647;2021-11;0.00015927846879574466
7442192566700924647;2021-11;0.0001843473685143342
5503073374822479037;2021-11;0.002805100634629156
5503073374822479037;2021-11;0.004824730458228013
7038761645302069945;2021-11;0.0011429212094438946
8004409125524742779;2021-11;0.0025509839965675786
8004409125524742779;2021-11;0.0025509839965675786
460993244124061972;2021-11;0.02085972789527529
2003221759676247813;2021-11;0.00034119987435598685
2003221759676247813;2021-11;0.0003593036498923791
4704892067681576893;2021-11;0.046517305733953976
1420529738304793615;2021-11;0.026759444673110682
5371387005775513675;2021-11;0.009306892900533057
5371387005775513675;2021-11;0.5736183383205683
5371387005775513675;2021-11;0.007553040841201621
7968118679747232249;2021-11;0.1027427578187169
7968118679747232249;2021-11;0.10789345785199309
7968118679747232249;2021-11;0.11384476442431812
1956406515279457110;2021-11;0.023923497383544955
1956406515279457110;2021-11;0.0322429271922577
683445437387317282;2021-11;0.09817055722169302
1430896989654626045;2021-11;0.0024017131094159028
1430896989654626045;2021-11;0.0024017131094159028
1430896989654626045;2021-11;0.10183644405114946
1430896989654626045;2021-11;0.0024017131094159028
1430896989654626045;2021-11;0.0024017131094159028
7816319470107777265;2021-11;0.020114647670351767
7816319470107777265;2021-11;0.009889746244368188
7229721428946324455;2021-11;0.1750740330092853
6216982347344525048;2021-11;0.008272821856928176
5791518044186095039;2021-11;0.0015793365089282355
5791518044186095039;2021-11;0.011623018987423614
7176848230239877915;2021-11;0.000573574141771342
7176848230239877915;2021-11;0.05623082451545026
7176848230239877915;2021-11;0.0006017866993296304
904857901361577913;2021-11;0.0008092753382617772
4956614249204803652;2021-11;0.32296846993084405
1767360303789815418;2021-11;0.0012459930575207962
4130617254899676131;2021-11;0.11596322822047754
3109771318936962520;2021-11;0.015423290123272489
3192341047315717823;2021-11;0.02565555564554358
4831988987853936627;2021-11;0.041402542360091284
1104269683367198574;2021-11;0.03829588619834179
1104269683367198574;2021-11;0.001142193552474356
6909701795322574613;2021-11;0.027243236809487488
4556737702757145073;2021-11;0.019900121681245494
4556737702757145073;2021-11;0.0022438469148338357
7367321179169390502;2021-11;0.6159939886663677
4769364850030443969;2021-11;0.023369485558221686
4769364850030443969;2021-11;0.06548690925198528
2032592272238235730;2021-11;0.7519657227089112
2032592272238235730;2021-11;0.004315034144349171
9016049685460415544;2021-11;0.5902066574577082
226405871752897670;2021-11;0.00022659007035133447
295375823203017296;2021-11;0.0008969404011930967
4820852183212661131;2021-11;0.3517593697744774
4820852183212661131;2021-11;0.01443785441287012
4820852183212661131;2021-11;0.006661065560738629
696014079855281037;2021-11;0.3825797595446089
696014079855281037;2021-11;0.03044784164224751
696014079855281037;2021-11;0.02778938152479956
93982185886107798;2021-11;0.02026370078385255
7041489327620930099;2021-11;0.0028748180311975223
3258345688897172820;2021-11;0.1859677654561837
7889351655716537527;2021-11;0.0040586763861992356
3025708129948185495;2021-11;0.000354233405415852
3025708129948185495;2021-11;0.0004421109988203401
8646472172649019955;2021-11;0.6076158196484618
8646472172649019955;2021-11;0.15388280161807621
8646472172649019955;2021-11;0.15388280161807621
8646472172649019955;2021-11;0.15388280161807621
8646472172649019955;2021-11;0.15388280161807621
531805620371082364;2021-11;0.3556304903134877
8487807876567995441;2021-11;0.16647743122047343
8487807876567995441;2021-11;0.0017227476902791044
8196449005061156808;2021-11;0.0016108122578371098
8196449005061156808;2021-11;0.001449324330241587
8196449005061156808;2021-11;0.00157169880782688
8196449005061156808;2021-11;0.0016177614601714848
8196449005061156808;2021-11;0.00157169880782688
8196449005061156808;2021-11;0.002102233583859734
5448628641564935127;2021-11;0.012118363656143032
6335613629467537085;2021-11;0.4277698894090825
1611146298923153842;2021-11;0.009183906825709002
8510653215962746781;2021-11;0.001379078605543836
7696655736121386405;2021-11;0.007768905388807446
8400764778654490278;2021-11;0.012895389172166627
8400764778654490278;2021-11;0.012895389172166627
6617479989097680138;2021-11;0.021053374352819766
2025898153078562640;2021-11;0.005849148239045615
4919908458022265747;2021-11;0.0025817200700193233
1044946691507317745;2021-11;0.0017898586098186431
1246864346193559124;2021-11;0.013832386433548569
5489089370448387505;2021-11;0.013272637523947408
493667100055938118;2021-11;0.8672595842767282
8248484932270772248;2021-11;0.052530182200406866
3183208564139585182;2021-11;0.872609005301896
4588313530969303734;2021-11;0.026669551372581483
4588313530969303734;2021-11;0.023510457203022663
4588313530969303734;2021-11;0.024722331180331267
2493688222671282470;2021-11;0.0030102638588200485
2493688222671282470;2021-11;0.003151828420412289
9108733472015251498;2021-11;0.0002251737322045729
9108733472015251498;2021-11;0.0002251737322045729
7646606457278894341;2021-11;0.0015727122891542875
238894451665334246;2021-11;0.06030069007704022
1239032704486561936;2021-11;0.7673520833225062
1239032704486561936;2021-11;0.616872357836305
2900002014851776114;2021-11;0.14241638339361065
8535586342375301953;2021-11;0.0007700615555821349
8535586342375301953;2021-11;0.0010286354869579863
8464769152264029983;2021-11;0.0007547983357726389
7457803471605010846;2021-11;0.001428631568755667
5517114603826429870;2021-11;0.0031426870757095392
5757271354816214865;2021-11;0.7399257258006956
7870373680211625064;2021-11;0.005157247331479147
7870373680211625064;2021-11;0.0037103887810829603
7870373680211625064;2021-11;0.004019573065281808
7870373680211625064;2021-11;0.005173236056626446
7870373680211625064;2021-11;0.003797315840499455
5082455700818638342;2021-11;0.04778571831821365
8374461419511631785;2021-11;0.002547708748056314
8374461419511631785;2021-11;0.002241489817300418
4202876623878743806;2021-11;0.004361873002738154
9156666134024889730;2021-11;0.002924365021257308
9156666134024889730;2021-11;0.002924365021257308
8828303152301461681;2021-11;0.020161949356334825
8828303152301461681;2021-11;0.020993094076459922
8511588642284189303;2021-11;0.016339172429030588
5460280878923715699;2021-11;0.0021663696745048725
5714540197488862003;2021-11;0.09169189058227287
5714540197488862003;2021-11;0.09169189058227287
1963239178085807816;2021-11;0.00105618598530412
7221446976321358973;2021-11;0.0017711229452899622
39547025441582855;2021-11;0.008497131587903224
4527499691197377217;2021-11;0.002285331452377072
6089029916190588614;2021-11;0.004899544172511293
1093053069479288753;2021-11;0.07818883791179271
6968106554514688300;2021-11;0.0050706398286902155
7810985951121711480;2021-11;0.004724887161538153
5136739522477907100;2021-11;0.0028730760591055057
1741049493106216406;2021-11;0.0016595504641196354
1741049493106216406;2021-11;0.0016595504641196354
1507697130807703164;2021-11;0.0004602906478015791
1507697130807703164;2021-11;0.000459729978256282
4530631557358349711;2021-11;0.0024891419342103205
4530631557358349711;2021-11;0.0019510672183386641
6547707428090179960;2021-11;0.012808184210346586
6547707428090179960;2021-11;0.005731670188156499
1117184216453911295;2021-11;0.003822455462809159
7722287846688771887;2021-11;0.0019531090316481008
7722287846688771887;2021-11;0.0018375941575665715
7722287846688771887;2021-11;0.0021381470023844927
4166581859919473627;2021-11;0.0077007783702976755
2369364892942408355;2021-11;0.0011950140088031515
4723919748432185874;2021-11;0.0007228606537953533
4512887927067894301;2021-11;0.007347313503698221
4512887927067894301;2021-11;0.007137994208629463
6842075380768862290;2021-11;0.013927502476672009
6842075380768862290;2021-11;0.013421998946681616
665505091521986356;2021-11;0.0009355696606607881
665505091521986356;2021-11;0.0006024239919916299
1533755281771668509;2021-11;0.00040727129916461464
1533755281771668509;2021-11;0.00041659717238302164
5855956854975734380;2021-11;0.0021395241645393373
5855956854975734380;2021-11;0.002222904801797869
3431426889924624821;2021-11;0.02126748639197402
3431426889924624821;2021-11;0.016582400805045746
1269153452773908541;2021-11;0.0021241739088236544
1696462947583294958;2021-11;0.0003549649952654701
1696462947583294958;2021-11;0.0003798618302014198
1738460583932152602;2021-11;0.23527162567083634
7492389223353246125;2021-11;0.023863594171176825
8174633018998080168;2021-11;0.0018939710226462717
6926309382371178621;2021-11;0.000565153553429792
5864443060004179363;2021-11;0.0005491358707392862
5864443060004179363;2021-11;0.0007435660327283388
5864443060004179363;2021-11;0.0005491358707392862
7215053254854713098;2021-11;0.0010020594072878111
1462395707491634845;2021-11;0.7624132372476373
1462395707491634845;2021-11;0.7624132372476373
8843432852270832388;2021-11;0.0006898032820517923
5288503299611498087;2021-11;0.012917483384075093
6284433051333854194;2021-11;0.000542437511254229
6012031176108922616;2021-11;0.008373503866243666
6012031176108922616;2021-11;0.007463987911666268
993334998462320108;2021-11;0.6866728247513243
957773253650890560;2021-11;0.32640212535243457
5613825020130267729;2021-11;0.0003365006741675764
3421433989501830226;2021-11;0.023398366133155768
8332840690177201182;2021-11;0.3565945466434534
6094038865287329652;2021-11;0.7899667199807653
1712483726555581515;2021-11;0.0011290925210761403
1396078312562623766;2021-11;0.08743375580826653
2307201111381758912;2021-11;0.0015532794985200157
1000372849175668062;2021-11;0.0008933483504035709
1129657311668961746;2021-11;0.014726049688182533
780065359501679358;2021-11;0.04835938181292443
121658372387044248;2021-11;0.005668738780000007
798425422240919854;2021-11;0.00030749549361228453
7828430488099134389;2021-11;0.047431954746398136
5726178124659661019;2021-11;0.0004181121794371864
5726178124659661019;2021-11;0.0004926614414695469
5726178124659661019;2021-11;0.0005123844342525423
5726178124659661019;2021-11;0.0004177652001634583
2088532321693492263;2021-11;0.014430221390694019
4679462479444735708;2021-11;0.0015975670239599625
4679462479444735708;2021-11;0.001102658610588075
4679462479444735708;2021-11;0.0015782840301672627
621182491555347581;2021-11;0.011928793121394256
621182491555347581;2021-11;0.01132244426238336
8901696535927078963;2021-11;0.0026966796873957736
8901696535927078963;2021-11;0.0026966796873957736
8901696535927078963;2021-11;0.0025444150836618482
8901696535927078963;2021-11;0.0027769619866573696
8901696535927078963;2021-11;0.0032514540893946453
7444686668183702737;2021-11;0.0004613779068867537
7444686668183702737;2021-11;0.0005501793973008634
2092588065958607289;2021-11;0.0006528724842880138
2092588065958607289;2021-11;0.0006528724842880138
2092588065958607289;2021-11;0.0006528724842880138
2092588065958607289;2021-11;0.0006528724842880138
2092588065958607289;2021-11;0.0006528724842880138
2092588065958607289;2021-11;0.0006528724842880138
4334472256949955221;2021-11;0.0013242121838275079
6893616200284527465;2021-11;0.14976192693652499
7779268298304613772;2021-11;0.005428097008781248
7779268298304613772;2021-11;0.001852490079507033
7779268298304613772;2021-11;0.0019961723836286072
8213533889694327948;2021-11;0.0006140677830856229
8213533889694327948;2021-11;0.0006140677830856229
8213533889694327948;2021-11;0.000366290985580861
7222128416864635362;2021-11;0.1552676029665588
5993765508162121762;2021-11;0.0235403311306943
5993765508162121762;2021-11;0.029439692294705305
5993765508162121762;2021-11;0.0235403311306943
8716163053080758848;2021-11;0.0009298700672693923
8716163053080758848;2021-11;0.001059450246164638
8716163053080758848;2021-11;0.0009298700672693923
1430896989654626045;2021-11;0.0024017131094159028
1430896989654626045;2021-11;0.0024017131094159028
1592581784061157609;2021-11;0.019440353737640286
8536031856585966123;2021-11;0.010011901474562495
8536031856585966123;2021-11;0.009543006571274026
8536031856585966123;2021-11;0.009309184347464135
8536031856585966123;2021-11;0.009309184347464135
7963861799566207637;2021-11;0.0003180627371451656
8123515208041701633;2021-11;0.01471698003673243
8123515208041701633;2021-11;0.04091545182570313
5714540197488862003;2021-11;0.14337071291793713
5714540197488862003;2021-11;0.08405976809526391
5714540197488862003;2021-11;0.07532003738065078
7330131219998265639;2021-11;0.0007287705542546759
7330131219998265639;2021-11;0.0006378374017235365
1951407691087813358;2021-11;0.0009726951953118856
6969348581033924947;2021-11;0.00221518171373572
6969348581033924947;2021-11;0.0023109483132436855
6969348581033924947;2021-11;0.00221518171373572
8374461419511631785;2021-11;0.0017786792008354574
8374461419511631785;2021-11;0.00300224006101132
5136739522477907100;2021-11;0.0029696913531537714
8609938720215175911;2021-11;0.003371105978684818
8609938720215175911;2021-11;0.009855904862916282
5897410907783139228;2021-11;0.0007474989121680684
49632905576538927;2021-11;0.0005901930033391444
3408536439470975134;2021-11;0.0002023630247232623
3408536439470975134;2021-11;0.00019359708283881347
3408536439470975134;2021-11;0.00019359708283881347
3408536439470975134;2021-11;0.0002023630247232623
7664272163315705419;2021-11;0.0021340659325831536
7664272163315705419;2021-11;0.004349934000460534
7664272163315705419;2021-11;0.0020695034391553335
7664272163315705419;2021-11;0.002106450676827525
8596605705893456305;2021-11;0.1770695832434067
8596605705893456305;2021-11;0.14514751534485154
1551531256789550891;2021-11;0.0016215040437182724
792560389712312178;2021-11;0.0005198524074024936
7403979270048469991;2021-11;0.000739386102082526
1507697130807703164;2021-11;0.0003763882268887965
1507697130807703164;2021-11;0.0003721698990322169
410843023337872279;2021-11;0.0038680905310491975
7231408738455755015;2021-11;0.6845388757547382
7686361238195690925;2021-11;0.0009561323298170347
4661684997487171886;2021-11;0.0026555619458185874
4661684997487171886;2021-11;0.0006115559831357842
4661684997487171886;2021-11;0.0006562591376156134
4661684997487171886;2021-11;0.001527727711039204
4661684997487171886;2021-11;0.0015425707625732466
8926565682509268383;2021-11;0.0011911215704290062
8926565682509268383;2021-11;0.0011911215704290062
8013668117699219722;2021-11;0.008832966444880467
8173830874846355280;2021-11;0.00022091165755480844
8173830874846355280;2021-11;0.0002178918462300744
8173830874846355280;2021-11;0.00021409354381414313
8173830874846355280;2021-11;0.00022895214323614185
8173830874846355280;2021-11;0.0002178918462300744
3977861004707764824;2021-11;0.007027213671885115
3977861004707764824;2021-11;0.006609673672261865
3977861004707764824;2021-11;0.004209101125758428
3977861004707764824;2021-11;0.003958339045035913
3977861004707764824;2021-11;0.007027213671885115
3977861004707764824;2021-11;0.006609673672261865
3812760626052898456;2021-11;0.0006727859190884651
1106971614386004604;2021-11;0.022442310383828233
1106971614386004604;2021-11;0.022442310383828233
8348574220426911086;2021-11;0.0033433022150474675
7268895973869107930;2021-11;0.0003053083803703458
7268895973869107930;2021-11;0.00030236609881615154
7268895973869107930;2021-11;0.00030236609881615154
7268895973869107930;2021-11;0.00029344223941409314
4831988987853936627;2021-11;0.0013335087917557189
984915269987074754;2021-11;0.00016210363788326165
984915269987074754;2021-11;0.000203922290410642
7269781193318890653;2021-11;0.0012975195494685182
7269781193318890653;2021-11;0.0011172892259979058
7269781193318890653;2021-11;0.0013374669545451684
7269781193318890653;2021-11;0.0011282015148903798
7085295800541340563;2021-11;0.001791836221085021
7085295800541340563;2021-11;0.006514955040361895
7930925883736021864;2021-11;0.00014027549147301954
7930925883736021864;2021-11;0.0003578529344797264
7930925883736021864;2021-11;0.00014027549147301954
7930925883736021864;2021-11;0.00041206143916981984
1235244772550233980;2021-11;0.0016037176293885918
1235244772550233980;2021-11;0.0016037176293885918
3355881107559250653;2021-11;0.00021780957553028116
3355881107559250653;2021-11;0.00022655654676748645
3355881107559250653;2021-11;0.0002334039001507296
3355881107559250653;2021-11;0.00024069923965368232
3355881107559250653;2021-11;0.00021780957553028116
3355881107559250653;2021-11;0.0002124448233996263
5481711897502154955;2021-11;0.0020068932233522434
5481711897502154955;2021-11;0.0032388342350485786
2290083177086946553;2021-11;0.0037750091960244464
1366416810235233769;2021-11;0.000510834061697966
1156053485989336481;2021-11;0.025119897993884522
1156053485989336481;2021-11;0.021178007441348196
1156053485989336481;2021-11;0.025119897993884522
1156053485989336481;2021-11;0.025119897993884522
1156053485989336481;2021-11;0.023248152173951864
1156053485989336481;2021-11;0.025119897993884522
1156053485989336481;2021-11;0.025119897993884522
1156053485989336481;2021-11;0.025119897993884522
1192891347324061812;2021-11;0.0013869707187122
1192891347324061812;2021-11;0.0012480176219452498
1192891347324061812;2021-11;0.0013869707187122
1192891347324061812;2021-11;0.0015630466700090112
5761480994209806499;2021-11;0.00013588711652596578
5761480994209806499;2021-11;0.00013588711652596578
5761480994209806499;2021-11;0.00013588711652596578
5761480994209806499;2021-11;0.0001356538909559312
5761480994209806499;2021-11;0.00013588711652596578
5761480994209806499;2021-11;0.00012703731887630506
5761480994209806499;2021-11;0.0001363504360693872
5761480994209806499;2021-11;0.00012745955378113508
5761480994209806499;2021-11;0.00013588711652596578
2397171153213063761;2021-11;0.000510191852786806
2397171153213063761;2021-11;0.000526523925533868
2397171153213063761;2021-11;0.000510191852786806
2397171153213063761;2021-11;0.000510191852786806
6858769421191999702;2021-11;0.0036329232030851396
6858769421191999702;2021-11;0.0036329232030851396
5409960473983330744;2021-11;0.013217466517482814
5409960473983330744;2021-11;0.013217466517482814
3543162424793477785;2021-11;0.015559303673541884
7908414709866823255;2021-11;0.002410398328045619
7908414709866823255;2021-11;0.0021825238123656682
7908414709866823255;2021-11;0.0022847002218524437
7120090169052575663;2021-11;0.00043525951129294127
7120090169052575663;2021-11;0.00043525951129294127
7665801401860589626;2021-11;0.002902420420988572
6968106554514688300;2021-11;0.00328256547760257
8609211777002937758;2021-11;0.001199995900727652
4571290108043699959;2021-11;0.0005988616372072258
6217788509719675691;2021-11;0.0033669195537281644
6217788509719675691;2021-11;0.001528598475325817
6217788509719675691;2021-11;0.0016359095677977306
6053752047545474051;2021-11;0.0015299099121380841
6053752047545474051;2021-11;0.0017025118868780357
8529899700094903171;2021-11;0.004761206113208833
8529899700094903171;2021-11;0.004758812426179111
8529899700094903171;2021-11;0.004761206113208833
8529899700094903171;2021-11;0.003599881417255766
8529899700094903171;2021-11;0.004961878797097554
8529899700094903171;2021-11;0.003599881417255766
8292458529987016717;2021-11;0.0014146368632628604
3045840317107313913;2021-11;0.0005667949489885226
3045840317107313913;2021-11;0.0005667949489885226
3045840317107313913;2021-11;0.0007623504312720316
2347028805684088098;2021-11;0.00016847539912663364
2347028805684088098;2021-11;0.00020023328624769663
903093877129717133;2021-11;0.0010470529568939167
903093877129717133;2021-11;0.0010286656916714293
903093877129717133;2021-11;0.0009479536329661869
903093877129717133;2021-11;0.0010470529568939167
7485107528960607346;2021-11;0.05868484594899221
7468724002190465812;2021-11;0.0009057295789383063
6987942592445950913;2021-11;0.0004966505742750686
1044946691507317745;2021-11;0.001706346573179979
4537982850248578883;2021-11;0.002768818786049371
1617695035450525647;2021-11;0.00020282370583917902
1617695035450525647;2021-11;0.0003602556391608556
1617695035450525647;2021-11;0.00053416094157562
1617695035450525647;2021-11;0.0002217163474031819
5082813456193598086;2021-11;0.0010334199555857386
5082813456193598086;2021-11;0.0006864469767077528
6349142675790687765;2021-11;0.471205821792282
7751080728852739823;2021-11;0.001478675401256218
257162352336759783;2021-11;0.0013603481139162757
257162352336759783;2021-11;0.0009172359118248349
1269153452773908541;2021-11;0.0020373214715703977
8464809590757561185;2021-11;0.0011066618949519536
4045739494965095560;2021-11;0.0012258135944593414
4045739494965095560;2021-11;0.0012258135944593414
8889055492416898333;2021-11;0.21311410217988588
8889055492416898333;2021-11;0.014969053018442367
8889055492416898333;2021-11;0.011800402325731634
6394935036014530592;2021-11;0.0015005839176208894
6394935036014530592;2021-11;0.0012904954670642417
6916556752218696485;2021-11;0.0004216801219875063
6916556752218696485;2021-11;0.00043805474618270233
6916556752218696485;2021-11;0.0004637364444064795
6916556752218696485;2021-11;0.0004896264702060236
665505091521986356;2021-11;0.0022506535785180616
8961924617442201922;2021-11;0.0008391296291443775
312543480920432545;2021-11;0.00016952075313054037
312543480920432545;2021-11;0.00016952075313054037
312543480920432545;2021-11;0.00016140636854642044
6927178425683104769;2021-11;0.0014515917908659885
6927178425683104769;2021-11;0.0006282784976435138
6927178425683104769;2021-11;0.0007057373391128161
7613717984547031729;2021-11;0.0007783428172859177
7613717984547031729;2021-11;0.000753391788188323
7613717984547031729;2021-11;0.000434240708793606
5304536516981778801;2021-11;0.0016656417284099906
5304536516981778801;2021-11;0.001140683641192282
2780030912070252968;2021-11;0.0714619294099111
9205015186723569289;2021-11;0.029416563385231975
6330043096034525408;2021-11;0.03888362194135667
3137879241768961145;2021-11;0.0006087738364396377
4414438591613884911;2021-11;0.0023837734584416
5373371196946859811;2021-11;0.012370454035158239
8874257794774679816;2021-11;0.00045596330318303265
8874257794774679816;2021-11;0.00045596330318303265
6784879562354696650;2021-11;0.003863478368338842
8195468623809753777;2021-11;0.00175882706664793
8195468623809753777;2021-11;0.00175882706664793
5225029212547588718;2021-11;0.00729086753362196
5225029212547588718;2021-11;0.007023960215967503
5225029212547588718;2021-11;0.007208778893132711
4724876423989598202;2021-11;0.0012998314074849206
4724876423989598202;2021-11;0.00048156790799080013
6284433051333854194;2021-11;0.0008349707073628355
6284433051333854194;2021-11;0.0005421193448221726
417157680860985231;2021-11;0.0002711519055748788
7395696797140470088;2021-11;0.0004476443280851369
7395696797140470088;2021-11;0.0004791876831087157
2687720147676132707;2021-11;0.0043188018022048925
3631603567749349715;2021-11;0.0012706229101318656
2032592272238235730;2021-11;0.006808414587143757
2032592272238235730;2021-11;0.004462966147950119
6238903426443761049;2021-11;0.007076848157320757
6238903426443761049;2021-11;0.004417389146671166
6238903426443761049;2021-11;0.004449461715575115
6471448246085839373;2021-11;0.0010640864067367828
3472934456083131714;2021-11;0.0016504397475014128
3472934456083131714;2021-11;0.0010359541198341011
4740535838297269949;2021-11;0.0008413710541238881
4740535838297269949;2021-11;0.0007835024772151744
6582676833651678345;2021-11;0.00034872923606251593
6582676833651678345;2021-11;0.00034872923606251593
6582676833651678345;2021-11;0.0005377181855781996
324916756972236008;2021-11;0.0014802411719767414
324916756972236008;2021-11;0.0014322624657009428
324916756972236008;2021-11;0.0014658960673344323
2658946240987854807;2021-11;0.0006511230082050344
2658946240987854807;2021-11;0.000683213771689607
5042877476420217533;2021-11;0.0009574810181762955
1003144834589372198;2021-11;0.0009421776542047652
4635578010631860111;2021-11;0.0016435575308956316
5462970244186515758;2021-11;0.0003296900455720942
5462970244186515758;2021-11;0.0004225224974082661
5462970244186515758;2021-11;0.00042655917736738984
7182085930008391174;2021-11;0.002604733601455603
6352592240901579272;2021-11;0.0012059421943728936
7710364735942975505;2021-11;0.0014903388889337507
5460280878923715699;2021-11;0.0021908587612518736
5460280878923715699;2021-11;0.0016255279462702944
93982185886107798;2021-11;0.0013239358885516683
8080988579391900405;2021-11;0.001218578453107186
7397206777205091443;2021-11;0.004046533256617612
968199235777440720;2021-11;0.5201909864194525
968199235777440720;2021-11;0.0037856255552160567
968199235777440720;2021-11;0.002441339978661718
2771214050521171719;2021-11;0.0002894658559021825
2771214050521171719;2021-11;0.001162371927737388
6448580780254847411;2021-11;0.0006982895818896739
8706851346184249504;2021-11;0.0008549466400594422
6532139198609901627;2021-11;0.000527407960542572
3591324331706630867;2021-11;0.013381107718896574
1182975716201409626;2021-11;0.0005552011027984724
1182975716201409626;2021-11;0.0006754322679796415
1182975716201409626;2021-11;0.0006754322679796415
4641659186059167709;2021-11;0.010033146709216616
5611787644735474299;2021-11;0.0007146604355193139
5611787644735474299;2021-11;0.0006745029204139267
5611787644735474299;2021-11;0.0016733829977152886
5611787644735474299;2021-11;0.0006677699315358924
5611787644735474299;2021-11;0.0007090692609596001
2634859679238614382;2021-11;0.0013656505512290714
2634859679238614382;2021-11;0.0018729698012067521
2634859679238614382;2021-11;0.0015901632752632993
6486277549325701534;2021-11;0.0009090138215821816
6486277549325701534;2021-11;0.0009090138215821816
8623308321032624474;2021-11;0.07922337261844234
3668905663669864663;2021-11;0.0003395106832318169
3668905663669864663;2021-11;0.00040270621585374126
295375823203017296;2021-11;0.0006850292570625341
5271591321704178730;2021-11;0.0031383911348979933
4762256864594914240;2021-11;0.0024916370621895635
2598475569074240783;2021-11;0.002243422627110102
4071158585850879204;2021-11;0.016553231997591435
4071158585850879204;2021-11;0.014736750073317675
5503073374822479037;2021-11;0.004904010743303404
5503073374822479037;2021-11;0.002972990760776126
1741049493106216406;2021-11;0.002132666840163655
2346482557594782345;2021-11;0.005548347368927875
2346482557594782345;2021-11;0.005548347368927875
2346482557594782345;2021-11;0.0053479187062135175
2407532237672094312;2021-11;0.008143868932162535
2407532237672094312;2021-11;0.009756408535176992
5048392903148444335;2021-11;0.022648095904027103
5048392903148444335;2021-11;0.008840546363867531
6198047969028248384;2021-11;0.0009023906252476969
3660744270380078352;2021-11;0.054499827778675826
3660744270380078352;2021-11;0.08301627158701941
3660744270380078352;2021-11;0.02679219848260972
7215053254854713098;2021-11;0.0009682304261593745
8015571584405428572;2021-11;0.0023405840288465924
6118873739225005756;2021-11;0.00019370950633812564
3386019519917828299;2021-11;0.0007919690873454575
3386019519917828299;2021-11;0.0008693011600967317
2900002014851776114;2021-11;0.06666365587021805
7398738404146260251;2021-11;0.0003235212062197715
8313765100460016738;2021-11;0.400087204293675
6547707428090179960;2021-11;0.005892324008998418
710593997981520423;2021-11;0.018238844832018354
8409181491723988567;2021-11;0.0010520827757784395
5108407319813072955;2021-11;0.0039265533595818185
4335865859049992260;2021-11;0.0012464584558233196
6122719618012473549;2021-11;0.0018504763144083236
460993244124061972;2021-11;0.023441000709442706
459290606780222306;2021-11;0.0002045186788376364
459290606780222306;2021-11;0.0002078060379609426
459290606780222306;2021-11;0.0003678410752805437
6276792736652545216;2021-11;0.0012970125588017637
8487807876567995441;2021-11;0.0017748347406390229
8487807876567995441;2021-11;0.003569961021719816
5522764880180045081;2021-11;0.002673614206869276
2191990606593345695;2021-11;0.006254758028106414
2903869860445366876;2021-11;0.0022728013243112355
7347715771145302549;2021-11;0.0002269927166697064
5057726374207815794;2021-11;0.0024051022145697193
1616952665234409442;2021-11;0.13032957373765955
5706551050445880395;2021-11;0.5371707670363922
1454789421854453615;2021-11;0.006673034089672102
3285246914299291124;2021-11;0.0003305902931580794
8733525963966339207;2021-11;0.4146970965384976
4717717003637613480;2021-11;0.0015427359752714824
4717717003637613480;2021-11;0.0015197179683970636
3192341047315717823;2021-11;0.04620447618362581
8287608084245946173;2021-11;0.0005547338402381783
9184785003280841216;2021-11;0.003947089795698173
9184785003280841216;2021-11;0.004001768916365037
170089315547146305;2021-11;0.017845040333938227
8196449005061156808;2021-11;0.0014637895511884543
8196449005061156808;2021-11;0.0015310685524239896
8826489829259520138;2021-11;0.0002589569975429877
8826489829259520138;2021-11;0.0001882822895485292
8826489829259520138;2021-11;0.00019427647976380354
8350724667410677464;2021-11;0.00429533025501398
8784237149961904;2021-11;0.0010059137001519032
5635781225931111684;2021-11;0.0038079384061475577
6842075380768862290;2021-11;0.019144674755065018
6842075380768862290;2021-11;0.019374413837288332
4995217181024687397;2021-11;0.0008109970082387117
4723919748432185874;2021-11;0.000545411833724214
4723919748432185874;2021-11;0.000545411833724214
4723919748432185874;2021-11;0.00040994202048829975
1977574645216036803;2021-11;0.1923347854679127
1343530446996409207;2021-11;0.0014789355918907532
9206030810342980458;2021-11;0.0002978986329339816
9206030810342980458;2021-11;0.0003034284364963439
9052787288251876909;2021-11;0.00025978782530517423
9052787288251876909;2021-11;0.0001897415478724647
3156852928909455203;2021-11;0.0037988516908109074
3156852928909455203;2021-11;0.0037988516908109074
7595945751692012281;2021-11;0.0030374063216718405
1678680306005074426;2021-11;0.00372756572750485
4327694790333781288;2021-11;0.0001122809204027633
4593070249039532001;2021-11;0.00033848561507851587
4593070249039532001;2021-11;0.0003997346613650593
3118152790263512426;2021-11;0.0014434697509595575
1788369195969129749;2021-11;0.00044901586534767246
4342146186255136598;2021-11;0.0005982717086402804
4342146186255136598;2021-11;0.0005982717086402804
2573553293518763494;2021-11;0.0017689364586329355
2573553293518763494;2021-11;0.0013743880472568604
5067621068959932809;2021-11;0.04512675369398752
5067621068959932809;2021-11;0.019354685135808448
2123312420728961012;2021-11;0.00377224704518924
4018182555897034052;2021-11;0.0005401902096973406
4018182555897034052;2021-11;0.00047023760158460394
4018182555897034052;2021-11;0.00047023760158460394
3248432590399829766;2021-11;0.0012090330987352955
4347826483121154490;2021-11;0.0006994873382947689
4347826483121154490;2021-11;0.0006288368643716457
4347826483121154490;2021-11;0.0006010857949424752
2128970218770090704;2021-11;0.0020886994940114674
1052398277967427422;2021-11;0.001620879895346744
8909740532547211288;2021-11;0.001360584180480048
2408009918678280470;2021-11;0.005397206809755369
2408009918678280470;2021-11;0.006174357245242927
2408009918678280470;2021-11;0.005860319143349733
5166128847048245697;2021-11;0.0017526728033309307
6615694774618628402;2021-11;0.022003003089845534
8049805689946244047;2021-11;0.0035590583493651175
6950439982480713649;2021-11;0.08065425515579025
1683619849073499603;2021-11;0.002219693635657231
5440313607363845188;2021-11;0.000490968462509558
9127318190908282126;2021-11;0.0005675820197029437
1117184216453911295;2021-11;0.0034186191920397603
1117184216453911295;2021-11;0.0034186191920397603
1097345589386012260;2021-11;0.0004975039376910155
8004409125524742779;2021-11;0.002072218089907327
4898797487317475277;2021-11;0.03322485027027823
4785355632922927313;2021-11;0.14880215008344191
5752688018135006198;2021-11;0.003271014356247727
1477629972594346481;2021-11;0.02412277504789294
1477629972594346481;2021-11;0.02412277504789294
5477900120643078645;2021-11;0.007044341426493352
2988042199057874759;2021-11;0.003366616333255483
2988042199057874759;2021-11;0.003587795596596272
2988042199057874759;2021-11;0.003366616333255483
4532469127306079736;2021-11;0.000885358750610515
4566920105008626302;2021-11;0.0011970736607025028
4566920105008626302;2021-11;0.0011970736607025028
4566920105008626302;2021-11;0.0008433867675956586
4566920105008626302;2021-11;0.0010652631551355141
5855956854975734380;2021-11;0.0025398364198510035
2929243640075785940;2021-11;0.001821059927415995
5122095358293179297;2021-11;0.0007545622303966722
8255085612985072878;2021-11;0.0005078561101756564
4817816966382229074;2021-11;0.0026321795643728637
6528158819463595826;2021-11;0.0007336288169903299
5287265869592025756;2021-11;0.0015793056022853692
2532435113844289043;2021-11;0.0013323735362808604
5606267905834401873;2021-11;0.0011764062866500146
5606267905834401873;2021-11;0.0005768954396361366
2033394215069562776;2021-11;0.003294111396433428
2033394215069562776;2021-11;0.003485742928701409
904857901361577913;2021-11;0.000633450405731293
3822753345985951756;2021-11;0.0023030243421098954
3822753345985951756;2021-11;0.0021262445237652983
8248484932270772248;2021-11;0.053173852147250164
7828430488099134389;2021-11;0.055227821995335394
682352428813668634;2021-11;0.003441097062295663
682352428813668634;2021-11;0.003441097062295663
510795635145114083;2021-11;0.0028436408378104587
510795635145114083;2021-11;0.002999649822880724
4995679129936981612;2021-11;0.1944251651357377
5176940320835464459;2021-11;0.0007278323261708519
5176940320835464459;2021-11;0.0007946972194085727
5176940320835464459;2021-11;0.0007752103755224972
5176940320835464459;2021-11;0.0007752103755224972
8512214463586144353;2021-11;0.00711464959788686
6721448955097663572;2021-11;0.0017488231068172732
7451017400765373278;2021-11;0.00024609299963895554
6681781879793693802;2021-11;0.000193282943729878
7708030042671632236;2021-11;0.006193231127305724
3698481516392183789;2021-11;0.002806016519265593
7722287846688771887;2021-11;0.0018600394213116821
7722287846688771887;2021-11;0.001547774807770616
7436628409157313756;2021-11;0.0064459880437033575
5448628641564935127;2021-11;0.011034067470034336
2530707686830644666;2021-11;0.004040895069376287
8045116560666679751;2021-11;0.0119123926160204
5303720405946805990;2021-11;0.0004456703800142253
1613152204777372951;2021-11;0.00720420879302127
2508429106201166689;2021-11;0.000585844198025178
2951563549197799278;2021-11;0.002972699776045304
2022367282554149730;2021-11;0.0009051038297050927
8570963260597299378;2021-11;0.0002579623581358119
8570963260597299378;2021-11;0.0002579623581358119
7895753719321668294;2021-11;0.0007180914601353945
2819054834565698513;2021-11;0.003247496662005094
5757271354816214865;2021-11;0.7531545613365795
1292049196559782171;2021-11;0.0013227182933898615
5753677550753111444;2021-11;8.763514097935093e-05
8503092146854371576;2021-11;0.00020834561910847314
113538242419211987;2021-11;0.0029470934121543194
7692330898726665144;2021-11;0.0010738589494117075
5810778736737569699;2021-11;0.020226233668881106
8559143756893267192;2021-11;0.03240909608954033
8536980239903840341;2021-11;0.001770644218399071
8536980239903840341;2021-11;0.0018082207687430526
6545052034269841737;2021-11;0.0012363456133229094
5255460548789019114;2021-11;0.0026983936114944314
7457803471605010846;2021-11;0.0014513963550232165
3997247264680905799;2021-11;0.000509812256540822
3997247264680905799;2021-11;0.0005972346154989115
5732713959930509093;2021-11;0.006095163288041937
924957821424248698;2021-11;0.000365316087209261
1210783884008131648;2021-11;0.00048176282792963745
3036967290595689189;2021-11;0.0011040625508196634
2307201111381758912;2021-11;0.001968320391946078
4235078665660987689;2021-11;0.003623002243496429
3605652314611460806;2021-11;0.0015424081293815273
6722781660631652440;2021-11;0.0059422729106656524
4237135112070444140;2021-11;0.01205359273009522
7442192566700924647;2021-11;0.00019895533247368596
3915426102465954493;2021-11;0.0005956307647215197
1667173444642500307;2021-11;0.015551982201877519
1874361799315286610;2021-11;0.002405907440644115
5358243820364010940;2021-11;0.0018587457071241782
3682570285558758138;2021-11;0.002015025618550894
3095686599956852697;2021-11;0.0012068410719500691
692350198401528327;2021-11;0.0004340324272575624
705648002974742140;2021-11;0.026162229141637846
4993499380140734678;2021-11;0.0033884462497405623
4614484019183480654;2021-11;0.10795103911807494
1299146298565441811;2021-11;0.004657594426165147
4061297388883391410;2021-11;0.0008978306647996432
